time,process,pid,dedicated_mb,shared_mb
2026-10-06T23:41:27.7639238+07:00,asr-worker-vulkan,4456,0,548.6
2026-10-06T23:41:28.9900764+07:00,asr-worker-vulkan,4456,0,558.9
2026-10-06T23:41:30.0253856+07:00,asr-worker-vulkan,4456,0,559.8
2026-10-06T23:41:30.0253856+07:00,llama-server,9508,0,2.3
2026-10-06T23:41:31.0798248+07:00,asr-worker-vulkan,4456,0,559.8
2026-10-06T23:41:31.0798248+07:00,llama-server,9508,0,1463.9
2026-10-06T23:41:32.1255086+07:00,asr-worker-vulkan,4456,0,559.8
2026-10-06T23:41:32.1255086+07:00,llama-server,9508,0,1468.8
2026-10-06T23:41:33.1712809+07:00,asr-worker-vulkan,4456,0,559.8
2026-10-06T23:41:33.1712809+07:00,llama-server,9508,0,1474.5
2026-10-06T23:41:34.2319128+07:00,asr-worker-vulkan,4456,0,559.8
2026-10-06T23:41:34.2319128+07:00,llama-server,9508,0,1474.5
2026-10-06T23:41:35.3235915+07:00,asr-worker-vulkan,4456,0,559.8
2026-10-06T23:41:35.3235915+07:00,llama-server,9508,0,1474.5
2026-10-06T23:41:36.3834950+07:00,asr-worker-vulkan,4456,0,559.8
2026-10-06T23:41:36.3834950+07:00,llama-server,9508,0,1474.5
2026-10-06T23:41:37.4274078+07:00,asr-worker-vulkan,4456,0,559.8
2026-10-06T23:41:37.4274078+07:00,llama-server,9508,0,1474.5
2026-10-06T23:41:38.4725026+07:00,asr-worker-vulkan,4456,0,559.8
2026-10-06T23:41:38.4725026+07:00,llama-server,9508,0,1474.5
2026-10-06T23:41:39.5184111+07:00,asr-worker-vulkan,4456,0,559.8
2026-10-06T23:41:39.5184111+07:00,llama-server,9508,0,1474.5
2026-10-06T23:41:40.5813998+07:00,asr-worker-vulkan,4456,0,559.8
2026-10-06T23:41:40.5813998+07:00,llama-server,9508,0,1474.5
2026-10-06T23:41:41.6239908+07:00,asr-worker-vulkan,4456,0,561.9
2026-10-06T23:41:41.6239908+07:00,llama-server,9508,0,1479.7
2026-10-06T23:41:42.6882065+07:00,asr-worker-vulkan,4456,0,561.9
2026-10-06T23:41:42.6882065+07:00,llama-server,9508,0,1482.3
2026-10-06T23:41:43.7361364+07:00,asr-worker-vulkan,4456,0,561.9
2026-10-06T23:41:43.7361364+07:00,llama-server,9508,0,1482.3
2026-10-06T23:41:44.8031573+07:00,asr-worker-vulkan,4456,0,561.9
2026-10-06T23:41:44.8031573+07:00,llama-server,9508,0,1482.3
2026-10-06T23:41:45.8653746+07:00,asr-worker-vulkan,4456,0,561.9
2026-10-06T23:41:45.8653746+07:00,llama-server,9508,0,1482.3
2026-10-06T23:41:46.9259987+07:00,asr-worker-vulkan,4456,0,561.9
2026-10-06T23:41:46.9259987+07:00,llama-server,9508,0,1482.3
2026-10-06T23:41:47.9846977+07:00,asr-worker-vulkan,4456,0,562.4
2026-10-06T23:41:47.9846977+07:00,llama-server,9508,0,1484.3
2026-10-06T23:41:49.0463315+07:00,asr-worker-vulkan,4456,0,562.4
2026-10-06T23:41:49.0463315+07:00,llama-server,9508,0,1484.5
2026-10-06T23:41:50.1109372+07:00,asr-worker-vulkan,4456,0,562.4
2026-10-06T23:41:50.1109372+07:00,llama-server,9508,0,1484.5
2026-10-06T23:41:51.1691995+07:00,asr-worker-vulkan,4456,0,562.4
2026-10-06T23:41:51.1691995+07:00,llama-server,9508,0,1484.5
2026-10-06T23:41:52.2160925+07:00,asr-worker-vulkan,4456,0,562.4
2026-10-06T23:41:52.2160925+07:00,llama-server,9508,0,1484.5
2026-10-06T23:41:53.2594197+07:00,asr-worker-vulkan,4456,0,562.4
2026-10-06T23:41:53.2594197+07:00,llama-server,9508,0,1484.5
2026-10-06T23:41:54.3163961+07:00,asr-worker-vulkan,4456,0,562.4
2026-10-06T23:41:54.3163961+07:00,llama-server,9508,0,1484.5
2026-10-06T23:41:55.3700690+07:00,asr-worker-vulkan,4456,0,562.4
2026-10-06T23:41:55.3700690+07:00,llama-server,9508,0,1484.8
2026-10-06T23:41:56.4313182+07:00,asr-worker-vulkan,4456,0,562.4
2026-10-06T23:41:56.4313182+07:00,llama-server,9508,0,1484.8
2026-10-06T23:41:57.4920549+07:00,asr-worker-vulkan,4456,0,562.4
2026-10-06T23:41:57.4920549+07:00,llama-server,9508,0,1484.8
2026-10-06T23:41:58.5508811+07:00,asr-worker-vulkan,4456,0,562.4
2026-10-06T23:41:58.5508811+07:00,llama-server,9508,0,1484.8
2026-10-06T23:41:59.6127139+07:00,asr-worker-vulkan,4456,0,562.4
2026-10-06T23:41:59.6127139+07:00,llama-server,9508,0,1484.8
2026-10-06T23:42:00.6555236+07:00,asr-worker-vulkan,4456,0,562.4
2026-10-06T23:42:00.6555236+07:00,llama-server,9508,0,1484.8
2026-10-06T23:42:01.7136785+07:00,asr-worker-vulkan,4456,0,562.4
2026-10-06T23:42:01.7136785+07:00,llama-server,9508,0,1485.2
2026-10-06T23:42:02.7759757+07:00,asr-worker-vulkan,4456,0,562.4
2026-10-06T23:42:02.7759757+07:00,llama-server,9508,0,1485.2
2026-10-06T23:42:03.8330454+07:00,asr-worker-vulkan,4456,0,562.4
2026-10-06T23:42:03.8330454+07:00,llama-server,9508,0,1485.2
2026-10-06T23:42:04.8973979+07:00,asr-worker-vulkan,4456,0,562.4
2026-10-06T23:42:04.8973979+07:00,llama-server,9508,0,1485.2
2026-10-06T23:42:05.9747233+07:00,asr-worker-vulkan,4456,0,562.4
2026-10-06T23:42:05.9747233+07:00,llama-server,9508,0,1485.2
2026-10-06T23:42:07.0524754+07:00,asr-worker-vulkan,4456,0,562.4
2026-10-06T23:42:07.0524754+07:00,llama-server,9508,0,1485.2
2026-10-06T23:42:08.1257750+07:00,asr-worker-vulkan,4456,0,562.4
2026-10-06T23:42:08.1257750+07:00,llama-server,9508,0,1485.2
2026-10-06T23:42:09.1860857+07:00,asr-worker-vulkan,4456,0,562.4
2026-10-06T23:42:09.1860857+07:00,llama-server,9508,0,1485.2
2026-10-06T23:42:10.2494386+07:00,asr-worker-vulkan,4456,0,562.4
2026-10-06T23:42:10.2494386+07:00,llama-server,9508,0,1485.2
2026-10-06T23:42:11.3085298+07:00,asr-worker-vulkan,4456,0,562.4
2026-10-06T23:42:11.3085298+07:00,llama-server,9508,0,1485.2
2026-10-06T23:42:12.3702572+07:00,asr-worker-vulkan,4456,0,562.4
2026-10-06T23:42:12.3702572+07:00,llama-server,9508,0,1485.2
2026-10-06T23:42:13.4306222+07:00,asr-worker-vulkan,4456,0,562.4
2026-10-06T23:42:13.4306222+07:00,llama-server,9508,0,1485.5
2026-10-06T23:42:14.4918588+07:00,asr-worker-vulkan,4456,0,562.4
2026-10-06T23:42:14.4918588+07:00,llama-server,9508,0,1485.5
2026-10-06T23:42:15.5541515+07:00,asr-worker-vulkan,4456,0,562.4
2026-10-06T23:42:15.5541515+07:00,llama-server,9508,0,1485.6
2026-10-06T23:42:16.6125059+07:00,asr-worker-vulkan,4456,0,562.4
2026-10-06T23:42:16.6125059+07:00,llama-server,9508,0,1485.8
2026-10-06T23:42:17.6726475+07:00,asr-worker-vulkan,4456,0,562.4
2026-10-06T23:42:17.6726475+07:00,llama-server,9508,0,1485.8
2026-10-06T23:42:18.7315848+07:00,asr-worker-vulkan,4456,0,562.4
2026-10-06T23:42:18.7315848+07:00,llama-server,9508,0,1486.2
2026-10-06T23:42:19.7893047+07:00,asr-worker-vulkan,4456,0,562.4
2026-10-06T23:42:19.7893047+07:00,llama-server,9508,0,1486.2
2026-10-06T23:42:20.8330022+07:00,asr-worker-vulkan,4456,0,562.4
2026-10-06T23:42:20.8330022+07:00,llama-server,9508,0,1486.8
2026-10-06T23:42:21.8922641+07:00,asr-worker-vulkan,4456,0,562.4
2026-10-06T23:42:21.8922641+07:00,llama-server,9508,0,1486.8
2026-10-06T23:42:22.9548353+07:00,asr-worker-vulkan,4456,0,562.4
2026-10-06T23:42:22.9548353+07:00,llama-server,9508,0,1488
2026-10-06T23:42:24.0104375+07:00,asr-worker-vulkan,4456,0,562.4
2026-10-06T23:42:24.0104375+07:00,llama-server,9508,0,1488
2026-10-06T23:42:25.0692247+07:00,asr-worker-vulkan,4456,0,562.4
2026-10-06T23:42:25.0692247+07:00,llama-server,9508,0,1488.2
2026-10-06T23:42:26.1300609+07:00,asr-worker-vulkan,4456,0,562.4
2026-10-06T23:42:26.1300609+07:00,llama-server,9508,0,1488.2
2026-10-06T23:42:27.1927096+07:00,asr-worker-vulkan,4456,0,562.4
2026-10-06T23:42:27.1927096+07:00,llama-server,9508,0,1488.2
2026-10-06T23:42:28.2604672+07:00,asr-worker-vulkan,4456,0,562.4
2026-10-06T23:42:28.2604672+07:00,llama-server,9508,0,1488.2
2026-10-06T23:42:29.3209165+07:00,asr-worker-vulkan,4456,0,562.4
2026-10-06T23:42:29.3209165+07:00,llama-server,9508,0,1488.2
2026-10-06T23:42:30.3842231+07:00,asr-worker-vulkan,4456,0,562.4
2026-10-06T23:42:30.3842231+07:00,llama-server,9508,0,1488.2
2026-10-06T23:42:31.4295663+07:00,asr-worker-vulkan,4456,0,562.4
2026-10-06T23:42:31.4295663+07:00,llama-server,9508,0,1488.2
2026-10-06T23:42:32.4929473+07:00,asr-worker-vulkan,4456,0,562.4
2026-10-06T23:42:32.4929473+07:00,llama-server,9508,0,1488.5
2026-10-06T23:42:33.5542643+07:00,asr-worker-vulkan,4456,0,562.4
2026-10-06T23:42:33.5542643+07:00,llama-server,9508,0,1488.5
2026-10-06T23:42:34.6138294+07:00,asr-worker-vulkan,4456,0,562.4
2026-10-06T23:42:34.6138294+07:00,llama-server,9508,0,1488.5
2026-10-06T23:42:35.6601488+07:00,asr-worker-vulkan,4456,0,562.4
2026-10-06T23:42:35.6601488+07:00,llama-server,9508,0,1488.5
2026-10-06T23:42:36.7006366+07:00,asr-worker-vulkan,4456,0,562.4
2026-10-06T23:42:36.7006366+07:00,llama-server,9508,0,1488.5
2026-10-06T23:42:37.7585854+07:00,asr-worker-vulkan,4456,0,562.4
2026-10-06T23:42:37.7585854+07:00,llama-server,9508,0,1488.5
2026-10-06T23:42:38.8239400+07:00,asr-worker-vulkan,4456,0,562.4
2026-10-06T23:42:38.8239400+07:00,llama-server,9508,0,1488.5
2026-10-06T23:42:39.8849942+07:00,asr-worker-vulkan,4456,0,562.4
2026-10-06T23:42:39.8849942+07:00,llama-server,9508,0,1488.5
2026-10-06T23:42:40.9337909+07:00,asr-worker-vulkan,4456,0,562.4
2026-10-06T23:42:40.9337909+07:00,llama-server,9508,0,1488.5
2026-10-06T23:42:41.9944141+07:00,asr-worker-vulkan,4456,0,562.4
2026-10-06T23:42:41.9944141+07:00,llama-server,9508,0,1488.8
2026-10-06T23:42:43.0558352+07:00,asr-worker-vulkan,4456,0,562.4
2026-10-06T23:42:43.0558352+07:00,llama-server,9508,0,1488.8
2026-10-06T23:42:44.1151556+07:00,asr-worker-vulkan,4456,0,562.4
2026-10-06T23:42:44.1151556+07:00,llama-server,9508,0,1488.8
2026-10-06T23:42:45.1732984+07:00,asr-worker-vulkan,4456,0,562.4
2026-10-06T23:42:45.1732984+07:00,llama-server,9508,0,1488.8
2026-10-06T23:42:46.2178184+07:00,asr-worker-vulkan,4456,0,562.4
2026-10-06T23:42:46.2178184+07:00,llama-server,9508,0,1488.8
2026-10-06T23:42:47.2624028+07:00,asr-worker-vulkan,4456,0,562.4
2026-10-06T23:42:47.2624028+07:00,llama-server,9508,0,1488.8
2026-10-06T23:42:48.3030284+07:00,asr-worker-vulkan,4456,0,562.4
2026-10-06T23:42:48.3030284+07:00,llama-server,9508,0,1488.8
2026-10-06T23:42:49.3649029+07:00,asr-worker-vulkan,4456,0,562.4
2026-10-06T23:42:49.3649029+07:00,llama-server,9508,0,1491.1
2026-10-06T23:42:50.4241738+07:00,asr-worker-vulkan,4456,0,562.4
2026-10-06T23:42:50.4241738+07:00,llama-server,9508,0,1492
2026-10-06T23:42:51.4831324+07:00,asr-worker-vulkan,4456,0,562.4
2026-10-06T23:42:51.4831324+07:00,llama-server,9508,0,1492
2026-10-06T23:42:52.5468922+07:00,asr-worker-vulkan,4456,0,562.4
2026-10-06T23:42:52.5468922+07:00,llama-server,9508,0,1492
2026-10-06T23:42:53.6059720+07:00,asr-worker-vulkan,4456,0,562.4
2026-10-06T23:42:53.6059720+07:00,llama-server,9508,0,1492
2026-10-06T23:42:54.6665154+07:00,asr-worker-vulkan,4456,0,562.4
2026-10-06T23:42:54.6665154+07:00,llama-server,9508,0,1492
2026-10-06T23:42:55.7254244+07:00,asr-worker-vulkan,4456,0,562.4
2026-10-06T23:42:55.7254244+07:00,llama-server,9508,0,1492
2026-10-06T23:42:56.8169534+07:00,asr-worker-vulkan,4456,0,562.4
2026-10-06T23:42:56.8169534+07:00,llama-server,9508,0,1492
2026-10-06T23:42:57.8756249+07:00,asr-worker-vulkan,4456,0,562.4
2026-10-06T23:42:57.8756249+07:00,llama-server,9508,0,1492
2026-10-06T23:42:58.9359884+07:00,asr-worker-vulkan,4456,0,562.4
2026-10-06T23:42:58.9359884+07:00,llama-server,9508,0,1492.8
2026-10-06T23:43:00.0113924+07:00,asr-worker-vulkan,4456,0,562.4
2026-10-06T23:43:00.0113924+07:00,llama-server,9508,0,1492.8
2026-10-06T23:43:01.0722166+07:00,asr-worker-vulkan,4456,0,562.4
2026-10-06T23:43:01.0722166+07:00,llama-server,9508,0,1492.8
2026-10-06T23:43:02.1184748+07:00,asr-worker-vulkan,4456,0,562.4
2026-10-06T23:43:02.1184748+07:00,llama-server,9508,0,1492.8
2026-10-06T23:43:03.1771684+07:00,asr-worker-vulkan,4456,0,562.4
2026-10-06T23:43:03.1771684+07:00,llama-server,9508,0,1492.8
2026-10-06T23:43:04.2247410+07:00,asr-worker-vulkan,4456,0,562.4
2026-10-06T23:43:04.2247410+07:00,llama-server,9508,0,1493
2026-10-06T23:43:05.3019120+07:00,asr-worker-vulkan,4456,0,562.4
2026-10-06T23:43:05.3019120+07:00,llama-server,9508,0,1493
2026-10-06T23:43:06.3480702+07:00,asr-worker-vulkan,4456,0,562.4
2026-10-06T23:43:06.3480702+07:00,llama-server,9508,0,1493
2026-10-06T23:43:07.4106379+07:00,asr-worker-vulkan,4456,0,562.4
2026-10-06T23:43:07.4106379+07:00,llama-server,9508,0,1493
2026-10-06T23:43:08.4652221+07:00,asr-worker-vulkan,4456,0,562.4
2026-10-06T23:43:08.4652221+07:00,llama-server,9508,0,1493
2026-10-06T23:43:09.5128318+07:00,asr-worker-vulkan,4456,0,562.4
2026-10-06T23:43:09.5128318+07:00,llama-server,9508,0,1493
2026-10-06T23:43:10.5842898+07:00,asr-worker-vulkan,4456,0,562.4
2026-10-06T23:43:10.5842898+07:00,llama-server,9508,0,1493
2026-10-06T23:43:11.6472155+07:00,asr-worker-vulkan,4456,0,562.4
2026-10-06T23:43:11.6472155+07:00,llama-server,9508,0,1493
2026-10-06T23:43:12.6935672+07:00,asr-worker-vulkan,4456,0,562.4
2026-10-06T23:43:12.6935672+07:00,llama-server,9508,0,1493.3
2026-10-06T23:43:13.7519920+07:00,asr-worker-vulkan,4456,0,562.4
2026-10-06T23:43:13.7519920+07:00,llama-server,9508,0,1493.3
2026-10-06T23:43:14.8114062+07:00,asr-worker-vulkan,4456,0,562.4
2026-10-06T23:43:14.8114062+07:00,llama-server,9508,0,1493.3
2026-10-06T23:43:15.8861085+07:00,asr-worker-vulkan,4456,0,562.4
2026-10-06T23:43:15.8861085+07:00,llama-server,9508,0,1493.3
2026-10-06T23:43:16.9455111+07:00,asr-worker-vulkan,4456,0,562.4
2026-10-06T23:43:16.9455111+07:00,llama-server,9508,0,1493.3
2026-10-06T23:43:18.0047750+07:00,asr-worker-vulkan,4456,0,562.4
2026-10-06T23:43:18.0047750+07:00,llama-server,9508,0,1493.5
2026-10-06T23:43:19.0659565+07:00,asr-worker-vulkan,4456,0,562.4
2026-10-06T23:43:19.0659565+07:00,llama-server,9508,0,1493.5
2026-10-06T23:43:20.1279357+07:00,asr-worker-vulkan,4456,0,562.4
2026-10-06T23:43:20.1279357+07:00,llama-server,9508,0,1493.5
2026-10-06T23:43:21.1891153+07:00,asr-worker-vulkan,4456,0,562.4
2026-10-06T23:43:21.1891153+07:00,llama-server,9508,0,1493.5
2026-10-06T23:43:22.2491486+07:00,asr-worker-vulkan,4456,0,562.4
2026-10-06T23:43:22.2491486+07:00,llama-server,9508,0,1493.5
2026-10-06T23:43:23.2930798+07:00,asr-worker-vulkan,4456,0,562.4
2026-10-06T23:43:23.2930798+07:00,llama-server,9508,0,1493.5
2026-10-06T23:43:24.3490713+07:00,asr-worker-vulkan,4456,0,562.4
2026-10-06T23:43:24.3490713+07:00,llama-server,9508,0,1493.5
2026-10-06T23:43:25.3951669+07:00,asr-worker-vulkan,4456,0,562.4
2026-10-06T23:43:25.3951669+07:00,llama-server,9508,0,1493.5
2026-10-06T23:43:26.4678646+07:00,asr-worker-vulkan,4456,0,562.4
2026-10-06T23:43:26.4678646+07:00,llama-server,9508,0,1493.5
2026-10-06T23:43:27.5280957+07:00,asr-worker-vulkan,4456,0,562.4
2026-10-06T23:43:27.5280957+07:00,llama-server,9508,0,1497.1
2026-10-06T23:43:28.5825494+07:00,asr-worker-vulkan,4456,0,562.4
2026-10-06T23:43:28.5825494+07:00,llama-server,9508,0,1497.1
2026-10-06T23:43:29.6513955+07:00,asr-worker-vulkan,4456,0,562.4
2026-10-06T23:43:29.6513955+07:00,llama-server,9508,0,1497.1
2026-10-06T23:43:30.6997540+07:00,asr-worker-vulkan,4456,0,562.4
2026-10-06T23:43:30.6997540+07:00,llama-server,9508,0,1497.1
2026-10-06T23:43:31.7601104+07:00,asr-worker-vulkan,4456,0,562.4
2026-10-06T23:43:31.7601104+07:00,llama-server,9508,0,1497.1
2026-10-06T23:43:32.8204579+07:00,asr-worker-vulkan,4456,0,562.4
2026-10-06T23:43:32.8204579+07:00,llama-server,9508,0,1497.1
2026-10-06T23:43:33.8792139+07:00,asr-worker-vulkan,4456,0,562.4
2026-10-06T23:43:33.8792139+07:00,llama-server,9508,0,1497.1
2026-10-06T23:43:34.9390955+07:00,asr-worker-vulkan,4456,0,562.4
2026-10-06T23:43:34.9390955+07:00,llama-server,9508,0,1497.1
2026-10-06T23:43:36.0020956+07:00,asr-worker-vulkan,4456,0,562.4
2026-10-06T23:43:36.0020956+07:00,llama-server,9508,0,1497.1
2026-10-06T23:43:37.0462194+07:00,asr-worker-vulkan,4456,0,562.4
2026-10-06T23:43:37.0462194+07:00,llama-server,9508,0,1497.1
2026-10-06T23:43:38.1080546+07:00,asr-worker-vulkan,4456,0,562.4
2026-10-06T23:43:38.1080546+07:00,llama-server,9508,0,1497.1
2026-10-06T23:43:39.1689845+07:00,asr-worker-vulkan,4456,0,562.4
2026-10-06T23:43:39.1689845+07:00,llama-server,9508,0,1497.4
2026-10-06T23:43:40.2361672+07:00,asr-worker-vulkan,4456,0,562.4
2026-10-06T23:43:40.2361672+07:00,llama-server,9508,0,1497.4
2026-10-06T23:43:41.2959883+07:00,asr-worker-vulkan,4456,0,562.4
2026-10-06T23:43:41.2959883+07:00,llama-server,9508,0,1497.8
2026-10-06T23:43:42.3701113+07:00,asr-worker-vulkan,4456,0,562.4
2026-10-06T23:43:42.3701113+07:00,llama-server,9508,0,1497.8
2026-10-06T23:43:43.4164006+07:00,asr-worker-vulkan,4456,0,562.4
2026-10-06T23:43:43.4164006+07:00,llama-server,9508,0,1497.8
2026-10-06T23:43:44.4759389+07:00,asr-worker-vulkan,4456,0,562.4
2026-10-06T23:43:44.4759389+07:00,llama-server,9508,0,1497.8
2026-10-06T23:43:45.5343328+07:00,asr-worker-vulkan,4456,0,562.4
2026-10-06T23:43:45.5343328+07:00,llama-server,9508,0,1497.8
2026-10-06T23:43:46.5958975+07:00,asr-worker-vulkan,4456,0,562.4
2026-10-06T23:43:46.5958975+07:00,llama-server,9508,0,1497.8
2026-10-06T23:43:47.6578217+07:00,asr-worker-vulkan,4456,0,562.4
2026-10-06T23:43:47.6578217+07:00,llama-server,9508,0,1497.8
2026-10-06T23:43:48.7033631+07:00,asr-worker-vulkan,4456,0,562.4
2026-10-06T23:43:48.7033631+07:00,llama-server,9508,0,1497.8
2026-10-06T23:43:49.7629560+07:00,asr-worker-vulkan,4456,0,562.4
2026-10-06T23:43:49.7629560+07:00,llama-server,9508,0,1497.8
2026-10-06T23:43:50.8385427+07:00,asr-worker-vulkan,4456,0,562.4
2026-10-06T23:43:50.8385427+07:00,llama-server,9508,0,1498.1
2026-10-06T23:43:51.9010337+07:00,asr-worker-vulkan,4456,0,562.4
2026-10-06T23:43:51.9010337+07:00,llama-server,9508,0,1498.1
2026-10-06T23:43:52.9657048+07:00,asr-worker-vulkan,4456,0,562.4
2026-10-06T23:43:52.9657048+07:00,llama-server,9508,0,1498.1
2026-10-06T23:43:54.0310411+07:00,asr-worker-vulkan,4456,0,562.4
2026-10-06T23:43:54.0310411+07:00,llama-server,9508,0,1498.1
2026-10-06T23:43:55.0900593+07:00,asr-worker-vulkan,4456,0,562.4
2026-10-06T23:43:55.0900593+07:00,llama-server,9508,0,1498.1
2026-10-06T23:43:56.1357369+07:00,asr-worker-vulkan,4456,0,562.4
2026-10-06T23:43:56.1357369+07:00,llama-server,9508,0,1498.1
2026-10-06T23:43:57.1784143+07:00,asr-worker-vulkan,4456,0,562.4
2026-10-06T23:43:57.1784143+07:00,llama-server,9508,0,1498.1
2026-10-06T23:43:58.2217396+07:00,asr-worker-vulkan,4456,0,562.4
2026-10-06T23:43:58.2217396+07:00,llama-server,9508,0,1498.1
2026-10-06T23:43:59.2678120+07:00,asr-worker-vulkan,4456,0,562.4
2026-10-06T23:43:59.2678120+07:00,llama-server,9508,0,1498.1
2026-10-06T23:44:00.3258286+07:00,asr-worker-vulkan,4456,0,562.4
2026-10-06T23:44:00.3258286+07:00,llama-server,9508,0,1498.1
2026-10-06T23:44:01.3719150+07:00,asr-worker-vulkan,4456,0,562.4
2026-10-06T23:44:01.3719150+07:00,llama-server,9508,0,1498.1
2026-10-06T23:44:02.4360828+07:00,asr-worker-vulkan,4456,0,562.4
2026-10-06T23:44:02.4360828+07:00,llama-server,9508,0,1498.1
2026-10-06T23:44:03.4960686+07:00,asr-worker-vulkan,4456,0,562.4
2026-10-06T23:44:03.4960686+07:00,llama-server,9508,0,1498.1
2026-10-06T23:44:04.5526184+07:00,asr-worker-vulkan,4456,0,562.4
2026-10-06T23:44:04.5526184+07:00,llama-server,9508,0,1498.1
2026-10-06T23:44:05.6111889+07:00,asr-worker-vulkan,4456,0,562.4
2026-10-06T23:44:05.6111889+07:00,llama-server,9508,0,1498.1
2026-10-06T23:44:06.6559708+07:00,asr-worker-vulkan,4456,0,562.4
2026-10-06T23:44:06.6559708+07:00,llama-server,9508,0,1498.1
2026-10-06T23:44:07.7177786+07:00,asr-worker-vulkan,4456,0,562.4
2026-10-06T23:44:07.7177786+07:00,llama-server,9508,0,1498.1
2026-10-06T23:44:08.7673957+07:00,asr-worker-vulkan,4456,0,562.4
2026-10-06T23:44:08.7673957+07:00,llama-server,9508,0,1498.1
2026-10-06T23:44:09.8112802+07:00,asr-worker-vulkan,4456,0,562.4
2026-10-06T23:44:09.8112802+07:00,llama-server,9508,0,1499.6
2026-10-06T23:44:10.8743099+07:00,asr-worker-vulkan,4456,0,562.4
2026-10-06T23:44:10.8743099+07:00,llama-server,9508,0,1500.3
2026-10-06T23:44:11.9360357+07:00,asr-worker-vulkan,4456,0,562.4
2026-10-06T23:44:11.9360357+07:00,llama-server,9508,0,1500.3
2026-10-06T23:44:12.9824987+07:00,asr-worker-vulkan,4456,0,562.4
2026-10-06T23:44:12.9824987+07:00,llama-server,9508,0,1500.3
2026-10-06T23:44:14.0439476+07:00,asr-worker-vulkan,4456,0,562.4
2026-10-06T23:44:14.0439476+07:00,llama-server,9508,0,1500.3
2026-10-06T23:44:15.1061014+07:00,asr-worker-vulkan,4456,0,562.4
2026-10-06T23:44:15.1061014+07:00,llama-server,9508,0,1500.3
2026-10-06T23:44:16.1608937+07:00,asr-worker-vulkan,4456,0,562.4
2026-10-06T23:44:16.1608937+07:00,llama-server,9508,0,1500.3
2026-10-06T23:44:17.2055291+07:00,asr-worker-vulkan,4456,0,562.4
2026-10-06T23:44:17.2055291+07:00,llama-server,9508,0,1500.3
2026-10-06T23:44:18.2529906+07:00,asr-worker-vulkan,4456,0,562.4
2026-10-06T23:44:18.2529906+07:00,llama-server,9508,0,1500.3
2026-10-06T23:44:19.3134831+07:00,asr-worker-vulkan,4456,0,562.4
2026-10-06T23:44:19.3134831+07:00,llama-server,9508,0,1500.3
2026-10-06T23:44:20.3586669+07:00,asr-worker-vulkan,4456,0,562.4
2026-10-06T23:44:20.3586669+07:00,llama-server,9508,0,1500.3
2026-10-06T23:44:21.4187819+07:00,asr-worker-vulkan,4456,0,562.4
2026-10-06T23:44:21.4187819+07:00,llama-server,9508,0,1500.5
2026-10-06T23:44:22.4776180+07:00,asr-worker-vulkan,4456,0,562.4
2026-10-06T23:44:22.4776180+07:00,llama-server,9508,0,1500.5
2026-10-06T23:44:23.5244648+07:00,asr-worker-vulkan,4456,0,562.4
2026-10-06T23:44:23.5244648+07:00,llama-server,9508,0,1500.5
2026-10-06T23:44:24.5991490+07:00,asr-worker-vulkan,4456,0,562.4
2026-10-06T23:44:24.5991490+07:00,llama-server,9508,0,1500.5
2026-10-06T23:44:25.6432051+07:00,asr-worker-vulkan,4456,0,562.4
2026-10-06T23:44:25.6432051+07:00,llama-server,9508,0,1500.5
2026-10-06T23:44:26.7000200+07:00,asr-worker-vulkan,4456,0,562.4
2026-10-06T23:44:26.7000200+07:00,llama-server,9508,0,1500.5
2026-10-06T23:44:27.7603401+07:00,asr-worker-vulkan,4456,0,562.4
2026-10-06T23:44:27.7603401+07:00,llama-server,9508,0,1500.5
2026-10-06T23:44:28.8333362+07:00,asr-worker-vulkan,4456,0,562.4
2026-10-06T23:44:28.8333362+07:00,llama-server,9508,0,1500.5
2026-10-06T23:44:29.8961838+07:00,asr-worker-vulkan,4456,0,562.4
2026-10-06T23:44:29.8961838+07:00,llama-server,9508,0,1500.5
2026-10-06T23:44:30.9561996+07:00,asr-worker-vulkan,4456,0,562.4
2026-10-06T23:44:30.9561996+07:00,llama-server,9508,0,1500.5
2026-10-06T23:44:32.0197818+07:00,asr-worker-vulkan,4456,0,562.4
2026-10-06T23:44:32.0197818+07:00,llama-server,9508,0,1500.5
2026-10-06T23:44:33.0645818+07:00,asr-worker-vulkan,4456,0,562.4
2026-10-06T23:44:33.0645818+07:00,llama-server,9508,0,1500.5
2026-10-06T23:44:34.1305625+07:00,asr-worker-vulkan,4456,0,562.4
2026-10-06T23:44:34.1305625+07:00,llama-server,9508,0,1500.5
2026-10-06T23:44:35.2042497+07:00,asr-worker-vulkan,4456,0,562.4
2026-10-06T23:44:35.2042497+07:00,llama-server,9508,0,1500.5
2026-10-06T23:44:36.2468095+07:00,asr-worker-vulkan,4456,0,562.4
2026-10-06T23:44:36.2468095+07:00,llama-server,9508,0,1500.8
2026-10-06T23:44:37.3014626+07:00,llama-server,9508,0,1501
2026-10-06T23:44:38.3646425+07:00,asr-worker-vulkan,16296,0,184.3
2026-10-06T23:44:39.4257970+07:00,asr-worker-vulkan,16296,0,559.8
2026-10-06T23:44:39.4257970+07:00,llama-server,22040,0,1278.6
2026-10-06T23:44:40.4990812+07:00,asr-worker-vulkan,16296,0,559.8
2026-10-06T23:44:40.4990812+07:00,llama-server,22040,0,1474.5
2026-10-06T23:44:41.5431309+07:00,asr-worker-vulkan,16296,0,559.8
2026-10-06T23:44:41.5431309+07:00,llama-server,22040,0,1474.5
2026-10-06T23:44:42.6052889+07:00,asr-worker-vulkan,16296,0,559.8
2026-10-06T23:44:42.6052889+07:00,llama-server,22040,0,1474.5
2026-10-06T23:44:43.6673793+07:00,asr-worker-vulkan,16296,0,559.8
2026-10-06T23:44:43.6673793+07:00,llama-server,22040,0,1474.5
2026-10-06T23:44:44.7254234+07:00,asr-worker-vulkan,16296,0,559.8
2026-10-06T23:44:44.7254234+07:00,llama-server,22040,0,1474.5
2026-10-06T23:44:45.7886000+07:00,asr-worker-vulkan,16296,0,559.8
2026-10-06T23:44:45.7886000+07:00,llama-server,22040,0,1474.5
2026-10-06T23:44:46.8327029+07:00,asr-worker-vulkan,16296,0,561.9
2026-10-06T23:44:46.8327029+07:00,llama-server,22040,0,1478.7
2026-10-06T23:44:47.9007807+07:00,asr-worker-vulkan,16296,0,561.9
2026-10-06T23:44:47.9007807+07:00,llama-server,22040,0,1478.7
2026-10-06T23:44:48.9619075+07:00,asr-worker-vulkan,16296,0,561.9
2026-10-06T23:44:48.9619075+07:00,llama-server,22040,0,1478.7
2026-10-06T23:44:50.0161037+07:00,asr-worker-vulkan,16296,0,561.9
2026-10-06T23:44:50.0161037+07:00,llama-server,22040,0,1478.7
2026-10-06T23:44:51.0774832+07:00,asr-worker-vulkan,16296,0,561.9
2026-10-06T23:44:51.0774832+07:00,llama-server,22040,0,1478.7
2026-10-06T23:44:52.1390213+07:00,asr-worker-vulkan,16296,0,561.9
2026-10-06T23:44:52.1390213+07:00,llama-server,22040,0,1478.7
2026-10-06T23:44:53.1893444+07:00,asr-worker-vulkan,16296,0,562.4
2026-10-06T23:44:53.1893444+07:00,llama-server,22040,0,1482.7
2026-10-06T23:44:54.2293794+07:00,asr-worker-vulkan,16296,0,562.4
2026-10-06T23:44:54.2293794+07:00,llama-server,22040,0,1482.7
2026-10-06T23:44:55.2996815+07:00,asr-worker-vulkan,16296,0,562.4
2026-10-06T23:44:55.2996815+07:00,llama-server,22040,0,1482.7
2026-10-06T23:44:56.3788767+07:00,asr-worker-vulkan,16296,0,562.4
2026-10-06T23:44:56.3788767+07:00,llama-server,22040,0,1483.6
2026-10-06T23:44:57.4409665+07:00,asr-worker-vulkan,16296,0,562.4
2026-10-06T23:44:57.4409665+07:00,llama-server,22040,0,1484.7
2026-10-06T23:44:58.5000006+07:00,asr-worker-vulkan,16296,0,562.4
2026-10-06T23:44:58.5000006+07:00,llama-server,22040,0,1484.7
2026-10-06T23:44:59.5399310+07:00,asr-worker-vulkan,16296,0,562.4
2026-10-06T23:44:59.5399310+07:00,llama-server,22040,0,1484.7
2026-10-06T23:45:00.5952608+07:00,asr-worker-vulkan,16296,0,562.4
2026-10-06T23:45:00.5952608+07:00,llama-server,22040,0,1484.7
2026-10-06T23:45:01.6421614+07:00,asr-worker-vulkan,16296,0,562.4
2026-10-06T23:45:01.6421614+07:00,llama-server,22040,0,1484.7
2026-10-06T23:45:02.7020700+07:00,asr-worker-vulkan,16296,0,562.4
2026-10-06T23:45:02.7020700+07:00,llama-server,22040,0,1484.7
2026-10-06T23:45:03.7622592+07:00,asr-worker-vulkan,16296,0,562.4
2026-10-06T23:45:03.7622592+07:00,llama-server,22040,0,1484.7
2026-10-06T23:45:04.8076401+07:00,asr-worker-vulkan,16296,0,562.4
2026-10-06T23:45:04.8076401+07:00,llama-server,22040,0,1484.7
2026-10-06T23:45:05.8706146+07:00,asr-worker-vulkan,16296,0,562.4
2026-10-06T23:45:05.8706146+07:00,llama-server,22040,0,1484.7
2026-10-06T23:45:06.9326045+07:00,asr-worker-vulkan,16296,0,562.4
2026-10-06T23:45:06.9326045+07:00,llama-server,22040,0,1484.7
2026-10-06T23:45:07.9907023+07:00,asr-worker-vulkan,16296,0,562.4
2026-10-06T23:45:07.9907023+07:00,llama-server,22040,0,1484.7
2026-10-06T23:45:09.0564129+07:00,asr-worker-vulkan,16296,0,562.4
2026-10-06T23:45:09.0564129+07:00,llama-server,22040,0,1484.7
2026-10-06T23:45:10.1199120+07:00,asr-worker-vulkan,16296,0,562.4
2026-10-06T23:45:10.1199120+07:00,llama-server,22040,0,1485
2026-10-06T23:45:11.1921857+07:00,asr-worker-vulkan,16296,0,562.4
2026-10-06T23:45:11.1921857+07:00,llama-server,22040,0,1485
2026-10-06T23:45:12.2515235+07:00,asr-worker-vulkan,16296,0,562.4
2026-10-06T23:45:12.2515235+07:00,llama-server,22040,0,1485
2026-10-06T23:45:13.3128903+07:00,asr-worker-vulkan,16296,0,562.4
2026-10-06T23:45:13.3128903+07:00,llama-server,22040,0,1486.4
2026-10-06T23:45:14.3729277+07:00,asr-worker-vulkan,16296,0,562.4
2026-10-06T23:45:14.3729277+07:00,llama-server,22040,0,1486.4
2026-10-06T23:45:15.4194695+07:00,asr-worker-vulkan,16296,0,562.4
2026-10-06T23:45:15.4194695+07:00,llama-server,22040,0,1487.2
2026-10-06T23:45:16.4912171+07:00,asr-worker-vulkan,16296,0,562.4
2026-10-06T23:45:16.4912171+07:00,llama-server,22040,0,1487.2
2026-10-06T23:45:17.5650344+07:00,asr-worker-vulkan,16296,0,562.4
2026-10-06T23:45:17.5650344+07:00,llama-server,22040,0,1487.2
2026-10-06T23:45:18.6269868+07:00,asr-worker-vulkan,16296,0,562.4
2026-10-06T23:45:18.6269868+07:00,llama-server,22040,0,1487.2
2026-10-06T23:45:19.6727738+07:00,asr-worker-vulkan,16296,0,562.4
2026-10-06T23:45:19.6727738+07:00,llama-server,22040,0,1487.2
2026-10-06T23:45:20.7220086+07:00,asr-worker-vulkan,16296,0,562.4
2026-10-06T23:45:20.7220086+07:00,llama-server,22040,0,1489
2026-10-06T23:45:21.7930245+07:00,asr-worker-vulkan,16296,0,562.4
2026-10-06T23:45:21.7930245+07:00,llama-server,22040,0,1490.1
2026-10-06T23:45:22.8537183+07:00,asr-worker-vulkan,16296,0,562.4
2026-10-06T23:45:22.8537183+07:00,llama-server,22040,0,1490.1
2026-10-06T23:45:23.9186259+07:00,asr-worker-vulkan,16296,0,562.4
2026-10-06T23:45:23.9186259+07:00,llama-server,22040,0,1490.1
2026-10-06T23:45:24.9737835+07:00,asr-worker-vulkan,16296,0,562.4
2026-10-06T23:45:24.9737835+07:00,llama-server,22040,0,1490.1
2026-10-06T23:45:26.0206289+07:00,asr-worker-vulkan,16296,0,562.4
2026-10-06T23:45:26.0206289+07:00,llama-server,22040,0,1490.1
2026-10-06T23:45:27.0968306+07:00,asr-worker-vulkan,16296,0,562.4
2026-10-06T23:45:27.0968306+07:00,llama-server,22040,0,1490.5
2026-10-06T23:45:28.1711005+07:00,asr-worker-vulkan,16296,0,562.4
2026-10-06T23:45:28.1711005+07:00,llama-server,22040,0,1490.5
2026-10-06T23:45:29.2298440+07:00,asr-worker-vulkan,16296,0,562.4
2026-10-06T23:45:29.2298440+07:00,llama-server,22040,0,1490.5
2026-10-06T23:45:30.2820133+07:00,asr-worker-vulkan,16296,0,562.4
2026-10-06T23:45:30.2820133+07:00,llama-server,22040,0,1490.5
2026-10-06T23:45:31.3422866+07:00,asr-worker-vulkan,16296,0,562.4
2026-10-06T23:45:31.3422866+07:00,llama-server,22040,0,1490.5
2026-10-06T23:45:32.4070376+07:00,asr-worker-vulkan,16296,0,562.4
2026-10-06T23:45:32.4070376+07:00,llama-server,22040,0,1490.5
2026-10-06T23:45:33.4528785+07:00,asr-worker-vulkan,16296,0,562.4
2026-10-06T23:45:33.4528785+07:00,llama-server,22040,0,1490.5
2026-10-06T23:45:34.4997267+07:00,asr-worker-vulkan,16296,0,562.4
2026-10-06T23:45:34.4997267+07:00,llama-server,22040,0,1490.5
2026-10-06T23:45:35.5491137+07:00,asr-worker-vulkan,16296,0,562.4
2026-10-06T23:45:35.5491137+07:00,llama-server,22040,0,1490.5
2026-10-06T23:45:36.6126761+07:00,asr-worker-vulkan,16296,0,562.4
2026-10-06T23:45:36.6126761+07:00,llama-server,22040,0,1490.5
2026-10-06T23:45:37.6715358+07:00,asr-worker-vulkan,16296,0,562.4
2026-10-06T23:45:37.6715358+07:00,llama-server,22040,0,1490.5
2026-10-06T23:45:38.7490514+07:00,asr-worker-vulkan,16296,0,562.4
2026-10-06T23:45:38.7490514+07:00,llama-server,22040,0,1490.5
2026-10-06T23:45:39.7921153+07:00,asr-worker-vulkan,16296,0,562.4
2026-10-06T23:45:39.7921153+07:00,llama-server,22040,0,1490.5
2026-10-06T23:45:40.8383421+07:00,asr-worker-vulkan,16296,0,562.4
2026-10-06T23:45:40.8383421+07:00,llama-server,22040,0,1490.5
2026-10-06T23:45:41.8988309+07:00,asr-worker-vulkan,16296,0,562.4
2026-10-06T23:45:41.8988309+07:00,llama-server,22040,0,1490.5
2026-10-06T23:45:42.9596926+07:00,asr-worker-vulkan,16296,0,562.4
2026-10-06T23:45:42.9596926+07:00,llama-server,22040,0,1490.5
2026-10-06T23:45:44.0198739+07:00,asr-worker-vulkan,16296,0,562.4
2026-10-06T23:45:44.0198739+07:00,llama-server,22040,0,1490.5
2026-10-06T23:45:45.0793248+07:00,asr-worker-vulkan,16296,0,562.4
2026-10-06T23:45:45.0793248+07:00,llama-server,22040,0,1490.5
2026-10-06T23:45:46.1291579+07:00,asr-worker-vulkan,16296,0,562.4
2026-10-06T23:45:46.1291579+07:00,llama-server,22040,0,1490.5
2026-10-06T23:45:47.1751735+07:00,asr-worker-vulkan,16296,0,562.4
2026-10-06T23:45:47.1751735+07:00,llama-server,22040,0,1493.9
2026-10-06T23:45:48.2405473+07:00,asr-worker-vulkan,16296,0,562.4
2026-10-06T23:45:48.2405473+07:00,llama-server,22040,0,1493.9
2026-10-06T23:45:49.3204510+07:00,asr-worker-vulkan,16296,0,562.4
2026-10-06T23:45:49.3204510+07:00,llama-server,22040,0,1493.9
2026-10-06T23:45:50.3810835+07:00,asr-worker-vulkan,16296,0,562.4
2026-10-06T23:45:50.3810835+07:00,llama-server,22040,0,1493.9
2026-10-06T23:45:51.4308306+07:00,asr-worker-vulkan,16296,0,562.4
2026-10-06T23:45:51.4308306+07:00,llama-server,22040,0,1493.9
2026-10-06T23:45:52.4881327+07:00,asr-worker-vulkan,16296,0,562.4
2026-10-06T23:45:52.4881327+07:00,llama-server,22040,0,1493.9
2026-10-06T23:45:53.5478670+07:00,asr-worker-vulkan,16296,0,562.4
2026-10-06T23:45:53.5478670+07:00,llama-server,22040,0,1493.9
2026-10-06T23:45:54.6149981+07:00,asr-worker-vulkan,16296,0,562.4
2026-10-06T23:45:54.6149981+07:00,llama-server,22040,0,1494.6
2026-10-06T23:45:55.6752457+07:00,asr-worker-vulkan,16296,0,562.4
2026-10-06T23:45:55.6752457+07:00,llama-server,22040,0,1494.6
2026-10-06T23:45:56.7399773+07:00,asr-worker-vulkan,16296,0,562.4
2026-10-06T23:45:56.7399773+07:00,llama-server,22040,0,1494.6
2026-10-06T23:45:57.7976253+07:00,asr-worker-vulkan,16296,0,562.4
2026-10-06T23:45:57.7976253+07:00,llama-server,22040,0,1494.6
2026-10-06T23:45:58.8699521+07:00,asr-worker-vulkan,16296,0,562.4
2026-10-06T23:45:58.8699521+07:00,llama-server,22040,0,1494.6
2026-10-06T23:45:59.9461436+07:00,asr-worker-vulkan,16296,0,562.4
2026-10-06T23:45:59.9461436+07:00,llama-server,22040,0,1494.6
2026-10-06T23:46:01.0047898+07:00,asr-worker-vulkan,16296,0,562.4
2026-10-06T23:46:01.0047898+07:00,llama-server,22040,0,1494.6
2026-10-06T23:46:02.0636370+07:00,asr-worker-vulkan,16296,0,562.4
2026-10-06T23:46:02.0636370+07:00,llama-server,22040,0,1494.6
2026-10-06T23:46:03.1260044+07:00,asr-worker-vulkan,16296,0,562.4
2026-10-06T23:46:03.1260044+07:00,llama-server,22040,0,1494.6
2026-10-06T23:46:04.1884325+07:00,asr-worker-vulkan,16296,0,562.4
2026-10-06T23:46:04.1884325+07:00,llama-server,22040,0,1494.6
2026-10-06T23:46:05.2640604+07:00,asr-worker-vulkan,16296,0,562.4
2026-10-06T23:46:05.2640604+07:00,llama-server,22040,0,1494.6
2026-10-06T23:46:06.3299422+07:00,asr-worker-vulkan,16296,0,562.4
2026-10-06T23:46:06.3299422+07:00,llama-server,22040,0,1494.6
2026-10-06T23:46:07.3904836+07:00,asr-worker-vulkan,16296,0,562.4
2026-10-06T23:46:07.3904836+07:00,llama-server,22040,0,1494.6
2026-10-06T23:46:08.4479370+07:00,asr-worker-vulkan,16296,0,562.4
2026-10-06T23:46:08.4479370+07:00,llama-server,22040,0,1495.1
2026-10-06T23:46:09.4932641+07:00,asr-worker-vulkan,16296,0,562.4
2026-10-06T23:46:09.4932641+07:00,llama-server,22040,0,1495.1
2026-10-06T23:46:10.5384172+07:00,asr-worker-vulkan,16296,0,562.4
2026-10-06T23:46:10.5384172+07:00,llama-server,22040,0,1495.1
2026-10-06T23:46:11.5871359+07:00,asr-worker-vulkan,16296,0,562.4
2026-10-06T23:46:11.5871359+07:00,llama-server,22040,0,1495.1
2026-10-06T23:46:12.6592798+07:00,asr-worker-vulkan,16296,0,562.4
2026-10-06T23:46:12.6592798+07:00,llama-server,22040,0,1495.1
2026-10-06T23:46:13.7169806+07:00,asr-worker-vulkan,16296,0,562.4
2026-10-06T23:46:13.7169806+07:00,llama-server,22040,0,1495.1
2026-10-06T23:46:14.7750166+07:00,asr-worker-vulkan,16296,0,562.4
2026-10-06T23:46:14.7750166+07:00,llama-server,22040,0,1495.1
2026-10-06T23:46:15.8528888+07:00,asr-worker-vulkan,16296,0,562.4
2026-10-06T23:46:15.8528888+07:00,llama-server,22040,0,1495.1
2026-10-06T23:46:16.9112708+07:00,asr-worker-vulkan,16296,0,562.4
2026-10-06T23:46:16.9112708+07:00,llama-server,22040,0,1495.1
2026-10-06T23:46:17.9573346+07:00,asr-worker-vulkan,16296,0,562.4
2026-10-06T23:46:17.9573346+07:00,llama-server,22040,0,1495.1
2026-10-06T23:46:19.0059449+07:00,asr-worker-vulkan,16296,0,562.4
2026-10-06T23:46:19.0059449+07:00,llama-server,22040,0,1495.1
2026-10-06T23:46:20.0615709+07:00,asr-worker-vulkan,16296,0,562.4
2026-10-06T23:46:20.0615709+07:00,llama-server,22040,0,1495.1
2026-10-06T23:46:21.1401325+07:00,asr-worker-vulkan,16296,0,562.4
2026-10-06T23:46:21.1401325+07:00,llama-server,22040,0,1495.1
2026-10-06T23:46:22.1998509+07:00,asr-worker-vulkan,16296,0,562.4
2026-10-06T23:46:22.1998509+07:00,llama-server,22040,0,1495.1
2026-10-06T23:46:23.2645884+07:00,asr-worker-vulkan,16296,0,562.4
2026-10-06T23:46:23.2645884+07:00,llama-server,22040,0,1495.1
2026-10-06T23:46:24.3244072+07:00,asr-worker-vulkan,16296,0,562.4
2026-10-06T23:46:24.3244072+07:00,llama-server,22040,0,1495.1
2026-10-06T23:46:25.3642932+07:00,asr-worker-vulkan,16296,0,562.4
2026-10-06T23:46:25.3642932+07:00,llama-server,22040,0,1495.1
2026-10-06T23:46:26.4277248+07:00,asr-worker-vulkan,16296,0,562.4
2026-10-06T23:46:26.4277248+07:00,llama-server,22040,0,1495.1
2026-10-06T23:46:27.4857850+07:00,asr-worker-vulkan,16296,0,562.4
2026-10-06T23:46:27.4857850+07:00,llama-server,22040,0,1495.1
2026-10-06T23:46:28.5290902+07:00,asr-worker-vulkan,16296,0,562.4
2026-10-06T23:46:28.5290902+07:00,llama-server,22040,0,1495.1
2026-10-06T23:46:29.5726895+07:00,asr-worker-vulkan,16296,0,562.4
2026-10-06T23:46:29.5726895+07:00,llama-server,22040,0,1495.1
2026-10-06T23:46:30.6341621+07:00,asr-worker-vulkan,16296,0,562.4
2026-10-06T23:46:30.6341621+07:00,llama-server,22040,0,1495.1
2026-10-06T23:46:31.6943812+07:00,asr-worker-vulkan,16296,0,562.4
2026-10-06T23:46:31.6943812+07:00,llama-server,22040,0,1495.1
2026-10-06T23:46:32.7537243+07:00,asr-worker-vulkan,16296,0,562.4
2026-10-06T23:46:32.7537243+07:00,llama-server,22040,0,1495.1
2026-10-06T23:46:33.8130364+07:00,asr-worker-vulkan,16296,0,562.4
2026-10-06T23:46:33.8130364+07:00,llama-server,22040,0,1495.1
2026-10-06T23:46:34.8737659+07:00,asr-worker-vulkan,16296,0,562.4
2026-10-06T23:46:34.8737659+07:00,llama-server,22040,0,1495.1
2026-10-06T23:46:35.9183607+07:00,asr-worker-vulkan,16296,0,562.4
2026-10-06T23:46:35.9183607+07:00,llama-server,22040,0,1495.1
2026-10-06T23:46:36.9762424+07:00,asr-worker-vulkan,16296,0,562.4
2026-10-06T23:46:36.9762424+07:00,llama-server,22040,0,1495.1
2026-10-06T23:46:38.0342693+07:00,asr-worker-vulkan,16296,0,562.4
2026-10-06T23:46:38.0342693+07:00,llama-server,22040,0,1495.1
2026-10-06T23:46:39.0962750+07:00,asr-worker-vulkan,16296,0,562.4
2026-10-06T23:46:39.0962750+07:00,llama-server,22040,0,1495.1
2026-10-06T23:46:40.1575713+07:00,asr-worker-vulkan,16296,0,562.4
2026-10-06T23:46:40.1575713+07:00,llama-server,22040,0,1495.1
2026-10-06T23:46:41.2160445+07:00,asr-worker-vulkan,16296,0,562.4
2026-10-06T23:46:41.2160445+07:00,llama-server,22040,0,1496
2026-10-06T23:46:42.2802027+07:00,asr-worker-vulkan,16296,0,562.4
2026-10-06T23:46:42.2802027+07:00,llama-server,22040,0,1496
2026-10-06T23:46:43.3427858+07:00,asr-worker-vulkan,16296,0,562.4
2026-10-06T23:46:43.3427858+07:00,llama-server,22040,0,1496
2026-10-06T23:46:44.3936466+07:00,asr-worker-vulkan,16296,0,562.4
2026-10-06T23:46:44.3936466+07:00,llama-server,22040,0,1496
2026-10-06T23:46:45.4548325+07:00,asr-worker-vulkan,16296,0,562.4
2026-10-06T23:46:45.4548325+07:00,llama-server,22040,0,1496
2026-10-06T23:46:46.5216212+07:00,asr-worker-vulkan,16296,0,562.4
2026-10-06T23:46:46.5216212+07:00,llama-server,22040,0,1496
2026-10-06T23:46:47.6004849+07:00,asr-worker-vulkan,16296,0,562.4
2026-10-06T23:46:47.6004849+07:00,llama-server,22040,0,1496
2026-10-06T23:46:48.6611895+07:00,asr-worker-vulkan,16296,0,562.4
2026-10-06T23:46:48.6611895+07:00,llama-server,22040,0,1496
2026-10-06T23:46:49.7216106+07:00,asr-worker-vulkan,16296,0,562.4
2026-10-06T23:46:49.7216106+07:00,llama-server,22040,0,1496
2026-10-06T23:46:50.7799739+07:00,asr-worker-vulkan,16296,0,562.4
2026-10-06T23:46:50.7799739+07:00,llama-server,22040,0,1496
2026-10-06T23:46:51.8412255+07:00,asr-worker-vulkan,16296,0,562.4
2026-10-06T23:46:51.8412255+07:00,llama-server,22040,0,1496
2026-10-06T23:46:52.9135893+07:00,asr-worker-vulkan,16296,0,562.4
2026-10-06T23:46:52.9135893+07:00,llama-server,22040,0,1496
2026-10-06T23:46:53.9762008+07:00,asr-worker-vulkan,16296,0,562.4
2026-10-06T23:46:53.9762008+07:00,llama-server,22040,0,1496
2026-10-06T23:46:55.0379952+07:00,asr-worker-vulkan,16296,0,562.4
2026-10-06T23:46:55.0379952+07:00,llama-server,22040,0,1496
2026-10-06T23:46:56.0826579+07:00,asr-worker-vulkan,16296,0,562.4
2026-10-06T23:46:56.0826579+07:00,llama-server,22040,0,1496
2026-10-06T23:46:57.1417645+07:00,asr-worker-vulkan,16296,0,562.4
2026-10-06T23:46:57.1417645+07:00,llama-server,22040,0,1496
2026-10-06T23:46:58.2165629+07:00,asr-worker-vulkan,16296,0,562.4
2026-10-06T23:46:58.2165629+07:00,llama-server,22040,0,1496
2026-10-06T23:46:59.2735369+07:00,asr-worker-vulkan,16296,0,562.4
2026-10-06T23:46:59.2735369+07:00,llama-server,22040,0,1496.3
2026-10-06T23:47:00.3369402+07:00,asr-worker-vulkan,16296,0,562.4
2026-10-06T23:47:00.3369402+07:00,llama-server,22040,0,1496.3
2026-10-06T23:47:01.3953481+07:00,asr-worker-vulkan,16296,0,562.4
2026-10-06T23:47:01.3953481+07:00,llama-server,22040,0,1496.3
2026-10-06T23:47:02.4409306+07:00,asr-worker-vulkan,16296,0,562.4
2026-10-06T23:47:02.4409306+07:00,llama-server,22040,0,1496.3
2026-10-06T23:47:03.4865848+07:00,asr-worker-vulkan,16296,0,562.4
2026-10-06T23:47:03.4865848+07:00,llama-server,22040,0,1496.3
2026-10-06T23:47:04.5461984+07:00,asr-worker-vulkan,16296,0,562.4
2026-10-06T23:47:04.5461984+07:00,llama-server,22040,0,1496.3
2026-10-06T23:47:05.6037317+07:00,asr-worker-vulkan,16296,0,562.4
2026-10-06T23:47:05.6037317+07:00,llama-server,22040,0,1496.3
2026-10-06T23:47:06.6802206+07:00,asr-worker-vulkan,16296,0,562.4
2026-10-06T23:47:06.6802206+07:00,llama-server,22040,0,1496.3
2026-10-06T23:47:07.7377348+07:00,asr-worker-vulkan,16296,0,562.4
2026-10-06T23:47:07.7377348+07:00,llama-server,22040,0,1496.3
2026-10-06T23:47:08.7979530+07:00,asr-worker-vulkan,16296,0,562.4
2026-10-06T23:47:08.7979530+07:00,llama-server,22040,0,1496.3
2026-10-06T23:47:09.8413673+07:00,asr-worker-vulkan,16296,0,562.4
2026-10-06T23:47:09.8413673+07:00,llama-server,22040,0,1496.3
2026-10-06T23:47:10.9001130+07:00,asr-worker-vulkan,16296,0,562.4
2026-10-06T23:47:10.9001130+07:00,llama-server,22040,0,1496.3
2026-10-06T23:47:11.9590666+07:00,asr-worker-vulkan,16296,0,562.4
2026-10-06T23:47:11.9590666+07:00,llama-server,22040,0,1496.3
2026-10-06T23:47:13.0150348+07:00,asr-worker-vulkan,16296,0,562.4
2026-10-06T23:47:13.0150348+07:00,llama-server,22040,0,1496.3
2026-10-06T23:47:14.0766886+07:00,asr-worker-vulkan,16296,0,562.4
2026-10-06T23:47:14.0766886+07:00,llama-server,22040,0,1496.3
2026-10-06T23:47:15.1396281+07:00,asr-worker-vulkan,16296,0,562.4
2026-10-06T23:47:15.1396281+07:00,llama-server,22040,0,1496.3
2026-10-06T23:47:16.1883543+07:00,asr-worker-vulkan,16296,0,562.4
2026-10-06T23:47:16.1883543+07:00,llama-server,22040,0,1496.3
2026-10-06T23:47:17.2315075+07:00,asr-worker-vulkan,16296,0,562.4
2026-10-06T23:47:17.2315075+07:00,llama-server,22040,0,1496.3
2026-10-06T23:47:18.2951993+07:00,asr-worker-vulkan,16296,0,562.4
2026-10-06T23:47:18.2951993+07:00,llama-server,22040,0,1496.3
2026-10-06T23:47:19.3577190+07:00,asr-worker-vulkan,16296,0,562.4
2026-10-06T23:47:19.3577190+07:00,llama-server,22040,0,1496.3
2026-10-06T23:47:20.4175804+07:00,asr-worker-vulkan,16296,0,562.4
2026-10-06T23:47:20.4175804+07:00,llama-server,22040,0,1496.3
2026-10-06T23:47:21.4775900+07:00,asr-worker-vulkan,16296,0,562.4
2026-10-06T23:47:21.4775900+07:00,llama-server,22040,0,1496.3
2026-10-06T23:47:22.5225265+07:00,asr-worker-vulkan,16296,0,562.4
2026-10-06T23:47:22.5225265+07:00,llama-server,22040,0,1496.3
2026-10-06T23:47:23.5808919+07:00,asr-worker-vulkan,16296,0,562.4
2026-10-06T23:47:23.5808919+07:00,llama-server,22040,0,1496.3
2026-10-06T23:47:24.6244135+07:00,asr-worker-vulkan,16296,0,562.4
2026-10-06T23:47:24.6244135+07:00,llama-server,22040,0,1496.3
2026-10-06T23:47:25.6852381+07:00,asr-worker-vulkan,16296,0,562.4
2026-10-06T23:47:25.6852381+07:00,llama-server,22040,0,1496.3
2026-10-06T23:47:26.7517258+07:00,asr-worker-vulkan,16296,0,562.4
2026-10-06T23:47:26.7517258+07:00,llama-server,22040,0,1496.3
2026-10-06T23:47:27.8098061+07:00,asr-worker-vulkan,16296,0,562.4
2026-10-06T23:47:27.8098061+07:00,llama-server,22040,0,1496.3
2026-10-06T23:47:28.8714323+07:00,asr-worker-vulkan,16296,0,562.4
2026-10-06T23:47:28.8714323+07:00,llama-server,22040,0,1496.3
2026-10-06T23:47:29.9280958+07:00,asr-worker-vulkan,16296,0,562.4
2026-10-06T23:47:29.9280958+07:00,llama-server,22040,0,1496.3
2026-10-06T23:47:31.0053059+07:00,asr-worker-vulkan,16296,0,562.4
2026-10-06T23:47:31.0053059+07:00,llama-server,22040,0,1496.3
2026-10-06T23:47:32.0659273+07:00,asr-worker-vulkan,16296,0,562.4
2026-10-06T23:47:32.0659273+07:00,llama-server,22040,0,1496.3
2026-10-06T23:47:33.1128375+07:00,asr-worker-vulkan,16296,0,562.4
2026-10-06T23:47:33.1128375+07:00,llama-server,22040,0,1496.3
2026-10-06T23:47:34.1723850+07:00,asr-worker-vulkan,16296,0,562.4
2026-10-06T23:47:34.1723850+07:00,llama-server,22040,0,1496.3
2026-10-06T23:47:35.2389523+07:00,asr-worker-vulkan,16296,0,562.4
2026-10-06T23:47:35.2389523+07:00,llama-server,22040,0,1496.3
2026-10-06T23:47:36.2865037+07:00,asr-worker-vulkan,16296,0,562.4
2026-10-06T23:47:36.2865037+07:00,llama-server,22040,0,1496.8
2026-10-06T23:47:37.3444821+07:00,asr-worker-vulkan,16296,0,562.4
2026-10-06T23:47:37.3444821+07:00,llama-server,22040,0,1496.8
2026-10-06T23:47:38.4017227+07:00,asr-worker-vulkan,16296,0,562.4
2026-10-06T23:47:38.4017227+07:00,llama-server,22040,0,1496.8
2026-10-06T23:47:39.4456579+07:00,asr-worker-vulkan,16296,0,562.4
2026-10-06T23:47:39.4456579+07:00,llama-server,22040,0,1496.8
2026-10-06T23:47:40.5089782+07:00,asr-worker-vulkan,16296,0,562.4
2026-10-06T23:47:40.5089782+07:00,llama-server,22040,0,1496.8
2026-10-06T23:47:41.5548978+07:00,asr-worker-vulkan,16296,0,562.4
2026-10-06T23:47:41.5548978+07:00,llama-server,22040,0,1496.8
2026-10-06T23:47:42.6158668+07:00,asr-worker-vulkan,16296,0,562.4
2026-10-06T23:47:42.6158668+07:00,llama-server,22040,0,1496.8
2026-10-06T23:47:44.6917795+07:00,asr-worker-vulkan,18912,0,559.8
2026-10-06T23:47:44.6917795+07:00,llama-server,6876,0,0
2026-10-06T23:47:45.7515770+07:00,asr-worker-vulkan,18912,0,559.8
2026-10-06T23:47:45.7515770+07:00,llama-server,6876,0,1470.5
2026-10-06T23:47:46.8122179+07:00,asr-worker-vulkan,18912,0,559.8
2026-10-06T23:47:46.8122179+07:00,llama-server,6876,0,1474.5
2026-10-06T23:47:47.8725441+07:00,asr-worker-vulkan,18912,0,559.8
2026-10-06T23:47:47.8725441+07:00,llama-server,6876,0,1474.5
2026-10-06T23:47:48.9347939+07:00,asr-worker-vulkan,18912,0,559.8
2026-10-06T23:47:48.9347939+07:00,llama-server,6876,0,1474.5
2026-10-06T23:47:49.9969642+07:00,asr-worker-vulkan,18912,0,559.8
2026-10-06T23:47:49.9969642+07:00,llama-server,6876,0,1474.5
2026-10-06T23:47:51.0574444+07:00,asr-worker-vulkan,18912,0,559.8
2026-10-06T23:47:51.0574444+07:00,llama-server,6876,0,1474.5
2026-10-06T23:47:52.1054328+07:00,asr-worker-vulkan,18912,0,559.8
2026-10-06T23:47:52.1054328+07:00,llama-server,6876,0,1474.5
2026-10-06T23:47:53.1656000+07:00,asr-worker-vulkan,18912,0,559.8
2026-10-06T23:47:53.1656000+07:00,llama-server,6876,0,1474.5
2026-10-06T23:47:54.2265474+07:00,asr-worker-vulkan,18912,0,561.9
2026-10-06T23:47:54.2265474+07:00,llama-server,6876,0,1478.6
2026-10-06T23:47:55.2871013+07:00,asr-worker-vulkan,18912,0,561.9
2026-10-06T23:47:55.2871013+07:00,llama-server,6876,0,1478.6
2026-10-06T23:47:56.3490220+07:00,asr-worker-vulkan,18912,0,561.9
2026-10-06T23:47:56.3490220+07:00,llama-server,6876,0,1478.6
2026-10-06T23:47:57.4089902+07:00,asr-worker-vulkan,18912,0,561.9
2026-10-06T23:47:57.4089902+07:00,llama-server,6876,0,1478.6
2026-10-06T23:47:58.4686925+07:00,asr-worker-vulkan,18912,0,562.4
2026-10-06T23:47:58.4686925+07:00,llama-server,6876,0,1478.6
2026-10-06T23:47:59.5264897+07:00,asr-worker-vulkan,18912,0,562.4
2026-10-06T23:47:59.5264897+07:00,llama-server,6876,0,1479.5
2026-10-06T23:48:00.5858055+07:00,asr-worker-vulkan,18912,0,562.4
2026-10-06T23:48:00.5858055+07:00,llama-server,6876,0,1479.5
2026-10-06T23:48:01.6307391+07:00,asr-worker-vulkan,18912,0,562.4
2026-10-06T23:48:01.6307391+07:00,llama-server,6876,0,1479.5
2026-10-06T23:48:02.7011204+07:00,asr-worker-vulkan,18912,0,562.4
2026-10-06T23:48:02.7011204+07:00,llama-server,6876,0,1479.5
2026-10-06T23:48:03.7467483+07:00,asr-worker-vulkan,18912,0,562.4
2026-10-06T23:48:03.7467483+07:00,llama-server,6876,0,1479.5
2026-10-06T23:48:04.8057168+07:00,asr-worker-vulkan,18912,0,562.4
2026-10-06T23:48:04.8057168+07:00,llama-server,6876,0,1479.5
2026-10-06T23:48:05.8540377+07:00,asr-worker-vulkan,18912,0,562.4
2026-10-06T23:48:05.8540377+07:00,llama-server,6876,0,1479.5
2026-10-06T23:48:06.9185360+07:00,asr-worker-vulkan,18912,0,562.4
2026-10-06T23:48:06.9185360+07:00,llama-server,6876,0,1479.9
2026-10-06T23:48:07.9848410+07:00,asr-worker-vulkan,18912,0,562.4
2026-10-06T23:48:07.9848410+07:00,llama-server,6876,0,1479.9
2026-10-06T23:48:09.0481544+07:00,asr-worker-vulkan,18912,0,562.4
2026-10-06T23:48:09.0481544+07:00,llama-server,6876,0,1479.9
2026-10-06T23:48:10.0838743+07:00,asr-worker-vulkan,18912,0,562.4
2026-10-06T23:48:10.0838743+07:00,llama-server,6876,0,1479.9
2026-10-06T23:48:11.1462221+07:00,asr-worker-vulkan,18912,0,562.4
2026-10-06T23:48:11.1462221+07:00,llama-server,6876,0,1479.9
2026-10-06T23:48:12.2047950+07:00,asr-worker-vulkan,18912,0,562.4
2026-10-06T23:48:12.2047950+07:00,llama-server,6876,0,1479.9
2026-10-06T23:48:13.2639887+07:00,asr-worker-vulkan,18912,0,562.4
2026-10-06T23:48:13.2639887+07:00,llama-server,6876,0,1480.2
2026-10-06T23:48:14.3251929+07:00,asr-worker-vulkan,18912,0,562.4
2026-10-06T23:48:14.3251929+07:00,llama-server,6876,0,1480.2
2026-10-06T23:48:15.3709452+07:00,asr-worker-vulkan,18912,0,562.4
2026-10-06T23:48:15.3709452+07:00,llama-server,6876,0,1480.2
2026-10-06T23:48:16.4316384+07:00,asr-worker-vulkan,18912,0,562.4
2026-10-06T23:48:16.4316384+07:00,llama-server,6876,0,1480.2
2026-10-06T23:48:17.4796097+07:00,asr-worker-vulkan,18912,0,562.4
2026-10-06T23:48:17.4796097+07:00,llama-server,6876,0,1480.2
2026-10-06T23:48:18.5398182+07:00,asr-worker-vulkan,18912,0,562.4
2026-10-06T23:48:18.5398182+07:00,llama-server,6876,0,1480.2
2026-10-06T23:48:19.5843035+07:00,asr-worker-vulkan,18912,0,562.4
2026-10-06T23:48:19.5843035+07:00,llama-server,6876,0,1480.2
2026-10-06T23:48:20.6291241+07:00,asr-worker-vulkan,18912,0,562.4
2026-10-06T23:48:20.6291241+07:00,llama-server,6876,0,1480.2
2026-10-06T23:48:21.6871024+07:00,asr-worker-vulkan,18912,0,562.4
2026-10-06T23:48:21.6871024+07:00,llama-server,6876,0,1480.2
2026-10-06T23:48:22.7458145+07:00,asr-worker-vulkan,18912,0,562.4
2026-10-06T23:48:22.7458145+07:00,llama-server,6876,0,1480.5
2026-10-06T23:48:23.8111965+07:00,asr-worker-vulkan,18912,0,562.4
2026-10-06T23:48:23.8111965+07:00,llama-server,6876,0,1480.5
2026-10-06T23:48:24.8697670+07:00,asr-worker-vulkan,18912,0,562.4
2026-10-06T23:48:24.8697670+07:00,llama-server,6876,0,1481.2
2026-10-06T23:48:25.9283360+07:00,asr-worker-vulkan,18912,0,562.4
2026-10-06T23:48:25.9283360+07:00,llama-server,6876,0,1481.2
2026-10-06T23:48:26.9844365+07:00,asr-worker-vulkan,18912,0,562.4
2026-10-06T23:48:26.9844365+07:00,llama-server,6876,0,1481.2
2026-10-06T23:48:28.0432604+07:00,asr-worker-vulkan,18912,0,562.4
2026-10-06T23:48:28.0432604+07:00,llama-server,6876,0,1481.2
2026-10-06T23:48:29.0896650+07:00,asr-worker-vulkan,18912,0,562.4
2026-10-06T23:48:29.0896650+07:00,llama-server,6876,0,1481.2
2026-10-06T23:48:30.1327585+07:00,asr-worker-vulkan,18912,0,562.4
2026-10-06T23:48:30.1327585+07:00,llama-server,6876,0,1481.2
2026-10-06T23:48:31.1950443+07:00,asr-worker-vulkan,18912,0,562.4
2026-10-06T23:48:31.1950443+07:00,llama-server,6876,0,1481.5
2026-10-06T23:48:32.2512905+07:00,asr-worker-vulkan,18912,0,562.4
2026-10-06T23:48:32.2512905+07:00,llama-server,6876,0,1481.5
2026-10-06T23:48:33.3284576+07:00,asr-worker-vulkan,18912,0,562.4
2026-10-06T23:48:33.3284576+07:00,llama-server,6876,0,1481.5
2026-10-06T23:48:34.3862142+07:00,asr-worker-vulkan,18912,0,562.4
2026-10-06T23:48:34.3862142+07:00,llama-server,6876,0,1484
2026-10-06T23:48:35.4323524+07:00,asr-worker-vulkan,18912,0,562.4
2026-10-06T23:48:35.4323524+07:00,llama-server,6876,0,1484
2026-10-06T23:48:36.4952317+07:00,asr-worker-vulkan,18912,0,562.4
2026-10-06T23:48:36.4952317+07:00,llama-server,6876,0,1484
2026-10-06T23:48:37.5394003+07:00,asr-worker-vulkan,18912,0,562.4
2026-10-06T23:48:37.5394003+07:00,llama-server,6876,0,1484
2026-10-06T23:48:38.6159390+07:00,asr-worker-vulkan,18912,0,562.4
2026-10-06T23:48:38.6159390+07:00,llama-server,6876,0,1484
2026-10-06T23:48:39.6786655+07:00,asr-worker-vulkan,18912,0,562.4
2026-10-06T23:48:39.6786655+07:00,llama-server,6876,0,1484
2026-10-06T23:48:40.7226236+07:00,asr-worker-vulkan,18912,0,562.4
2026-10-06T23:48:40.7226236+07:00,llama-server,6876,0,1484
2026-10-06T23:48:41.7668887+07:00,asr-worker-vulkan,18912,0,562.4
2026-10-06T23:48:41.7668887+07:00,llama-server,6876,0,1484
2026-10-06T23:48:42.8137342+07:00,asr-worker-vulkan,18912,0,562.4
2026-10-06T23:48:42.8137342+07:00,llama-server,6876,0,1484.5
2026-10-06T23:48:43.8883104+07:00,asr-worker-vulkan,18912,0,562.4
2026-10-06T23:48:43.8883104+07:00,llama-server,6876,0,1485.6
2026-10-06T23:48:44.9553779+07:00,asr-worker-vulkan,18912,0,562.4
2026-10-06T23:48:44.9553779+07:00,llama-server,6876,0,1485.6
2026-10-06T23:48:46.0159880+07:00,asr-worker-vulkan,18912,0,562.4
2026-10-06T23:48:46.0159880+07:00,llama-server,6876,0,1485.6
2026-10-06T23:48:47.0775922+07:00,asr-worker-vulkan,18912,0,562.4
2026-10-06T23:48:47.0775922+07:00,llama-server,6876,0,1485.8
2026-10-06T23:48:48.1560903+07:00,asr-worker-vulkan,18912,0,562.4
2026-10-06T23:48:48.1560903+07:00,llama-server,6876,0,1485.8
2026-10-06T23:48:49.2149533+07:00,asr-worker-vulkan,18912,0,562.4
2026-10-06T23:48:49.2149533+07:00,llama-server,6876,0,1486
2026-10-06T23:48:50.2726485+07:00,asr-worker-vulkan,18912,0,562.4
2026-10-06T23:48:50.2726485+07:00,llama-server,6876,0,1488.8
2026-10-06T23:48:51.3355516+07:00,asr-worker-vulkan,18912,0,562.4
2026-10-06T23:48:51.3355516+07:00,llama-server,6876,0,1488.8
2026-10-06T23:48:52.3980134+07:00,asr-worker-vulkan,18912,0,562.4
2026-10-06T23:48:52.3980134+07:00,llama-server,6876,0,1488.8
2026-10-06T23:48:53.4420578+07:00,asr-worker-vulkan,18912,0,562.4
2026-10-06T23:48:53.4420578+07:00,llama-server,6876,0,1488.8
2026-10-06T23:48:54.4987238+07:00,asr-worker-vulkan,18912,0,562.4
2026-10-06T23:48:54.4987238+07:00,llama-server,6876,0,1488.8
2026-10-06T23:48:55.5466779+07:00,asr-worker-vulkan,18912,0,562.4
2026-10-06T23:48:55.5466779+07:00,llama-server,6876,0,1488.8
2026-10-06T23:48:56.6064134+07:00,asr-worker-vulkan,18912,0,562.4
2026-10-06T23:48:56.6064134+07:00,llama-server,6876,0,1488.8
2026-10-06T23:48:57.6499636+07:00,asr-worker-vulkan,18912,0,562.4
2026-10-06T23:48:57.6499636+07:00,llama-server,6876,0,1489.3
2026-10-06T23:48:58.7116425+07:00,asr-worker-vulkan,18912,0,562.4
2026-10-06T23:48:58.7116425+07:00,llama-server,6876,0,1489.3
2026-10-06T23:48:59.7871786+07:00,asr-worker-vulkan,18912,0,562.4
2026-10-06T23:48:59.7871786+07:00,llama-server,6876,0,1489.3
2026-10-06T23:49:00.8473507+07:00,asr-worker-vulkan,18912,0,562.4
2026-10-06T23:49:00.8473507+07:00,llama-server,6876,0,1489.3
2026-10-06T23:49:01.9099686+07:00,asr-worker-vulkan,18912,0,562.4
2026-10-06T23:49:01.9099686+07:00,llama-server,6876,0,1489.3
2026-10-06T23:49:02.9698648+07:00,asr-worker-vulkan,18912,0,562.4
2026-10-06T23:49:02.9698648+07:00,llama-server,6876,0,1489.5
2026-10-06T23:49:04.0356342+07:00,asr-worker-vulkan,18912,0,562.4
2026-10-06T23:49:04.0356342+07:00,llama-server,6876,0,1489.8
2026-10-06T23:49:05.1119065+07:00,asr-worker-vulkan,18912,0,562.4
2026-10-06T23:49:05.1119065+07:00,llama-server,6876,0,1489.8
2026-10-06T23:49:06.1584121+07:00,asr-worker-vulkan,18912,0,562.4
2026-10-06T23:49:06.1584121+07:00,llama-server,6876,0,1489.8
2026-10-06T23:49:07.2024771+07:00,asr-worker-vulkan,18912,0,562.4
2026-10-06T23:49:07.2024771+07:00,llama-server,6876,0,1489.8
2026-10-06T23:49:08.2495127+07:00,asr-worker-vulkan,18912,0,562.4
2026-10-06T23:49:08.2495127+07:00,llama-server,6876,0,1489.8
2026-10-06T23:49:09.3084698+07:00,asr-worker-vulkan,18912,0,562.4
2026-10-06T23:49:09.3084698+07:00,llama-server,6876,0,1489.8
2026-10-06T23:49:10.3712514+07:00,asr-worker-vulkan,18912,0,562.4
2026-10-06T23:49:10.3712514+07:00,llama-server,6876,0,1489.8
2026-10-06T23:49:11.4283522+07:00,asr-worker-vulkan,18912,0,562.4
2026-10-06T23:49:11.4283522+07:00,llama-server,6876,0,1489.8
2026-10-06T23:49:12.4887871+07:00,asr-worker-vulkan,18912,0,562.4
2026-10-06T23:49:12.4887871+07:00,llama-server,6876,0,1489.8
2026-10-06T23:49:13.5501901+07:00,asr-worker-vulkan,18912,0,562.4
2026-10-06T23:49:13.5501901+07:00,llama-server,6876,0,1489.8
2026-10-06T23:49:14.6094869+07:00,asr-worker-vulkan,18912,0,562.4
2026-10-06T23:49:14.6094869+07:00,llama-server,6876,0,1489.8
2026-10-06T23:49:15.6695684+07:00,asr-worker-vulkan,18912,0,562.4
2026-10-06T23:49:15.6695684+07:00,llama-server,6876,0,1489.8
2026-10-06T23:49:16.7361713+07:00,asr-worker-vulkan,18912,0,562.4
2026-10-06T23:49:16.7361713+07:00,llama-server,6876,0,1490
2026-10-06T23:49:17.7953909+07:00,asr-worker-vulkan,18912,0,562.4
2026-10-06T23:49:17.7953909+07:00,llama-server,6876,0,1490
2026-10-06T23:49:18.8591708+07:00,asr-worker-vulkan,18912,0,562.4
2026-10-06T23:49:18.8591708+07:00,llama-server,6876,0,1490
2026-10-06T23:49:19.9023772+07:00,asr-worker-vulkan,18912,0,562.4
2026-10-06T23:49:19.9023772+07:00,llama-server,6876,0,1490
2026-10-06T23:49:20.9633508+07:00,asr-worker-vulkan,18912,0,562.4
2026-10-06T23:49:20.9633508+07:00,llama-server,6876,0,1490
2026-10-06T23:49:22.0204328+07:00,asr-worker-vulkan,18912,0,562.4
2026-10-06T23:49:22.0204328+07:00,llama-server,6876,0,1490.6
2026-10-06T23:49:23.0920984+07:00,asr-worker-vulkan,18912,0,562.4
2026-10-06T23:49:23.0920984+07:00,llama-server,6876,0,1490.6
2026-10-06T23:49:24.1406321+07:00,asr-worker-vulkan,18912,0,562.4
2026-10-06T23:49:24.1406321+07:00,llama-server,6876,0,1490.6
2026-10-06T23:49:25.1969048+07:00,asr-worker-vulkan,18912,0,562.4
2026-10-06T23:49:25.1969048+07:00,llama-server,6876,0,1490.6
2026-10-06T23:49:26.2572890+07:00,asr-worker-vulkan,18912,0,562.4
2026-10-06T23:49:26.2572890+07:00,llama-server,6876,0,1490.6
2026-10-06T23:49:27.3164361+07:00,asr-worker-vulkan,18912,0,562.4
2026-10-06T23:49:27.3164361+07:00,llama-server,6876,0,1490.6
2026-10-06T23:49:28.3784634+07:00,asr-worker-vulkan,18912,0,562.4
2026-10-06T23:49:28.3784634+07:00,llama-server,6876,0,1490.9
2026-10-06T23:49:29.4227214+07:00,asr-worker-vulkan,18912,0,562.4
2026-10-06T23:49:29.4227214+07:00,llama-server,6876,0,1490.9
2026-10-06T23:49:30.4684641+07:00,asr-worker-vulkan,18912,0,562.4
2026-10-06T23:49:30.4684641+07:00,llama-server,6876,0,1490.9
2026-10-06T23:49:31.5457593+07:00,asr-worker-vulkan,18912,0,562.4
2026-10-06T23:49:31.5457593+07:00,llama-server,6876,0,1490.9
2026-10-06T23:49:32.5903303+07:00,asr-worker-vulkan,18912,0,562.4
2026-10-06T23:49:32.5903303+07:00,llama-server,6876,0,1490.9
2026-10-06T23:49:33.6621952+07:00,asr-worker-vulkan,18912,0,562.4
2026-10-06T23:49:33.6621952+07:00,llama-server,6876,0,1490.9
2026-10-06T23:49:34.7212552+07:00,asr-worker-vulkan,18912,0,562.4
2026-10-06T23:49:34.7212552+07:00,llama-server,6876,0,1490.9
2026-10-06T23:49:35.7800092+07:00,asr-worker-vulkan,18912,0,562.4
2026-10-06T23:49:35.7800092+07:00,llama-server,6876,0,1490.9
2026-10-06T23:49:36.8443831+07:00,asr-worker-vulkan,18912,0,562.4
2026-10-06T23:49:36.8443831+07:00,llama-server,6876,0,1490.9
2026-10-06T23:49:37.8895295+07:00,asr-worker-vulkan,18912,0,562.4
2026-10-06T23:49:37.8895295+07:00,llama-server,6876,0,1490.9
2026-10-06T23:49:38.9344398+07:00,asr-worker-vulkan,18912,0,562.4
2026-10-06T23:49:38.9344398+07:00,llama-server,6876,0,1490.9
2026-10-06T23:49:39.9923658+07:00,asr-worker-vulkan,18912,0,562.4
2026-10-06T23:49:39.9923658+07:00,llama-server,6876,0,1490.9
2026-10-06T23:49:41.0551307+07:00,asr-worker-vulkan,18912,0,562.4
2026-10-06T23:49:41.0551307+07:00,llama-server,6876,0,1490.9
2026-10-06T23:49:42.1133037+07:00,asr-worker-vulkan,18912,0,562.4
2026-10-06T23:49:42.1133037+07:00,llama-server,6876,0,1490.9
2026-10-06T23:49:43.1645850+07:00,asr-worker-vulkan,18912,0,562.4
2026-10-06T23:49:43.1645850+07:00,llama-server,6876,0,1490.9
2026-10-06T23:49:44.2246935+07:00,asr-worker-vulkan,18912,0,562.4
2026-10-06T23:49:44.2246935+07:00,llama-server,6876,0,1491.1
2026-10-06T23:49:45.2849856+07:00,asr-worker-vulkan,18912,0,562.4
2026-10-06T23:49:45.2849856+07:00,llama-server,6876,0,1491.1
2026-10-06T23:49:46.3621921+07:00,asr-worker-vulkan,18912,0,562.4
2026-10-06T23:49:46.3621921+07:00,llama-server,6876,0,1491.1
2026-10-06T23:49:47.4218640+07:00,asr-worker-vulkan,18912,0,562.4
2026-10-06T23:49:47.4218640+07:00,llama-server,6876,0,1491.1
2026-10-06T23:49:48.4722217+07:00,asr-worker-vulkan,18912,0,562.4
2026-10-06T23:49:48.4722217+07:00,llama-server,6876,0,1491.1
2026-10-06T23:49:49.5321373+07:00,asr-worker-vulkan,18912,0,562.4
2026-10-06T23:49:49.5321373+07:00,llama-server,6876,0,1491.1
2026-10-06T23:49:50.5900117+07:00,asr-worker-vulkan,18912,0,562.4
2026-10-06T23:49:50.5900117+07:00,llama-server,6876,0,1491.1
2026-10-06T23:49:51.6400863+07:00,asr-worker-vulkan,18912,0,562.4
2026-10-06T23:49:51.6400863+07:00,llama-server,6876,0,1491.1
2026-10-06T23:49:52.7044193+07:00,asr-worker-vulkan,18912,0,562.4
2026-10-06T23:49:52.7044193+07:00,llama-server,6876,0,1492
2026-10-06T23:49:53.7640847+07:00,asr-worker-vulkan,18912,0,562.4
2026-10-06T23:49:53.7640847+07:00,llama-server,6876,0,1492
2026-10-06T23:49:54.8244275+07:00,asr-worker-vulkan,18912,0,562.4
2026-10-06T23:49:54.8244275+07:00,llama-server,6876,0,1492
2026-10-06T23:49:55.8724420+07:00,asr-worker-vulkan,18912,0,562.4
2026-10-06T23:49:55.8724420+07:00,llama-server,6876,0,1492
2026-10-06T23:49:56.9317121+07:00,asr-worker-vulkan,18912,0,562.4
2026-10-06T23:49:56.9317121+07:00,llama-server,6876,0,1492
2026-10-06T23:49:57.9926850+07:00,asr-worker-vulkan,18912,0,562.4
2026-10-06T23:49:57.9926850+07:00,llama-server,6876,0,1492
2026-10-06T23:49:59.0517215+07:00,asr-worker-vulkan,18912,0,562.4
2026-10-06T23:49:59.0517215+07:00,llama-server,6876,0,1492
2026-10-06T23:50:00.1253244+07:00,asr-worker-vulkan,18912,0,562.4
2026-10-06T23:50:00.1253244+07:00,llama-server,6876,0,1492
2026-10-06T23:50:01.1790572+07:00,asr-worker-vulkan,18912,0,562.4
2026-10-06T23:50:01.1790572+07:00,llama-server,6876,0,1492
2026-10-06T23:50:02.2398459+07:00,asr-worker-vulkan,18912,0,562.4
2026-10-06T23:50:02.2398459+07:00,llama-server,6876,0,1492
2026-10-06T23:50:03.3166681+07:00,asr-worker-vulkan,18912,0,562.4
2026-10-06T23:50:03.3166681+07:00,llama-server,6876,0,1492
2026-10-06T23:50:04.3645001+07:00,asr-worker-vulkan,18912,0,562.4
2026-10-06T23:50:04.3645001+07:00,llama-server,6876,0,1492
2026-10-06T23:50:05.4122672+07:00,asr-worker-vulkan,18912,0,562.4
2026-10-06T23:50:05.4122672+07:00,llama-server,6876,0,1492.2
2026-10-06T23:50:06.4711343+07:00,asr-worker-vulkan,18912,0,562.4
2026-10-06T23:50:06.4711343+07:00,llama-server,6876,0,1492.2
2026-10-06T23:50:07.5331473+07:00,asr-worker-vulkan,18912,0,562.4
2026-10-06T23:50:07.5331473+07:00,llama-server,6876,0,1492.2
2026-10-06T23:50:08.5974279+07:00,asr-worker-vulkan,18912,0,562.4
2026-10-06T23:50:08.5974279+07:00,llama-server,6876,0,1492.2
2026-10-06T23:50:09.6550858+07:00,asr-worker-vulkan,18912,0,562.4
2026-10-06T23:50:09.6550858+07:00,llama-server,6876,0,1492.5
2026-10-06T23:50:10.7177859+07:00,asr-worker-vulkan,18912,0,562.4
2026-10-06T23:50:10.7177859+07:00,llama-server,6876,0,1492.5
2026-10-06T23:50:11.7660188+07:00,asr-worker-vulkan,18912,0,562.4
2026-10-06T23:50:11.7660188+07:00,llama-server,6876,0,1492.5
2026-10-06T23:50:12.8258089+07:00,asr-worker-vulkan,18912,0,562.4
2026-10-06T23:50:12.8258089+07:00,llama-server,6876,0,1492.5
2026-10-06T23:50:13.9021907+07:00,asr-worker-vulkan,18912,0,562.4
2026-10-06T23:50:13.9021907+07:00,llama-server,6876,0,1492.5
2026-10-06T23:50:14.9606559+07:00,asr-worker-vulkan,18912,0,562.4
2026-10-06T23:50:14.9606559+07:00,llama-server,6876,0,1493.1
2026-10-06T23:50:16.0221617+07:00,asr-worker-vulkan,18912,0,562.4
2026-10-06T23:50:16.0221617+07:00,llama-server,6876,0,1496
2026-10-06T23:50:17.0853409+07:00,asr-worker-vulkan,18912,0,562.4
2026-10-06T23:50:17.0853409+07:00,llama-server,6876,0,1496
2026-10-06T23:50:18.1319335+07:00,asr-worker-vulkan,18912,0,562.4
2026-10-06T23:50:18.1319335+07:00,llama-server,6876,0,1496
2026-10-06T23:50:19.1925772+07:00,asr-worker-vulkan,18912,0,562.4
2026-10-06T23:50:19.1925772+07:00,llama-server,6876,0,1496.4
2026-10-06T23:50:20.2521493+07:00,asr-worker-vulkan,18912,0,562.4
2026-10-06T23:50:20.2521493+07:00,llama-server,6876,0,1496.7
2026-10-06T23:50:21.3164776+07:00,asr-worker-vulkan,18912,0,562.4
2026-10-06T23:50:21.3164776+07:00,llama-server,6876,0,1496.7
2026-10-06T23:50:22.3779116+07:00,asr-worker-vulkan,18912,0,562.4
2026-10-06T23:50:22.3779116+07:00,llama-server,6876,0,1496.7
2026-10-06T23:50:23.4383612+07:00,asr-worker-vulkan,18912,0,562.4
2026-10-06T23:50:23.4383612+07:00,llama-server,6876,0,1496.7
2026-10-06T23:50:24.5128906+07:00,asr-worker-vulkan,18912,0,562.4
2026-10-06T23:50:24.5128906+07:00,llama-server,6876,0,1496.7
2026-10-06T23:50:25.5578806+07:00,asr-worker-vulkan,18912,0,562.4
2026-10-06T23:50:25.5578806+07:00,llama-server,6876,0,1496.7
2026-10-06T23:50:26.6158614+07:00,asr-worker-vulkan,18912,0,562.4
2026-10-06T23:50:26.6158614+07:00,llama-server,6876,0,1496.7
2026-10-06T23:50:27.6619804+07:00,asr-worker-vulkan,18912,0,562.4
2026-10-06T23:50:27.6619804+07:00,llama-server,6876,0,1496.7
2026-10-06T23:50:28.7220480+07:00,asr-worker-vulkan,18912,0,562.4
2026-10-06T23:50:28.7220480+07:00,llama-server,6876,0,1496.7
2026-10-06T23:50:29.7963696+07:00,asr-worker-vulkan,18912,0,562.4
2026-10-06T23:50:29.7963696+07:00,llama-server,6876,0,1496.7
2026-10-06T23:50:30.8541584+07:00,asr-worker-vulkan,18912,0,562.4
2026-10-06T23:50:30.8541584+07:00,llama-server,6876,0,1496.7
2026-10-06T23:50:31.9140868+07:00,asr-worker-vulkan,18912,0,562.4
2026-10-06T23:50:31.9140868+07:00,llama-server,6876,0,1496.7
2026-10-06T23:50:32.9750569+07:00,asr-worker-vulkan,18912,0,562.4
2026-10-06T23:50:32.9750569+07:00,llama-server,6876,0,1496.7
2026-10-06T23:50:34.0477536+07:00,asr-worker-vulkan,18912,0,562.4
2026-10-06T23:50:34.0477536+07:00,llama-server,6876,0,1496.7
2026-10-06T23:50:35.1264336+07:00,asr-worker-vulkan,18912,0,562.4
2026-10-06T23:50:35.1264336+07:00,llama-server,6876,0,1496.7
2026-10-06T23:50:36.1708365+07:00,asr-worker-vulkan,18912,0,562.4
2026-10-06T23:50:36.1708365+07:00,llama-server,6876,0,1496.7
2026-10-06T23:50:37.2285219+07:00,asr-worker-vulkan,18912,0,562.4
2026-10-06T23:50:37.2285219+07:00,llama-server,6876,0,1496.7
2026-10-06T23:50:38.2938004+07:00,asr-worker-vulkan,18912,0,562.4
2026-10-06T23:50:38.2938004+07:00,llama-server,6876,0,1496.7
2026-10-06T23:50:39.3526132+07:00,asr-worker-vulkan,18912,0,562.4
2026-10-06T23:50:39.3526132+07:00,llama-server,6876,0,1496.7
2026-10-06T23:50:40.4137715+07:00,asr-worker-vulkan,18912,0,562.4
2026-10-06T23:50:40.4137715+07:00,llama-server,6876,0,1496.7
2026-10-06T23:50:41.4754205+07:00,asr-worker-vulkan,18912,0,562.4
2026-10-06T23:50:41.4754205+07:00,llama-server,6876,0,1496.7
2026-10-06T23:50:42.5359252+07:00,asr-worker-vulkan,18912,0,562.4
2026-10-06T23:50:42.5359252+07:00,llama-server,6876,0,1496.7
2026-10-06T23:50:43.5784083+07:00,asr-worker-vulkan,18912,0,562.4
2026-10-06T23:50:43.5784083+07:00,llama-server,6876,0,1496.7
2026-10-06T23:50:44.6382887+07:00,asr-worker-vulkan,18912,0,562.4
2026-10-06T23:50:44.6382887+07:00,llama-server,6876,0,1496.7
2026-10-06T23:50:45.7141298+07:00,asr-worker-vulkan,18912,0,562.4
2026-10-06T23:50:45.7141298+07:00,llama-server,6876,0,1496.7
2026-10-06T23:50:46.7602012+07:00,asr-worker-vulkan,18912,0,562.4
2026-10-06T23:50:46.7602012+07:00,llama-server,6876,0,1496.7
2026-10-06T23:50:47.8164979+07:00,asr-worker-vulkan,18912,0,562.4
2026-10-06T23:50:47.8164979+07:00,llama-server,6876,0,1496.7
2026-10-06T23:50:48.8798130+07:00,asr-worker-vulkan,18912,0,562.4
2026-10-06T23:50:48.8798130+07:00,llama-server,6876,0,1496.7
2026-10-06T23:50:49.9308663+07:00,asr-worker-vulkan,18912,0,562.4
2026-10-06T23:50:49.9308663+07:00,llama-server,6876,0,1496.7
2026-10-06T23:50:52.0271125+07:00,asr-worker-vulkan,3764,0,551.8
2026-10-06T23:50:53.0742592+07:00,asr-worker-vulkan,3764,0,559.8
2026-10-06T23:50:53.0742592+07:00,llama-server,17848,0,1468.4
2026-10-06T23:50:54.1324570+07:00,asr-worker-vulkan,3764,0,559.8
2026-10-06T23:50:54.1324570+07:00,llama-server,17848,0,1474.5
2026-10-06T23:50:55.1944442+07:00,asr-worker-vulkan,3764,0,559.8
2026-10-06T23:50:55.1944442+07:00,llama-server,17848,0,1474.5
2026-10-06T23:50:56.2407995+07:00,asr-worker-vulkan,3764,0,559.8
2026-10-06T23:50:56.2407995+07:00,llama-server,17848,0,1474.5
2026-10-06T23:50:57.2837720+07:00,asr-worker-vulkan,3764,0,561.9
2026-10-06T23:50:57.2837720+07:00,llama-server,17848,0,1477.5
2026-10-06T23:50:58.3443239+07:00,asr-worker-vulkan,3764,0,561.9
2026-10-06T23:50:58.3443239+07:00,llama-server,17848,0,1480.1
2026-10-06T23:50:59.4056636+07:00,asr-worker-vulkan,3764,0,561.9
2026-10-06T23:50:59.4056636+07:00,llama-server,17848,0,1480.1
2026-10-06T23:51:00.4671540+07:00,asr-worker-vulkan,3764,0,561.9
2026-10-06T23:51:00.4671540+07:00,llama-server,17848,0,1480.1
2026-10-06T23:51:01.5111420+07:00,asr-worker-vulkan,3764,0,561.9
2026-10-06T23:51:01.5111420+07:00,llama-server,17848,0,1480.1
2026-10-06T23:51:02.5585430+07:00,asr-worker-vulkan,3764,0,562.2
2026-10-06T23:51:02.5585430+07:00,llama-server,17848,0,1482
2026-10-06T23:51:03.6081825+07:00,asr-worker-vulkan,3764,0,562.2
2026-10-06T23:51:03.6081825+07:00,llama-server,17848,0,1482
2026-10-06T23:51:04.6679208+07:00,asr-worker-vulkan,3764,0,562.2
2026-10-06T23:51:04.6679208+07:00,llama-server,17848,0,1482
2026-10-06T23:51:05.7134981+07:00,asr-worker-vulkan,3764,0,562.2
2026-10-06T23:51:05.7134981+07:00,llama-server,17848,0,1482.7
2026-10-06T23:51:06.7729219+07:00,asr-worker-vulkan,3764,0,562.2
2026-10-06T23:51:06.7729219+07:00,llama-server,17848,0,1482.7
2026-10-06T23:51:07.8313570+07:00,asr-worker-vulkan,3764,0,562.2
2026-10-06T23:51:07.8313570+07:00,llama-server,17848,0,1482.7
2026-10-06T23:51:08.8899552+07:00,asr-worker-vulkan,3764,0,562.4
2026-10-06T23:51:08.8899552+07:00,llama-server,17848,0,1482.7
2026-10-06T23:51:09.9508151+07:00,asr-worker-vulkan,3764,0,562.4
2026-10-06T23:51:09.9508151+07:00,llama-server,17848,0,1482.8
2026-10-06T23:51:11.0106124+07:00,asr-worker-vulkan,3764,0,562.4
2026-10-06T23:51:11.0106124+07:00,llama-server,17848,0,1482.8
2026-10-06T23:51:12.0711031+07:00,asr-worker-vulkan,3764,0,562.4
2026-10-06T23:51:12.0711031+07:00,llama-server,17848,0,1482.8
2026-10-06T23:51:13.1170753+07:00,asr-worker-vulkan,3764,0,562.4
2026-10-06T23:51:13.1170753+07:00,llama-server,17848,0,1482.8
2026-10-06T23:51:14.1658642+07:00,asr-worker-vulkan,3764,0,562.4
2026-10-06T23:51:14.1658642+07:00,llama-server,17848,0,1483.1
2026-10-06T23:51:15.2239576+07:00,asr-worker-vulkan,3764,0,562.4
2026-10-06T23:51:15.2239576+07:00,llama-server,17848,0,1483.1
2026-10-06T23:51:16.2862786+07:00,asr-worker-vulkan,3764,0,562.4
2026-10-06T23:51:16.2862786+07:00,llama-server,17848,0,1483.1
2026-10-06T23:51:17.3465399+07:00,asr-worker-vulkan,3764,0,562.4
2026-10-06T23:51:17.3465399+07:00,llama-server,17848,0,1483.1
2026-10-06T23:51:18.3911729+07:00,asr-worker-vulkan,3764,0,562.4
2026-10-06T23:51:18.3911729+07:00,llama-server,17848,0,1483.1
2026-10-06T23:51:19.4542011+07:00,asr-worker-vulkan,3764,0,562.4
2026-10-06T23:51:19.4542011+07:00,llama-server,17848,0,1483.1
2026-10-06T23:51:20.5034303+07:00,asr-worker-vulkan,3764,0,562.4
2026-10-06T23:51:20.5034303+07:00,llama-server,17848,0,1488.1
2026-10-06T23:51:21.5636807+07:00,asr-worker-vulkan,3764,0,562.4
2026-10-06T23:51:21.5636807+07:00,llama-server,17848,0,1488.1
2026-10-06T23:51:22.6381317+07:00,asr-worker-vulkan,3764,0,562.4
2026-10-06T23:51:22.6381317+07:00,llama-server,17848,0,1488.1
2026-10-06T23:51:23.6954470+07:00,asr-worker-vulkan,3764,0,562.4
2026-10-06T23:51:23.6954470+07:00,llama-server,17848,0,1488.1
2026-10-06T23:51:24.7571832+07:00,asr-worker-vulkan,3764,0,562.4
2026-10-06T23:51:24.7571832+07:00,llama-server,17848,0,1489.1
2026-10-06T23:51:25.8173758+07:00,asr-worker-vulkan,3764,0,562.4
2026-10-06T23:51:25.8173758+07:00,llama-server,17848,0,1489.1
2026-10-06T23:51:26.8643503+07:00,asr-worker-vulkan,3764,0,562.4
2026-10-06T23:51:26.8643503+07:00,llama-server,17848,0,1489.1
2026-10-06T23:51:27.9222614+07:00,asr-worker-vulkan,3764,0,562.4
2026-10-06T23:51:27.9222614+07:00,llama-server,17848,0,1489.1
2026-10-06T23:51:28.9972530+07:00,asr-worker-vulkan,3764,0,562.4
2026-10-06T23:51:28.9972530+07:00,llama-server,17848,0,1489.1
2026-10-06T23:51:30.0594885+07:00,asr-worker-vulkan,3764,0,562.4
2026-10-06T23:51:30.0594885+07:00,llama-server,17848,0,1489.1
2026-10-06T23:51:31.1213263+07:00,asr-worker-vulkan,3764,0,562.4
2026-10-06T23:51:31.1213263+07:00,llama-server,17848,0,1489.1
2026-10-06T23:51:32.1817599+07:00,asr-worker-vulkan,3764,0,562.4
2026-10-06T23:51:32.1817599+07:00,llama-server,17848,0,1489.1
2026-10-06T23:51:33.2596307+07:00,asr-worker-vulkan,3764,0,562.4
2026-10-06T23:51:33.2596307+07:00,llama-server,17848,0,1489.4
2026-10-06T23:51:34.3180944+07:00,asr-worker-vulkan,3764,0,562.4
2026-10-06T23:51:34.3180944+07:00,llama-server,17848,0,1489.4
2026-10-06T23:51:35.3697962+07:00,asr-worker-vulkan,3764,0,562.4
2026-10-06T23:51:35.3697962+07:00,llama-server,17848,0,1489.4
2026-10-06T23:51:36.4293163+07:00,asr-worker-vulkan,3764,0,562.4
2026-10-06T23:51:36.4293163+07:00,llama-server,17848,0,1489.4
2026-10-06T23:51:37.4733536+07:00,asr-worker-vulkan,3764,0,562.4
2026-10-06T23:51:37.4733536+07:00,llama-server,17848,0,1489.4
2026-10-06T23:51:38.5505180+07:00,asr-worker-vulkan,3764,0,562.4
2026-10-06T23:51:38.5505180+07:00,llama-server,17848,0,1489.4
2026-10-06T23:51:39.5964743+07:00,asr-worker-vulkan,3764,0,562.4
2026-10-06T23:51:39.5964743+07:00,llama-server,17848,0,1489.4
2026-10-06T23:51:40.6472127+07:00,asr-worker-vulkan,3764,0,562.4
2026-10-06T23:51:40.6472127+07:00,llama-server,17848,0,1489.4
2026-10-06T23:51:41.6977102+07:00,asr-worker-vulkan,3764,0,562.4
2026-10-06T23:51:41.6977102+07:00,llama-server,17848,0,1489.4
2026-10-06T23:51:42.7430102+07:00,asr-worker-vulkan,3764,0,562.4
2026-10-06T23:51:42.7430102+07:00,llama-server,17848,0,1489.4
2026-10-06T23:51:43.8177718+07:00,asr-worker-vulkan,3764,0,562.4
2026-10-06T23:51:43.8177718+07:00,llama-server,17848,0,1489.4
2026-10-06T23:51:44.8768405+07:00,asr-worker-vulkan,3764,0,562.4
2026-10-06T23:51:44.8768405+07:00,llama-server,17848,0,1489.4
2026-10-06T23:51:45.9358367+07:00,asr-worker-vulkan,3764,0,562.4
2026-10-06T23:51:45.9358367+07:00,llama-server,17848,0,1490.2
2026-10-06T23:51:46.9964815+07:00,asr-worker-vulkan,3764,0,562.4
2026-10-06T23:51:46.9964815+07:00,llama-server,17848,0,1490.2
2026-10-06T23:51:48.0554270+07:00,asr-worker-vulkan,3764,0,562.4
2026-10-06T23:51:48.0554270+07:00,llama-server,17848,0,1490.2
2026-10-06T23:51:49.1301911+07:00,asr-worker-vulkan,3764,0,562.4
2026-10-06T23:51:49.1301911+07:00,llama-server,17848,0,1491.6
2026-10-06T23:51:50.1927084+07:00,asr-worker-vulkan,3764,0,562.4
2026-10-06T23:51:50.1927084+07:00,llama-server,17848,0,1491.6
2026-10-06T23:51:51.2512835+07:00,asr-worker-vulkan,3764,0,562.4
2026-10-06T23:51:51.2512835+07:00,llama-server,17848,0,1491.6
2026-10-06T23:51:52.3004108+07:00,asr-worker-vulkan,3764,0,562.4
2026-10-06T23:51:52.3004108+07:00,llama-server,17848,0,1491.6
2026-10-06T23:51:53.3582643+07:00,asr-worker-vulkan,3764,0,562.4
2026-10-06T23:51:53.3582643+07:00,llama-server,17848,0,1491.6
2026-10-06T23:51:54.4215643+07:00,asr-worker-vulkan,3764,0,562.4
2026-10-06T23:51:54.4215643+07:00,llama-server,17848,0,1491.6
2026-10-06T23:51:55.4671955+07:00,asr-worker-vulkan,3764,0,562.4
2026-10-06T23:51:55.4671955+07:00,llama-server,17848,0,1494.6
2026-10-06T23:51:56.5274020+07:00,asr-worker-vulkan,3764,0,562.4
2026-10-06T23:51:56.5274020+07:00,llama-server,17848,0,1494.9
2026-10-06T23:51:57.5707597+07:00,asr-worker-vulkan,3764,0,562.4
2026-10-06T23:51:57.5707597+07:00,llama-server,17848,0,1494.9
2026-10-06T23:51:58.6281722+07:00,asr-worker-vulkan,3764,0,562.4
2026-10-06T23:51:58.6281722+07:00,llama-server,17848,0,1495.1
2026-10-06T23:51:59.6766148+07:00,asr-worker-vulkan,3764,0,562.4
2026-10-06T23:51:59.6766148+07:00,llama-server,17848,0,1495.1
2026-10-06T23:52:00.7229551+07:00,asr-worker-vulkan,3764,0,562.4
2026-10-06T23:52:00.7229551+07:00,llama-server,17848,0,1495.1
2026-10-06T23:52:01.7772917+07:00,asr-worker-vulkan,3764,0,562.4
2026-10-06T23:52:01.7772917+07:00,llama-server,17848,0,1495.1
2026-10-06T23:52:02.8380381+07:00,asr-worker-vulkan,3764,0,562.4
2026-10-06T23:52:02.8380381+07:00,llama-server,17848,0,1495.8
2026-10-06T23:52:03.9000594+07:00,asr-worker-vulkan,3764,0,562.4
2026-10-06T23:52:03.9000594+07:00,llama-server,17848,0,1495.8
2026-10-06T23:52:04.9556556+07:00,asr-worker-vulkan,3764,0,562.4
2026-10-06T23:52:04.9556556+07:00,llama-server,17848,0,1495.8
2026-10-06T23:52:06.0151736+07:00,asr-worker-vulkan,3764,0,562.4
2026-10-06T23:52:06.0151736+07:00,llama-server,17848,0,1495.8
2026-10-06T23:52:07.0620148+07:00,asr-worker-vulkan,3764,0,562.4
2026-10-06T23:52:07.0620148+07:00,llama-server,17848,0,1495.8
2026-10-06T23:52:08.1057759+07:00,asr-worker-vulkan,3764,0,562.4
2026-10-06T23:52:08.1057759+07:00,llama-server,17848,0,1495.8
2026-10-06T23:52:09.1518145+07:00,asr-worker-vulkan,3764,0,562.4
2026-10-06T23:52:09.1518145+07:00,llama-server,17848,0,1495.8
2026-10-06T23:52:10.2141603+07:00,asr-worker-vulkan,3764,0,562.4
2026-10-06T23:52:10.2141603+07:00,llama-server,17848,0,1495.8
2026-10-06T23:52:11.2606352+07:00,asr-worker-vulkan,3764,0,562.4
2026-10-06T23:52:11.2606352+07:00,llama-server,17848,0,1495.8
2026-10-06T23:52:12.3187577+07:00,asr-worker-vulkan,3764,0,562.4
2026-10-06T23:52:12.3187577+07:00,llama-server,17848,0,1495.8
2026-10-06T23:52:13.3752829+07:00,asr-worker-vulkan,3764,0,562.4
2026-10-06T23:52:13.3752829+07:00,llama-server,17848,0,1496.1
2026-10-06T23:52:14.4510602+07:00,asr-worker-vulkan,3764,0,562.4
2026-10-06T23:52:14.4510602+07:00,llama-server,17848,0,1496.1
2026-10-06T23:52:15.5104715+07:00,asr-worker-vulkan,3764,0,562.4
2026-10-06T23:52:15.5104715+07:00,llama-server,17848,0,1496.1
2026-10-06T23:52:16.5551657+07:00,asr-worker-vulkan,3764,0,562.4
2026-10-06T23:52:16.5551657+07:00,llama-server,17848,0,1496.1
2026-10-06T23:52:17.6155846+07:00,asr-worker-vulkan,3764,0,562.4
2026-10-06T23:52:17.6155846+07:00,llama-server,17848,0,1496.1
2026-10-06T23:52:18.6610441+07:00,asr-worker-vulkan,3764,0,562.4
2026-10-06T23:52:18.6610441+07:00,llama-server,17848,0,1496.4
2026-10-06T23:52:19.7189500+07:00,asr-worker-vulkan,3764,0,562.4
2026-10-06T23:52:19.7189500+07:00,llama-server,17848,0,1496.4
2026-10-06T23:52:20.7747363+07:00,asr-worker-vulkan,3764,0,562.4
2026-10-06T23:52:20.7747363+07:00,llama-server,17848,0,1496.4
2026-10-06T23:52:21.8209563+07:00,asr-worker-vulkan,3764,0,562.4
2026-10-06T23:52:21.8209563+07:00,llama-server,17848,0,1496.4
2026-10-06T23:52:22.8814016+07:00,asr-worker-vulkan,3764,0,562.4
2026-10-06T23:52:22.8814016+07:00,llama-server,17848,0,1496.4
2026-10-06T23:52:23.9443259+07:00,asr-worker-vulkan,3764,0,562.4
2026-10-06T23:52:23.9443259+07:00,llama-server,17848,0,1496.4
2026-10-06T23:52:25.0030968+07:00,asr-worker-vulkan,3764,0,562.4
2026-10-06T23:52:25.0030968+07:00,llama-server,17848,0,1496.4
2026-10-06T23:52:26.0746894+07:00,asr-worker-vulkan,3764,0,562.4
2026-10-06T23:52:26.0746894+07:00,llama-server,17848,0,1496.4
2026-10-06T23:52:27.1385010+07:00,asr-worker-vulkan,3764,0,562.4
2026-10-06T23:52:27.1385010+07:00,llama-server,17848,0,1496.4
2026-10-06T23:52:28.2023742+07:00,asr-worker-vulkan,3764,0,562.4
2026-10-06T23:52:28.2023742+07:00,llama-server,17848,0,1496.4
2026-10-06T23:52:29.2593206+07:00,asr-worker-vulkan,3764,0,562.4
2026-10-06T23:52:29.2593206+07:00,llama-server,17848,0,1496.4
2026-10-06T23:52:30.3042797+07:00,asr-worker-vulkan,3764,0,562.4
2026-10-06T23:52:30.3042797+07:00,llama-server,17848,0,1496.4
2026-10-06T23:52:31.3510918+07:00,asr-worker-vulkan,3764,0,562.4
2026-10-06T23:52:31.3510918+07:00,llama-server,17848,0,1496.4
2026-10-06T23:52:32.3986316+07:00,asr-worker-vulkan,3764,0,562.4
2026-10-06T23:52:32.3986316+07:00,llama-server,17848,0,1496.4
2026-10-06T23:52:33.4546850+07:00,asr-worker-vulkan,3764,0,562.4
2026-10-06T23:52:33.4546850+07:00,llama-server,17848,0,1496.4
2026-10-06T23:52:34.5173554+07:00,asr-worker-vulkan,3764,0,562.4
2026-10-06T23:52:34.5173554+07:00,llama-server,17848,0,1497.9
2026-10-06T23:52:35.5770441+07:00,asr-worker-vulkan,3764,0,562.4
2026-10-06T23:52:35.5770441+07:00,llama-server,17848,0,1498.6
2026-10-06T23:52:36.6342313+07:00,asr-worker-vulkan,3764,0,562.4
2026-10-06T23:52:36.6342313+07:00,llama-server,17848,0,1498.6
2026-10-06T23:52:37.6973767+07:00,asr-worker-vulkan,3764,0,562.4
2026-10-06T23:52:37.6973767+07:00,llama-server,17848,0,1498.6
2026-10-06T23:52:38.7412529+07:00,asr-worker-vulkan,3764,0,562.4
2026-10-06T23:52:38.7412529+07:00,llama-server,17848,0,1498.6
2026-10-06T23:52:39.7869862+07:00,asr-worker-vulkan,3764,0,562.4
2026-10-06T23:52:39.7869862+07:00,llama-server,17848,0,1498.6
2026-10-06T23:52:40.8282763+07:00,asr-worker-vulkan,3764,0,562.4
2026-10-06T23:52:40.8282763+07:00,llama-server,17848,0,1499.6
2026-10-06T23:52:41.9055077+07:00,asr-worker-vulkan,3764,0,562.4
2026-10-06T23:52:41.9055077+07:00,llama-server,17848,0,1500.1
2026-10-06T23:52:42.9639949+07:00,asr-worker-vulkan,3764,0,562.4
2026-10-06T23:52:42.9639949+07:00,llama-server,17848,0,1500.1
2026-10-06T23:52:44.0248568+07:00,asr-worker-vulkan,3764,0,562.4
2026-10-06T23:52:44.0248568+07:00,llama-server,17848,0,1500.1
2026-10-06T23:52:45.0714278+07:00,asr-worker-vulkan,3764,0,562.4
2026-10-06T23:52:45.0714278+07:00,llama-server,17848,0,1500.1
2026-10-06T23:52:46.1333638+07:00,asr-worker-vulkan,3764,0,562.4
2026-10-06T23:52:46.1333638+07:00,llama-server,17848,0,1500.6
2026-10-06T23:52:47.1914702+07:00,asr-worker-vulkan,3764,0,562.4
2026-10-06T23:52:47.1914702+07:00,llama-server,17848,0,1500.6
2026-10-06T23:52:48.2635217+07:00,asr-worker-vulkan,3764,0,562.4
2026-10-06T23:52:48.2635217+07:00,llama-server,17848,0,1500.6
2026-10-06T23:52:49.3200367+07:00,asr-worker-vulkan,3764,0,562.4
2026-10-06T23:52:49.3200367+07:00,llama-server,17848,0,1500.6
2026-10-06T23:52:50.3805621+07:00,asr-worker-vulkan,3764,0,562.4
2026-10-06T23:52:50.3805621+07:00,llama-server,17848,0,1500.6
2026-10-06T23:52:51.4406401+07:00,asr-worker-vulkan,3764,0,562.4
2026-10-06T23:52:51.4406401+07:00,llama-server,17848,0,1500.6
2026-10-06T23:52:52.5035143+07:00,asr-worker-vulkan,3764,0,562.4
2026-10-06T23:52:52.5035143+07:00,llama-server,17848,0,1500.6
2026-10-06T23:52:53.5704770+07:00,asr-worker-vulkan,3764,0,562.4
2026-10-06T23:52:53.5704770+07:00,llama-server,17848,0,1500.6
2026-10-06T23:52:54.6315767+07:00,asr-worker-vulkan,3764,0,562.4
2026-10-06T23:52:54.6315767+07:00,llama-server,17848,0,1500.6
2026-10-06T23:52:55.6907768+07:00,asr-worker-vulkan,3764,0,562.4
2026-10-06T23:52:55.6907768+07:00,llama-server,17848,0,1500.6
2026-10-06T23:52:56.7360850+07:00,asr-worker-vulkan,3764,0,562.4
2026-10-06T23:52:56.7360850+07:00,llama-server,17848,0,1500.6
2026-10-06T23:52:57.7991265+07:00,asr-worker-vulkan,3764,0,562.4
2026-10-06T23:52:57.7991265+07:00,llama-server,17848,0,1500.6
2026-10-06T23:52:58.8554109+07:00,asr-worker-vulkan,3764,0,562.4
2026-10-06T23:52:58.8554109+07:00,llama-server,17848,0,1500.8
2026-10-06T23:52:59.9132067+07:00,asr-worker-vulkan,3764,0,562.4
2026-10-06T23:52:59.9132067+07:00,llama-server,17848,0,1500.8
2026-10-06T23:53:00.9594812+07:00,asr-worker-vulkan,3764,0,562.4
2026-10-06T23:53:00.9594812+07:00,llama-server,17848,0,1500.8
2026-10-06T23:53:02.0177367+07:00,asr-worker-vulkan,3764,0,562.4
2026-10-06T23:53:02.0177367+07:00,llama-server,17848,0,1500.8
2026-10-06T23:53:03.0893179+07:00,asr-worker-vulkan,3764,0,562.4
2026-10-06T23:53:03.0893179+07:00,llama-server,17848,0,1500.8
2026-10-06T23:53:04.1316923+07:00,asr-worker-vulkan,3764,0,562.4
2026-10-06T23:53:04.1316923+07:00,llama-server,17848,0,1501.1
2026-10-06T23:53:05.1913989+07:00,asr-worker-vulkan,3764,0,562.4
2026-10-06T23:53:05.1913989+07:00,llama-server,17848,0,1501.1
2026-10-06T23:53:06.2350968+07:00,asr-worker-vulkan,3764,0,562.4
2026-10-06T23:53:06.2350968+07:00,llama-server,17848,0,1501.1
2026-10-06T23:53:07.2808746+07:00,asr-worker-vulkan,3764,0,562.4
2026-10-06T23:53:07.2808746+07:00,llama-server,17848,0,1501.1
2026-10-06T23:53:08.3542770+07:00,asr-worker-vulkan,3764,0,562.4
2026-10-06T23:53:08.3542770+07:00,llama-server,17848,0,1501.1
2026-10-06T23:53:09.3970699+07:00,asr-worker-vulkan,3764,0,562.4
2026-10-06T23:53:09.3970699+07:00,llama-server,17848,0,1501.1
2026-10-06T23:53:10.4390696+07:00,asr-worker-vulkan,3764,0,562.4
2026-10-06T23:53:10.4390696+07:00,llama-server,17848,0,1501.3
2026-10-06T23:53:11.5150285+07:00,asr-worker-vulkan,3764,0,562.4
2026-10-06T23:53:11.5150285+07:00,llama-server,17848,0,1501.3
2026-10-06T23:53:12.5623935+07:00,asr-worker-vulkan,3764,0,562.4
2026-10-06T23:53:12.5623935+07:00,llama-server,17848,0,1501.3
2026-10-06T23:53:13.6329410+07:00,asr-worker-vulkan,3764,0,562.4
2026-10-06T23:53:13.6329410+07:00,llama-server,17848,0,1501.3
2026-10-06T23:53:14.6786508+07:00,asr-worker-vulkan,3764,0,562.4
2026-10-06T23:53:14.6786508+07:00,llama-server,17848,0,1501.3
2026-10-06T23:53:15.7322052+07:00,asr-worker-vulkan,3764,0,562.4
2026-10-06T23:53:15.7322052+07:00,llama-server,17848,0,1501.3
2026-10-06T23:53:16.7927785+07:00,asr-worker-vulkan,3764,0,562.4
2026-10-06T23:53:16.7927785+07:00,llama-server,17848,0,1501.3
2026-10-06T23:53:17.8633200+07:00,asr-worker-vulkan,3764,0,562.4
2026-10-06T23:53:17.8633200+07:00,llama-server,17848,0,1501.3
2026-10-06T23:53:18.9272787+07:00,asr-worker-vulkan,3764,0,562.4
2026-10-06T23:53:18.9272787+07:00,llama-server,17848,0,1501.3
2026-10-06T23:53:19.9741710+07:00,asr-worker-vulkan,3764,0,562.4
2026-10-06T23:53:19.9741710+07:00,llama-server,17848,0,1501.3
2026-10-06T23:53:21.0351085+07:00,asr-worker-vulkan,3764,0,562.4
2026-10-06T23:53:21.0351085+07:00,llama-server,17848,0,1501.3
2026-10-06T23:53:22.0950327+07:00,asr-worker-vulkan,3764,0,562.4
2026-10-06T23:53:22.0950327+07:00,llama-server,17848,0,1501.3
2026-10-06T23:53:23.1566116+07:00,asr-worker-vulkan,3764,0,562.4
2026-10-06T23:53:23.1566116+07:00,llama-server,17848,0,1501.3
2026-10-06T23:53:24.2280947+07:00,asr-worker-vulkan,3764,0,562.4
2026-10-06T23:53:24.2280947+07:00,llama-server,17848,0,1501.3
2026-10-06T23:53:25.2914853+07:00,asr-worker-vulkan,3764,0,562.4
2026-10-06T23:53:25.2914853+07:00,llama-server,17848,0,1501.3
2026-10-06T23:53:26.3352009+07:00,asr-worker-vulkan,3764,0,562.4
2026-10-06T23:53:26.3352009+07:00,llama-server,17848,0,1501.3
2026-10-06T23:53:27.4074309+07:00,asr-worker-vulkan,3764,0,562.4
2026-10-06T23:53:27.4074309+07:00,llama-server,17848,0,1501.3
2026-10-06T23:53:28.4534193+07:00,asr-worker-vulkan,3764,0,562.4
2026-10-06T23:53:28.4534193+07:00,llama-server,17848,0,1501.3
2026-10-06T23:53:29.5002989+07:00,asr-worker-vulkan,3764,0,562.4
2026-10-06T23:53:29.5002989+07:00,llama-server,17848,0,1501.3
2026-10-06T23:53:30.5431765+07:00,asr-worker-vulkan,3764,0,562.4
2026-10-06T23:53:30.5431765+07:00,llama-server,17848,0,1501.3
2026-10-06T23:53:31.5869663+07:00,asr-worker-vulkan,3764,0,562.4
2026-10-06T23:53:31.5869663+07:00,llama-server,17848,0,1501.3
2026-10-06T23:53:32.6364806+07:00,asr-worker-vulkan,3764,0,562.4
2026-10-06T23:53:32.6364806+07:00,llama-server,17848,0,1501.3
2026-10-06T23:53:33.6980698+07:00,asr-worker-vulkan,3764,0,562.4
2026-10-06T23:53:33.6980698+07:00,llama-server,17848,0,1501.3
2026-10-06T23:53:34.7715843+07:00,asr-worker-vulkan,3764,0,562.4
2026-10-06T23:53:34.7715843+07:00,llama-server,17848,0,1501.3
2026-10-06T23:53:35.8220148+07:00,asr-worker-vulkan,3764,0,562.4
2026-10-06T23:53:35.8220148+07:00,llama-server,17848,0,1501.3
2026-10-06T23:53:36.8671606+07:00,asr-worker-vulkan,3764,0,562.4
2026-10-06T23:53:36.8671606+07:00,llama-server,17848,0,1501.3
2026-10-06T23:53:37.9153827+07:00,asr-worker-vulkan,3764,0,562.4
2026-10-06T23:53:37.9153827+07:00,llama-server,17848,0,1501.3
2026-10-06T23:53:38.9730220+07:00,asr-worker-vulkan,3764,0,562.4
2026-10-06T23:53:38.9730220+07:00,llama-server,17848,0,1501.3
2026-10-06T23:53:40.0487067+07:00,asr-worker-vulkan,3764,0,562.4
2026-10-06T23:53:40.0487067+07:00,llama-server,17848,0,1501.3
2026-10-06T23:53:41.1106074+07:00,asr-worker-vulkan,3764,0,562.4
2026-10-06T23:53:41.1106074+07:00,llama-server,17848,0,1501.6
2026-10-06T23:53:42.1708753+07:00,asr-worker-vulkan,3764,0,562.4
2026-10-06T23:53:42.1708753+07:00,llama-server,17848,0,1501.6
2026-10-06T23:53:43.2295403+07:00,asr-worker-vulkan,3764,0,562.4
2026-10-06T23:53:43.2295403+07:00,llama-server,17848,0,1501.6
2026-10-06T23:53:44.2872864+07:00,asr-worker-vulkan,3764,0,562.4
2026-10-06T23:53:44.2872864+07:00,llama-server,17848,0,1501.6
2026-10-06T23:53:45.3614409+07:00,asr-worker-vulkan,3764,0,562.4
2026-10-06T23:53:45.3614409+07:00,llama-server,17848,0,1501.6
2026-10-06T23:53:46.4070103+07:00,asr-worker-vulkan,3764,0,562.4
2026-10-06T23:53:46.4070103+07:00,llama-server,17848,0,1501.6
2026-10-06T23:53:47.4517266+07:00,asr-worker-vulkan,3764,0,562.4
2026-10-06T23:53:47.4517266+07:00,llama-server,17848,0,1501.6
2026-10-06T23:53:48.5109194+07:00,asr-worker-vulkan,3764,0,562.4
2026-10-06T23:53:48.5109194+07:00,llama-server,17848,0,1501.6
2026-10-06T23:53:49.5702277+07:00,asr-worker-vulkan,3764,0,562.4
2026-10-06T23:53:49.5702277+07:00,llama-server,17848,0,1501.6
2026-10-06T23:53:50.6272707+07:00,asr-worker-vulkan,3764,0,562.4
2026-10-06T23:53:50.6272707+07:00,llama-server,17848,0,1501.6
2026-10-06T23:53:51.6886486+07:00,asr-worker-vulkan,3764,0,562.4
2026-10-06T23:53:51.6886486+07:00,llama-server,17848,0,1501.6
2026-10-06T23:53:52.7503257+07:00,asr-worker-vulkan,3764,0,562.4
2026-10-06T23:53:52.7503257+07:00,llama-server,17848,0,1501.6
2026-10-06T23:53:53.7946984+07:00,asr-worker-vulkan,3764,0,562.4
2026-10-06T23:53:53.7946984+07:00,llama-server,17848,0,1501.6
2026-10-06T23:53:54.8577668+07:00,asr-worker-vulkan,3764,0,562.4
2026-10-06T23:53:54.8577668+07:00,llama-server,17848,0,1501.6
2026-10-06T23:53:55.9169069+07:00,asr-worker-vulkan,3764,0,562.4
2026-10-06T23:53:55.9169069+07:00,llama-server,17848,0,1501.6
2026-10-06T23:53:56.9681190+07:00,asr-worker-vulkan,3764,0,562.4
2026-10-06T23:53:56.9681190+07:00,llama-server,17848,0,1501.6
2026-10-06T23:53:58.0224760+07:00,asr-worker-vulkan,3764,0,562.4
2026-10-06T23:53:58.0224760+07:00,llama-server,17848,0,1501.6
2026-10-06T23:53:59.0841089+07:00,asr-worker-vulkan,3764,0,562.4
2026-10-06T23:53:59.0841089+07:00,llama-server,17848,0,1501.6
2026-10-06T23:54:00.1415526+07:00,asr-worker-vulkan,3764,0,562.4
2026-10-06T23:54:00.1415526+07:00,llama-server,17848,0,1501.6
2026-10-06T23:54:01.2163827+07:00,asr-worker-vulkan,3764,0,562.4
2026-10-06T23:54:01.2163827+07:00,llama-server,17848,0,1501.6
2026-10-06T23:54:02.2649301+07:00,asr-worker-vulkan,3764,0,562.4
2026-10-06T23:54:02.2649301+07:00,llama-server,17848,0,1501.6
2026-10-06T23:54:03.3251036+07:00,asr-worker-vulkan,3764,0,562.4
2026-10-06T23:54:03.3251036+07:00,llama-server,17848,0,1501.6
2026-10-06T23:54:04.3724750+07:00,asr-worker-vulkan,3764,0,562.4
2026-10-06T23:54:04.3724750+07:00,llama-server,17848,0,1501.6
2026-10-06T23:54:05.4313884+07:00,asr-worker-vulkan,3764,0,562.4
2026-10-06T23:54:05.4313884+07:00,llama-server,17848,0,1501.6
2026-10-06T23:54:06.5004641+07:00,llama-server,17848,0,1501.6
2026-10-06T23:54:07.5738149+07:00,llama-server,17848,0,1501.6
2026-10-06T23:54:08.6214183+07:00,asr-worker-vulkan,21188,0,559.8
2026-10-06T23:54:15.8375451+07:00,asr-worker-vulkan,21188,0,559.8
2026-10-06T23:54:15.8375451+07:00,llama-server,3048,0,1472.9
2026-10-06T23:54:16.8996580+07:00,asr-worker-vulkan,21188,0,561.9
2026-10-06T23:54:16.8996580+07:00,llama-server,3048,0,1476.9
2026-10-06T23:54:17.9602171+07:00,asr-worker-vulkan,21188,0,561.9
2026-10-06T23:54:17.9602171+07:00,llama-server,3048,0,1476.9
2026-10-06T23:54:19.0205829+07:00,asr-worker-vulkan,21188,0,561.9
2026-10-06T23:54:19.0205829+07:00,llama-server,3048,0,1476.9
2026-10-06T23:54:20.0840068+07:00,asr-worker-vulkan,21188,0,562.2
2026-10-06T23:54:20.0840068+07:00,llama-server,3048,0,1476.9
2026-10-06T23:54:21.1577735+07:00,asr-worker-vulkan,21188,0,562.2
2026-10-06T23:54:21.1577735+07:00,llama-server,3048,0,1483.8
2026-10-06T23:54:22.2193154+07:00,asr-worker-vulkan,21188,0,562.4
2026-10-06T23:54:22.2193154+07:00,llama-server,3048,0,1487.2
2026-10-06T23:54:23.2646153+07:00,asr-worker-vulkan,21188,0,562.4
2026-10-06T23:54:23.2646153+07:00,llama-server,3048,0,1487.2
2026-10-06T23:54:24.3088423+07:00,asr-worker-vulkan,21188,0,562.4
2026-10-06T23:54:24.3088423+07:00,llama-server,3048,0,1487.2
2026-10-06T23:54:25.3674158+07:00,asr-worker-vulkan,21188,0,562.4
2026-10-06T23:54:25.3674158+07:00,llama-server,3048,0,1487.2
2026-10-06T23:54:26.4394075+07:00,asr-worker-vulkan,21188,0,562.4
2026-10-06T23:54:26.4394075+07:00,llama-server,3048,0,1487.2
2026-10-06T23:54:27.5024122+07:00,asr-worker-vulkan,21188,0,562.4
2026-10-06T23:54:27.5024122+07:00,llama-server,3048,0,1487.2
2026-10-06T23:54:28.5632327+07:00,asr-worker-vulkan,21188,0,562.4
2026-10-06T23:54:28.5632327+07:00,llama-server,3048,0,1487.2
2026-10-06T23:54:29.6072004+07:00,asr-worker-vulkan,21188,0,562.4
2026-10-06T23:54:29.6072004+07:00,llama-server,3048,0,1487.2
2026-10-06T23:54:30.6682171+07:00,asr-worker-vulkan,21188,0,562.4
2026-10-06T23:54:30.6682171+07:00,llama-server,3048,0,1487.2
2026-10-06T23:54:31.7293339+07:00,asr-worker-vulkan,21188,0,562.4
2026-10-06T23:54:31.7293339+07:00,llama-server,3048,0,1488.4
2026-10-06T23:54:32.7885269+07:00,asr-worker-vulkan,21188,0,562.4
2026-10-06T23:54:32.7885269+07:00,llama-server,3048,0,1488.7
2026-10-06T23:54:33.8351820+07:00,asr-worker-vulkan,21188,0,562.4
2026-10-06T23:54:33.8351820+07:00,llama-server,3048,0,1488.7
2026-10-06T23:54:34.8949721+07:00,asr-worker-vulkan,21188,0,562.4
2026-10-06T23:54:34.8949721+07:00,llama-server,3048,0,1488.7
2026-10-06T23:54:35.9552589+07:00,asr-worker-vulkan,21188,0,562.4
2026-10-06T23:54:35.9552589+07:00,llama-server,3048,0,1488.7
2026-10-06T23:54:37.0154281+07:00,asr-worker-vulkan,21188,0,562.4
2026-10-06T23:54:37.0154281+07:00,llama-server,3048,0,1488.7
2026-10-06T23:54:38.0752818+07:00,asr-worker-vulkan,21188,0,562.4
2026-10-06T23:54:38.0752818+07:00,llama-server,3048,0,1488.7
2026-10-06T23:54:39.1379697+07:00,asr-worker-vulkan,21188,0,562.4
2026-10-06T23:54:39.1379697+07:00,llama-server,3048,0,1488.7
2026-10-06T23:54:40.1987123+07:00,asr-worker-vulkan,21188,0,562.4
2026-10-06T23:54:40.1987123+07:00,llama-server,3048,0,1488.7
2026-10-06T23:54:41.2591809+07:00,asr-worker-vulkan,21188,0,562.4
2026-10-06T23:54:41.2591809+07:00,llama-server,3048,0,1488.7
2026-10-06T23:54:42.3050349+07:00,asr-worker-vulkan,21188,0,562.4
2026-10-06T23:54:42.3050349+07:00,llama-server,3048,0,1488.7
2026-10-06T23:54:43.3489016+07:00,asr-worker-vulkan,21188,0,562.4
2026-10-06T23:54:43.3489016+07:00,llama-server,3048,0,1488.7
2026-10-06T23:54:44.4205233+07:00,asr-worker-vulkan,21188,0,562.4
2026-10-06T23:54:44.4205233+07:00,llama-server,3048,0,1488.9
2026-10-06T23:54:45.4668020+07:00,asr-worker-vulkan,21188,0,562.4
2026-10-06T23:54:45.4668020+07:00,llama-server,3048,0,1488.9
2026-10-06T23:54:46.5373589+07:00,asr-worker-vulkan,21188,0,562.4
2026-10-06T23:54:46.5373589+07:00,llama-server,3048,0,1489.2
2026-10-06T23:54:47.6006474+07:00,asr-worker-vulkan,21188,0,562.4
2026-10-06T23:54:47.6006474+07:00,llama-server,3048,0,1489.2
2026-10-06T23:54:48.6453523+07:00,asr-worker-vulkan,21188,0,562.4
2026-10-06T23:54:48.6453523+07:00,llama-server,3048,0,1489.2
2026-10-06T23:54:49.7018399+07:00,asr-worker-vulkan,21188,0,562.4
2026-10-06T23:54:49.7018399+07:00,llama-server,3048,0,1489.2
2026-10-06T23:54:50.7629798+07:00,asr-worker-vulkan,21188,0,562.4
2026-10-06T23:54:50.7629798+07:00,llama-server,3048,0,1489.4
2026-10-06T23:54:51.8138923+07:00,asr-worker-vulkan,21188,0,562.4
2026-10-06T23:54:51.8138923+07:00,llama-server,3048,0,1489.4
2026-10-06T23:54:52.8740144+07:00,asr-worker-vulkan,21188,0,562.4
2026-10-06T23:54:52.8740144+07:00,llama-server,3048,0,1489.4
2026-10-06T23:54:53.9351692+07:00,asr-worker-vulkan,21188,0,562.4
2026-10-06T23:54:53.9351692+07:00,llama-server,3048,0,1489.4
2026-10-06T23:54:54.9991033+07:00,asr-worker-vulkan,21188,0,562.4
2026-10-06T23:54:54.9991033+07:00,llama-server,3048,0,1489.4
2026-10-06T23:54:56.0571570+07:00,asr-worker-vulkan,21188,0,562.4
2026-10-06T23:54:56.0571570+07:00,llama-server,3048,0,1489.4
2026-10-06T23:54:57.1183934+07:00,asr-worker-vulkan,21188,0,562.4
2026-10-06T23:54:57.1183934+07:00,llama-server,3048,0,1489.4
2026-10-06T23:54:58.1788642+07:00,asr-worker-vulkan,21188,0,562.4
2026-10-06T23:54:58.1788642+07:00,llama-server,3048,0,1489.4
2026-10-06T23:54:59.2385080+07:00,asr-worker-vulkan,21188,0,562.4
2026-10-06T23:54:59.2385080+07:00,llama-server,3048,0,1489.7
2026-10-06T23:55:00.2974235+07:00,asr-worker-vulkan,21188,0,562.4
2026-10-06T23:55:00.2974235+07:00,llama-server,3048,0,1489.7
2026-10-06T23:55:01.3603193+07:00,asr-worker-vulkan,21188,0,562.4
2026-10-06T23:55:01.3603193+07:00,llama-server,3048,0,1489.7
2026-10-06T23:55:02.4071929+07:00,asr-worker-vulkan,21188,0,562.4
2026-10-06T23:55:02.4071929+07:00,llama-server,3048,0,1489.7
2026-10-06T23:55:03.4843134+07:00,asr-worker-vulkan,21188,0,562.4
2026-10-06T23:55:03.4843134+07:00,llama-server,3048,0,1489.9
2026-10-06T23:55:04.5466535+07:00,asr-worker-vulkan,21188,0,562.4
2026-10-06T23:55:04.5466535+07:00,llama-server,3048,0,1489.9
2026-10-06T23:55:05.5886150+07:00,asr-worker-vulkan,21188,0,562.4
2026-10-06T23:55:05.5886150+07:00,llama-server,3048,0,1489.9
2026-10-06T23:55:06.6550752+07:00,asr-worker-vulkan,21188,0,562.4
2026-10-06T23:55:06.6550752+07:00,llama-server,3048,0,1489.9
2026-10-06T23:55:07.7105343+07:00,asr-worker-vulkan,21188,0,562.4
2026-10-06T23:55:07.7105343+07:00,llama-server,3048,0,1489.9
2026-10-06T23:55:08.7583154+07:00,asr-worker-vulkan,21188,0,562.4
2026-10-06T23:55:08.7583154+07:00,llama-server,3048,0,1489.9
2026-10-06T23:55:09.8359170+07:00,asr-worker-vulkan,21188,0,562.4
2026-10-06T23:55:09.8359170+07:00,llama-server,3048,0,1489.9
2026-10-06T23:55:10.8819614+07:00,asr-worker-vulkan,21188,0,562.4
2026-10-06T23:55:10.8819614+07:00,llama-server,3048,0,1489.9
2026-10-06T23:55:11.9439601+07:00,asr-worker-vulkan,21188,0,562.4
2026-10-06T23:55:11.9439601+07:00,llama-server,3048,0,1489.9
2026-10-06T23:55:12.9864423+07:00,asr-worker-vulkan,21188,0,562.4
2026-10-06T23:55:12.9864423+07:00,llama-server,3048,0,1490.4
2026-10-06T23:55:14.0481127+07:00,asr-worker-vulkan,21188,0,562.4
2026-10-06T23:55:14.0481127+07:00,llama-server,3048,0,1490.4
2026-10-06T23:55:15.1059179+07:00,asr-worker-vulkan,21188,0,562.4
2026-10-06T23:55:15.1059179+07:00,llama-server,3048,0,1490.4
2026-10-06T23:55:16.1527935+07:00,asr-worker-vulkan,21188,0,562.4
2026-10-06T23:55:16.1527935+07:00,llama-server,3048,0,1490.4
2026-10-06T23:55:17.1987072+07:00,asr-worker-vulkan,21188,0,562.4
2026-10-06T23:55:17.1987072+07:00,llama-server,3048,0,1490.4
2026-10-06T23:55:18.2524835+07:00,asr-worker-vulkan,21188,0,562.4
2026-10-06T23:55:18.2524835+07:00,llama-server,3048,0,1490.4
2026-10-06T23:55:19.3118599+07:00,asr-worker-vulkan,21188,0,562.4
2026-10-06T23:55:19.3118599+07:00,llama-server,3048,0,1490.4
2026-10-06T23:55:20.3588594+07:00,asr-worker-vulkan,21188,0,562.4
2026-10-06T23:55:20.3588594+07:00,llama-server,3048,0,1490.4
2026-10-06T23:55:21.4023519+07:00,asr-worker-vulkan,21188,0,562.4
2026-10-06T23:55:21.4023519+07:00,llama-server,3048,0,1490.4
2026-10-06T23:55:22.4554412+07:00,asr-worker-vulkan,21188,0,562.4
2026-10-06T23:55:22.4554412+07:00,llama-server,3048,0,1490.4
2026-10-06T23:55:23.5034132+07:00,asr-worker-vulkan,21188,0,562.4
2026-10-06T23:55:23.5034132+07:00,llama-server,3048,0,1490.4
2026-10-06T23:55:24.5593544+07:00,asr-worker-vulkan,21188,0,562.4
2026-10-06T23:55:24.5593544+07:00,llama-server,3048,0,1490.4
2026-10-06T23:55:25.6203119+07:00,asr-worker-vulkan,21188,0,562.4
2026-10-06T23:55:25.6203119+07:00,llama-server,3048,0,1490.4
2026-10-06T23:55:26.6796741+07:00,asr-worker-vulkan,21188,0,562.4
2026-10-06T23:55:26.6796741+07:00,llama-server,3048,0,1490.4
2026-10-06T23:55:27.7152744+07:00,asr-worker-vulkan,21188,0,562.4
2026-10-06T23:55:27.7152744+07:00,llama-server,3048,0,1490.4
2026-10-06T23:55:28.7605228+07:00,asr-worker-vulkan,21188,0,562.4
2026-10-06T23:55:28.7605228+07:00,llama-server,3048,0,1490.4
2026-10-06T23:55:29.8327618+07:00,asr-worker-vulkan,21188,0,562.4
2026-10-06T23:55:29.8327618+07:00,llama-server,3048,0,1490.4
2026-10-06T23:55:30.8956619+07:00,asr-worker-vulkan,21188,0,562.4
2026-10-06T23:55:30.8956619+07:00,llama-server,3048,0,1490.4
2026-10-06T23:55:31.9437108+07:00,asr-worker-vulkan,21188,0,562.4
2026-10-06T23:55:31.9437108+07:00,llama-server,3048,0,1490.4
2026-10-06T23:55:32.9965656+07:00,asr-worker-vulkan,21188,0,562.4
2026-10-06T23:55:32.9965656+07:00,llama-server,3048,0,1490.4
2026-10-06T23:55:34.0603153+07:00,asr-worker-vulkan,21188,0,562.4
2026-10-06T23:55:34.0603153+07:00,llama-server,3048,0,1490.4
2026-10-06T23:55:35.1226899+07:00,asr-worker-vulkan,21188,0,562.4
2026-10-06T23:55:35.1226899+07:00,llama-server,3048,0,1490.4
2026-10-06T23:55:36.1820380+07:00,asr-worker-vulkan,21188,0,562.4
2026-10-06T23:55:36.1820380+07:00,llama-server,3048,0,1490.4
2026-10-06T23:55:37.2399497+07:00,asr-worker-vulkan,21188,0,562.4
2026-10-06T23:55:37.2399497+07:00,llama-server,3048,0,1490.4
2026-10-06T23:55:38.2858200+07:00,asr-worker-vulkan,21188,0,562.4
2026-10-06T23:55:38.2858200+07:00,llama-server,3048,0,1490.4
2026-10-06T23:55:39.3332059+07:00,asr-worker-vulkan,21188,0,562.4
2026-10-06T23:55:39.3332059+07:00,llama-server,3048,0,1490.4
2026-10-06T23:55:40.3921462+07:00,asr-worker-vulkan,21188,0,562.4
2026-10-06T23:55:40.3921462+07:00,llama-server,3048,0,1490.4
2026-10-06T23:55:41.4375872+07:00,asr-worker-vulkan,21188,0,562.4
2026-10-06T23:55:41.4375872+07:00,llama-server,3048,0,1490.7
2026-10-06T23:55:42.5000538+07:00,asr-worker-vulkan,21188,0,562.4
2026-10-06T23:55:42.5000538+07:00,llama-server,3048,0,1490.7
2026-10-06T23:55:43.5340048+07:00,asr-worker-vulkan,21188,0,562.4
2026-10-06T23:55:43.5340048+07:00,llama-server,3048,0,1490.7
2026-10-06T23:55:44.5925439+07:00,asr-worker-vulkan,21188,0,562.4
2026-10-06T23:55:44.5925439+07:00,llama-server,3048,0,1490.7
2026-10-06T23:55:45.6534254+07:00,asr-worker-vulkan,21188,0,562.4
2026-10-06T23:55:45.6534254+07:00,llama-server,3048,0,1490.9
2026-10-06T23:55:46.7167873+07:00,asr-worker-vulkan,21188,0,562.4
2026-10-06T23:55:46.7167873+07:00,llama-server,3048,0,1490.9
2026-10-06T23:55:47.7762090+07:00,asr-worker-vulkan,21188,0,562.4
2026-10-06T23:55:47.7762090+07:00,llama-server,3048,0,1490.9
2026-10-06T23:55:48.8362424+07:00,asr-worker-vulkan,21188,0,562.4
2026-10-06T23:55:48.8362424+07:00,llama-server,3048,0,1490.9
2026-10-06T23:55:49.8999581+07:00,asr-worker-vulkan,21188,0,562.4
2026-10-06T23:55:49.8999581+07:00,llama-server,3048,0,1491.2
2026-10-06T23:55:50.9616899+07:00,asr-worker-vulkan,21188,0,562.4
2026-10-06T23:55:50.9616899+07:00,llama-server,3048,0,1491.2
2026-10-06T23:55:52.0230022+07:00,asr-worker-vulkan,21188,0,562.4
2026-10-06T23:55:52.0230022+07:00,llama-server,3048,0,1491.2
2026-10-06T23:55:53.0856057+07:00,asr-worker-vulkan,21188,0,562.4
2026-10-06T23:55:53.0856057+07:00,llama-server,3048,0,1491.2
2026-10-06T23:55:54.1433642+07:00,asr-worker-vulkan,21188,0,562.4
2026-10-06T23:55:54.1433642+07:00,llama-server,3048,0,1491.2
2026-10-06T23:55:55.2022103+07:00,asr-worker-vulkan,21188,0,562.4
2026-10-06T23:55:55.2022103+07:00,llama-server,3048,0,1491.2
2026-10-06T23:55:56.2461044+07:00,asr-worker-vulkan,21188,0,562.4
2026-10-06T23:55:56.2461044+07:00,llama-server,3048,0,1491.2
2026-10-06T23:55:57.2914825+07:00,asr-worker-vulkan,21188,0,562.4
2026-10-06T23:55:57.2914825+07:00,llama-server,3048,0,1491.2
2026-10-06T23:55:58.3348296+07:00,asr-worker-vulkan,21188,0,562.4
2026-10-06T23:55:58.3348296+07:00,llama-server,3048,0,1491.2
2026-10-06T23:55:59.3896182+07:00,asr-worker-vulkan,21188,0,562.4
2026-10-06T23:55:59.3896182+07:00,llama-server,3048,0,1491.2
2026-10-06T23:56:00.4478053+07:00,asr-worker-vulkan,21188,0,562.4
2026-10-06T23:56:00.4478053+07:00,llama-server,3048,0,1491.2
2026-10-06T23:56:01.5066476+07:00,asr-worker-vulkan,21188,0,562.4
2026-10-06T23:56:01.5066476+07:00,llama-server,3048,0,1491.5
2026-10-06T23:56:02.5657007+07:00,asr-worker-vulkan,21188,0,562.4
2026-10-06T23:56:02.5657007+07:00,llama-server,3048,0,1491.5
2026-10-06T23:56:03.6292271+07:00,asr-worker-vulkan,21188,0,562.4
2026-10-06T23:56:03.6292271+07:00,llama-server,3048,0,1491.5
2026-10-06T23:56:04.6859301+07:00,asr-worker-vulkan,21188,0,562.4
2026-10-06T23:56:04.6859301+07:00,llama-server,3048,0,1491.5
2026-10-06T23:56:05.7330014+07:00,asr-worker-vulkan,21188,0,562.4
2026-10-06T23:56:05.7330014+07:00,llama-server,3048,0,1491.5
2026-10-06T23:56:06.7946604+07:00,asr-worker-vulkan,21188,0,562.4
2026-10-06T23:56:06.7946604+07:00,llama-server,3048,0,1491.8
2026-10-06T23:56:07.8525389+07:00,asr-worker-vulkan,21188,0,562.4
2026-10-06T23:56:07.8525389+07:00,llama-server,3048,0,1491.8
2026-10-06T23:56:08.8968555+07:00,asr-worker-vulkan,21188,0,562.4
2026-10-06T23:56:08.8968555+07:00,llama-server,3048,0,1491.8
2026-10-06T23:56:09.9568593+07:00,asr-worker-vulkan,21188,0,562.4
2026-10-06T23:56:09.9568593+07:00,llama-server,3048,0,1491.8
2026-10-06T23:56:11.0151129+07:00,asr-worker-vulkan,21188,0,562.4
2026-10-06T23:56:11.0151129+07:00,llama-server,3048,0,1491.8
2026-10-06T23:56:12.0807516+07:00,asr-worker-vulkan,21188,0,562.4
2026-10-06T23:56:12.0807516+07:00,llama-server,3048,0,1491.8
2026-10-06T23:56:13.1413958+07:00,asr-worker-vulkan,21188,0,562.4
2026-10-06T23:56:13.1413958+07:00,llama-server,3048,0,1491.8
2026-10-06T23:56:14.1999722+07:00,asr-worker-vulkan,21188,0,562.4
2026-10-06T23:56:14.1999722+07:00,llama-server,3048,0,1491.8
2026-10-06T23:56:15.2777889+07:00,asr-worker-vulkan,21188,0,562.4
2026-10-06T23:56:15.2777889+07:00,llama-server,3048,0,1491.8
2026-10-06T23:56:16.3375573+07:00,asr-worker-vulkan,21188,0,562.4
2026-10-06T23:56:16.3375573+07:00,llama-server,3048,0,1491.8
2026-10-06T23:56:17.4121027+07:00,asr-worker-vulkan,21188,0,562.4
2026-10-06T23:56:17.4121027+07:00,llama-server,3048,0,1491.8
2026-10-06T23:56:18.4485569+07:00,asr-worker-vulkan,21188,0,562.4
2026-10-06T23:56:18.4485569+07:00,llama-server,3048,0,1491.8
2026-10-06T23:56:19.5077103+07:00,asr-worker-vulkan,21188,0,562.4
2026-10-06T23:56:19.5077103+07:00,llama-server,3048,0,1491.8
2026-10-06T23:56:20.5665826+07:00,asr-worker-vulkan,21188,0,562.4
2026-10-06T23:56:20.5665826+07:00,llama-server,3048,0,1491.8
2026-10-06T23:56:21.6209399+07:00,asr-worker-vulkan,21188,0,562.4
2026-10-06T23:56:21.6209399+07:00,llama-server,3048,0,1491.8
2026-10-06T23:56:22.6947747+07:00,asr-worker-vulkan,21188,0,562.4
2026-10-06T23:56:22.6947747+07:00,llama-server,3048,0,1492
2026-10-06T23:56:23.7380385+07:00,asr-worker-vulkan,21188,0,562.4
2026-10-06T23:56:23.7380385+07:00,llama-server,3048,0,1492
2026-10-06T23:56:24.7973106+07:00,asr-worker-vulkan,21188,0,562.4
2026-10-06T23:56:24.7973106+07:00,llama-server,3048,0,1492
2026-10-06T23:56:25.8616384+07:00,asr-worker-vulkan,21188,0,562.4
2026-10-06T23:56:25.8616384+07:00,llama-server,3048,0,1492.3
2026-10-06T23:56:26.9234425+07:00,asr-worker-vulkan,21188,0,562.4
2026-10-06T23:56:26.9234425+07:00,llama-server,3048,0,1492.3
2026-10-06T23:56:27.9693934+07:00,asr-worker-vulkan,21188,0,562.4
2026-10-06T23:56:27.9693934+07:00,llama-server,3048,0,1492.3
2026-10-06T23:56:29.0333414+07:00,asr-worker-vulkan,21188,0,562.4
2026-10-06T23:56:29.0333414+07:00,llama-server,3048,0,1492.3
2026-10-06T23:56:30.0907970+07:00,asr-worker-vulkan,21188,0,562.4
2026-10-06T23:56:30.0907970+07:00,llama-server,3048,0,1492.3
2026-10-06T23:56:31.1534288+07:00,asr-worker-vulkan,21188,0,562.4
2026-10-06T23:56:31.1534288+07:00,llama-server,3048,0,1492.5
2026-10-06T23:56:32.1933300+07:00,asr-worker-vulkan,21188,0,562.4
2026-10-06T23:56:32.1933300+07:00,llama-server,3048,0,1492.5
2026-10-06T23:56:33.2541733+07:00,asr-worker-vulkan,21188,0,562.4
2026-10-06T23:56:33.2541733+07:00,llama-server,3048,0,1492.5
2026-10-06T23:56:34.3003752+07:00,asr-worker-vulkan,21188,0,562.4
2026-10-06T23:56:34.3003752+07:00,llama-server,3048,0,1492.5
2026-10-06T23:56:35.3726893+07:00,asr-worker-vulkan,21188,0,562.4
2026-10-06T23:56:35.3726893+07:00,llama-server,3048,0,1492.5
2026-10-06T23:56:36.4149698+07:00,asr-worker-vulkan,21188,0,562.4
2026-10-06T23:56:36.4149698+07:00,llama-server,3048,0,1492.5
2026-10-06T23:56:37.4760131+07:00,asr-worker-vulkan,21188,0,562.4
2026-10-06T23:56:37.4760131+07:00,llama-server,3048,0,1492.5
2026-10-06T23:56:38.5536281+07:00,asr-worker-vulkan,21188,0,562.4
2026-10-06T23:56:38.5536281+07:00,llama-server,3048,0,1492.5
2026-10-06T23:56:39.6109473+07:00,asr-worker-vulkan,21188,0,562.4
2026-10-06T23:56:39.6109473+07:00,llama-server,3048,0,1492.5
2026-10-06T23:56:40.6710142+07:00,asr-worker-vulkan,21188,0,562.4
2026-10-06T23:56:40.6710142+07:00,llama-server,3048,0,1492.5
2026-10-06T23:56:41.7330111+07:00,asr-worker-vulkan,21188,0,562.4
2026-10-06T23:56:41.7330111+07:00,llama-server,3048,0,1492.5
2026-10-06T23:56:42.7832999+07:00,asr-worker-vulkan,21188,0,562.4
2026-10-06T23:56:42.7832999+07:00,llama-server,3048,0,1492.5
2026-10-06T23:56:43.8432738+07:00,asr-worker-vulkan,21188,0,562.4
2026-10-06T23:56:43.8432738+07:00,llama-server,3048,0,1492.5
2026-10-06T23:56:44.9004287+07:00,asr-worker-vulkan,21188,0,562.4
2026-10-06T23:56:44.9004287+07:00,llama-server,3048,0,1492.5
2026-10-06T23:56:45.9474871+07:00,asr-worker-vulkan,21188,0,562.4
2026-10-06T23:56:45.9474871+07:00,llama-server,3048,0,1492.5
2026-10-06T23:56:47.0042635+07:00,asr-worker-vulkan,21188,0,562.4
2026-10-06T23:56:47.0042635+07:00,llama-server,3048,0,1492.5
2026-10-06T23:56:48.0652443+07:00,asr-worker-vulkan,21188,0,562.4
2026-10-06T23:56:48.0652443+07:00,llama-server,3048,0,1492.5
2026-10-06T23:56:49.1388251+07:00,asr-worker-vulkan,21188,0,562.4
2026-10-06T23:56:49.1388251+07:00,llama-server,3048,0,1492.5
2026-10-06T23:56:50.2142222+07:00,asr-worker-vulkan,21188,0,562.4
2026-10-06T23:56:50.2142222+07:00,llama-server,3048,0,1492.5
2026-10-06T23:56:51.2598652+07:00,asr-worker-vulkan,21188,0,562.4
2026-10-06T23:56:51.2598652+07:00,llama-server,3048,0,1492.5
2026-10-06T23:56:52.3062179+07:00,asr-worker-vulkan,21188,0,562.4
2026-10-06T23:56:52.3062179+07:00,llama-server,3048,0,1492.5
2026-10-06T23:56:53.3680506+07:00,asr-worker-vulkan,21188,0,562.4
2026-10-06T23:56:53.3680506+07:00,llama-server,3048,0,1492.5
2026-10-06T23:56:54.4370576+07:00,asr-worker-vulkan,21188,0,562.4
2026-10-06T23:56:54.4370576+07:00,llama-server,3048,0,1492.5
2026-10-06T23:56:55.4823710+07:00,asr-worker-vulkan,21188,0,562.4
2026-10-06T23:56:55.4823710+07:00,llama-server,3048,0,1492.5
2026-10-06T23:56:56.5488305+07:00,asr-worker-vulkan,21188,0,562.4
2026-10-06T23:56:56.5488305+07:00,llama-server,3048,0,1492.5
2026-10-06T23:56:57.6053041+07:00,asr-worker-vulkan,21188,0,562.4
2026-10-06T23:56:57.6053041+07:00,llama-server,3048,0,1492.5
2026-10-06T23:56:58.6507901+07:00,asr-worker-vulkan,21188,0,562.4
2026-10-06T23:56:58.6507901+07:00,llama-server,3048,0,1492.5
2026-10-06T23:56:59.7150806+07:00,asr-worker-vulkan,21188,0,562.4
2026-10-06T23:56:59.7150806+07:00,llama-server,3048,0,1492.5
2026-10-06T23:57:00.7720947+07:00,asr-worker-vulkan,21188,0,562.4
2026-10-06T23:57:00.7720947+07:00,llama-server,3048,0,1492.5
2026-10-06T23:57:01.8361137+07:00,asr-worker-vulkan,21188,0,562.4
2026-10-06T23:57:01.8361137+07:00,llama-server,3048,0,1492.5
2026-10-06T23:57:02.8994243+07:00,asr-worker-vulkan,21188,0,562.4
2026-10-06T23:57:02.8994243+07:00,llama-server,3048,0,1492.5
2026-10-06T23:57:03.9460799+07:00,asr-worker-vulkan,21188,0,562.4
2026-10-06T23:57:03.9460799+07:00,llama-server,3048,0,1492.5
2026-10-06T23:57:05.0029461+07:00,asr-worker-vulkan,21188,0,562.4
2026-10-06T23:57:05.0029461+07:00,llama-server,3048,0,1492.5
2026-10-06T23:57:06.0572229+07:00,asr-worker-vulkan,21188,0,562.4
2026-10-06T23:57:06.0572229+07:00,llama-server,3048,0,1492.5
2026-10-06T23:57:07.1194069+07:00,asr-worker-vulkan,21188,0,562.4
2026-10-06T23:57:07.1194069+07:00,llama-server,3048,0,1492.5
2026-10-06T23:57:08.1778956+07:00,asr-worker-vulkan,21188,0,562.4
2026-10-06T23:57:08.1778956+07:00,llama-server,3048,0,1492.8
2026-10-06T23:57:09.2250571+07:00,asr-worker-vulkan,21188,0,562.4
2026-10-06T23:57:09.2250571+07:00,llama-server,3048,0,1492.8
2026-10-06T23:57:10.2692958+07:00,asr-worker-vulkan,21188,0,562.4
2026-10-06T23:57:10.2692958+07:00,llama-server,3048,0,1492.8
2026-10-06T23:57:11.3300407+07:00,asr-worker-vulkan,21188,0,562.4
2026-10-06T23:57:11.3300407+07:00,llama-server,3048,0,1492.8
2026-10-06T23:57:12.3899522+07:00,asr-worker-vulkan,21188,0,562.4
2026-10-06T23:57:12.3899522+07:00,llama-server,3048,0,1492.8
2026-10-06T23:57:13.4353202+07:00,asr-worker-vulkan,21188,0,562.4
2026-10-06T23:57:13.4353202+07:00,llama-server,3048,0,1492.8
2026-10-06T23:57:14.4948758+07:00,asr-worker-vulkan,21188,0,562.4
2026-10-06T23:57:14.4948758+07:00,llama-server,3048,0,1492.8
2026-10-06T23:57:15.5685638+07:00,asr-worker-vulkan,21188,0,562.4
2026-10-06T23:57:15.5685638+07:00,llama-server,3048,0,1492.8
2026-10-06T23:57:17.6389294+07:00,asr-worker-vulkan,22188,0,555.4
2026-10-06T23:57:18.6999836+07:00,asr-worker-vulkan,22188,0,559.8
2026-10-06T23:57:18.6999836+07:00,llama-server,9852,0,1470.5
2026-10-06T23:57:19.7435547+07:00,asr-worker-vulkan,22188,0,559.8
2026-10-06T23:57:19.7435547+07:00,llama-server,9852,0,1474.5
2026-10-06T23:57:20.8042817+07:00,asr-worker-vulkan,22188,0,559.8
2026-10-06T23:57:20.8042817+07:00,llama-server,9852,0,1474.5
2026-10-06T23:57:21.8487403+07:00,asr-worker-vulkan,22188,0,559.8
2026-10-06T23:57:21.8487403+07:00,llama-server,9852,0,1474.5
2026-10-06T23:57:22.9110072+07:00,asr-worker-vulkan,22188,0,559.8
2026-10-06T23:57:22.9110072+07:00,llama-server,9852,0,1474.5
2026-10-06T23:57:23.9551233+07:00,asr-worker-vulkan,22188,0,559.8
2026-10-06T23:57:23.9551233+07:00,llama-server,9852,0,1474.5
2026-10-06T23:57:25.0190975+07:00,asr-worker-vulkan,22188,0,559.8
2026-10-06T23:57:25.0190975+07:00,llama-server,9852,0,1474.5
2026-10-06T23:57:26.0812142+07:00,asr-worker-vulkan,22188,0,561.9
2026-10-06T23:57:26.0812142+07:00,llama-server,9852,0,1475.8
2026-10-06T23:57:27.1434812+07:00,asr-worker-vulkan,22188,0,561.9
2026-10-06T23:57:27.1434812+07:00,llama-server,9852,0,1477.7
2026-10-06T23:57:28.2006852+07:00,asr-worker-vulkan,22188,0,562.4
2026-10-06T23:57:28.2006852+07:00,llama-server,9852,0,1479.1
2026-10-06T23:57:29.2589313+07:00,asr-worker-vulkan,22188,0,562.4
2026-10-06T23:57:29.2589313+07:00,llama-server,9852,0,1479.1
2026-10-06T23:57:30.3202253+07:00,asr-worker-vulkan,22188,0,562.4
2026-10-06T23:57:30.3202253+07:00,llama-server,9852,0,1479.1
2026-10-06T23:57:31.3648486+07:00,asr-worker-vulkan,22188,0,562.4
2026-10-06T23:57:31.3648486+07:00,llama-server,9852,0,1479.1
2026-10-06T23:57:32.4254200+07:00,asr-worker-vulkan,22188,0,562.4
2026-10-06T23:57:32.4254200+07:00,llama-server,9852,0,1480.2
2026-10-06T23:57:33.4877620+07:00,asr-worker-vulkan,22188,0,562.4
2026-10-06T23:57:33.4877620+07:00,llama-server,9852,0,1480.2
2026-10-06T23:57:34.5490558+07:00,asr-worker-vulkan,22188,0,562.4
2026-10-06T23:57:34.5490558+07:00,llama-server,9852,0,1480.2
2026-10-06T23:57:35.5958070+07:00,asr-worker-vulkan,22188,0,562.4
2026-10-06T23:57:35.5958070+07:00,llama-server,9852,0,1480.2
2026-10-06T23:57:36.6395175+07:00,asr-worker-vulkan,22188,0,562.4
2026-10-06T23:57:36.6395175+07:00,llama-server,9852,0,1480.2
2026-10-06T23:57:37.6847379+07:00,asr-worker-vulkan,22188,0,562.4
2026-10-06T23:57:37.6847379+07:00,llama-server,9852,0,1482.7
2026-10-06T23:57:38.7457863+07:00,asr-worker-vulkan,22188,0,562.4
2026-10-06T23:57:38.7457863+07:00,llama-server,9852,0,1482.7
2026-10-06T23:57:39.8046621+07:00,asr-worker-vulkan,22188,0,562.4
2026-10-06T23:57:39.8046621+07:00,llama-server,9852,0,1482.7
2026-10-06T23:57:40.8526202+07:00,asr-worker-vulkan,22188,0,562.4
2026-10-06T23:57:40.8526202+07:00,llama-server,9852,0,1482.7
2026-10-06T23:57:41.9120146+07:00,asr-worker-vulkan,22188,0,562.4
2026-10-06T23:57:41.9120146+07:00,llama-server,9852,0,1482.7
2026-10-06T23:57:42.9717923+07:00,asr-worker-vulkan,22188,0,562.4
2026-10-06T23:57:42.9717923+07:00,llama-server,9852,0,1483.1
2026-10-06T23:57:44.0355283+07:00,asr-worker-vulkan,22188,0,562.4
2026-10-06T23:57:44.0355283+07:00,llama-server,9852,0,1483.1
2026-10-06T23:57:45.0993628+07:00,asr-worker-vulkan,22188,0,562.4
2026-10-06T23:57:45.0993628+07:00,llama-server,9852,0,1484.9
2026-10-06T23:57:46.1600883+07:00,asr-worker-vulkan,22188,0,562.4
2026-10-06T23:57:46.1600883+07:00,llama-server,9852,0,1484.9
2026-10-06T23:57:47.2190441+07:00,asr-worker-vulkan,22188,0,562.4
2026-10-06T23:57:47.2190441+07:00,llama-server,9852,0,1484.9
2026-10-06T23:57:48.2648573+07:00,asr-worker-vulkan,22188,0,562.4
2026-10-06T23:57:48.2648573+07:00,llama-server,9852,0,1484.9
2026-10-06T23:57:49.3350635+07:00,asr-worker-vulkan,22188,0,562.4
2026-10-06T23:57:49.3350635+07:00,llama-server,9852,0,1484.9
2026-10-06T23:57:50.3955118+07:00,asr-worker-vulkan,22188,0,562.4
2026-10-06T23:57:50.3955118+07:00,llama-server,9852,0,1484.9
2026-10-06T23:57:51.4588092+07:00,asr-worker-vulkan,22188,0,562.4
2026-10-06T23:57:51.4588092+07:00,llama-server,9852,0,1484.9
2026-10-06T23:57:52.5184299+07:00,asr-worker-vulkan,22188,0,562.4
2026-10-06T23:57:52.5184299+07:00,llama-server,9852,0,1486.4
2026-10-06T23:57:53.5789227+07:00,asr-worker-vulkan,22188,0,562.4
2026-10-06T23:57:53.5789227+07:00,llama-server,9852,0,1486.4
2026-10-06T23:57:54.6246578+07:00,asr-worker-vulkan,22188,0,562.4
2026-10-06T23:57:54.6246578+07:00,llama-server,9852,0,1486.4
2026-10-06T23:57:55.6827402+07:00,asr-worker-vulkan,22188,0,562.4
2026-10-06T23:57:55.6827402+07:00,llama-server,9852,0,1486.4
2026-10-06T23:57:56.7285692+07:00,asr-worker-vulkan,22188,0,562.4
2026-10-06T23:57:56.7285692+07:00,llama-server,9852,0,1486.4
2026-10-06T23:57:57.7878129+07:00,asr-worker-vulkan,22188,0,562.4
2026-10-06T23:57:57.7878129+07:00,llama-server,9852,0,1486.4
2026-10-06T23:57:58.8329828+07:00,asr-worker-vulkan,22188,0,562.4
2026-10-06T23:57:58.8329828+07:00,llama-server,9852,0,1486.4
2026-10-06T23:57:59.8909236+07:00,asr-worker-vulkan,22188,0,562.4
2026-10-06T23:57:59.8909236+07:00,llama-server,9852,0,1487.5
2026-10-06T23:58:00.9505045+07:00,asr-worker-vulkan,22188,0,562.4
2026-10-06T23:58:00.9505045+07:00,llama-server,9852,0,1487.5
2026-10-06T23:58:01.9961926+07:00,asr-worker-vulkan,22188,0,562.4
2026-10-06T23:58:01.9961926+07:00,llama-server,9852,0,1487.5
2026-10-06T23:58:03.0544133+07:00,asr-worker-vulkan,22188,0,562.4
2026-10-06T23:58:03.0544133+07:00,llama-server,9852,0,1487.5
2026-10-06T23:58:04.1161255+07:00,asr-worker-vulkan,22188,0,562.4
2026-10-06T23:58:04.1161255+07:00,llama-server,9852,0,1487.5
2026-10-06T23:58:05.1758888+07:00,asr-worker-vulkan,22188,0,562.4
2026-10-06T23:58:05.1758888+07:00,llama-server,9852,0,1487.7
2026-10-06T23:58:06.2519668+07:00,asr-worker-vulkan,22188,0,562.4
2026-10-06T23:58:06.2519668+07:00,llama-server,9852,0,1487.7
2026-10-06T23:58:07.3184545+07:00,asr-worker-vulkan,22188,0,562.4
2026-10-06T23:58:07.3184545+07:00,llama-server,9852,0,1487.7
2026-10-06T23:58:08.3926586+07:00,asr-worker-vulkan,22188,0,562.4
2026-10-06T23:58:08.3926586+07:00,llama-server,9852,0,1489.5
2026-10-06T23:58:09.4511057+07:00,asr-worker-vulkan,22188,0,562.4
2026-10-06T23:58:09.4511057+07:00,llama-server,9852,0,1490.2
2026-10-06T23:58:10.5136825+07:00,asr-worker-vulkan,22188,0,562.4
2026-10-06T23:58:10.5136825+07:00,llama-server,9852,0,1490.2
2026-10-06T23:58:11.5706102+07:00,asr-worker-vulkan,22188,0,562.4
2026-10-06T23:58:11.5706102+07:00,llama-server,9852,0,1490.2
2026-10-06T23:58:12.6293544+07:00,asr-worker-vulkan,22188,0,562.4
2026-10-06T23:58:12.6293544+07:00,llama-server,9852,0,1490.7
2026-10-06T23:58:13.7051865+07:00,asr-worker-vulkan,22188,0,562.4
2026-10-06T23:58:13.7051865+07:00,llama-server,9852,0,1490.7
2026-10-06T23:58:14.7639666+07:00,asr-worker-vulkan,22188,0,562.4
2026-10-06T23:58:14.7639666+07:00,llama-server,9852,0,1490.7
2026-10-06T23:58:15.8081045+07:00,asr-worker-vulkan,22188,0,562.4
2026-10-06T23:58:15.8081045+07:00,llama-server,9852,0,1490.7
2026-10-06T23:58:16.8547307+07:00,asr-worker-vulkan,22188,0,562.4
2026-10-06T23:58:16.8547307+07:00,llama-server,9852,0,1490.7
2026-10-06T23:58:17.9114129+07:00,asr-worker-vulkan,22188,0,562.4
2026-10-06T23:58:17.9114129+07:00,llama-server,9852,0,1490.9
2026-10-06T23:58:18.9873928+07:00,asr-worker-vulkan,22188,0,562.4
2026-10-06T23:58:18.9873928+07:00,llama-server,9852,0,1490.9
2026-10-06T23:58:20.0358277+07:00,asr-worker-vulkan,22188,0,562.4
2026-10-06T23:58:20.0358277+07:00,llama-server,9852,0,1490.9
2026-10-06T23:58:21.0869698+07:00,asr-worker-vulkan,22188,0,562.4
2026-10-06T23:58:21.0869698+07:00,llama-server,9852,0,1490.9
2026-10-06T23:58:22.1484194+07:00,asr-worker-vulkan,22188,0,562.4
2026-10-06T23:58:22.1484194+07:00,llama-server,9852,0,1490.9
2026-10-06T23:58:23.1937685+07:00,asr-worker-vulkan,22188,0,562.4
2026-10-06T23:58:23.1937685+07:00,llama-server,9852,0,1490.9
2026-10-06T23:58:24.2545582+07:00,asr-worker-vulkan,22188,0,562.4
2026-10-06T23:58:24.2545582+07:00,llama-server,9852,0,1490.9
2026-10-06T23:58:25.3117418+07:00,asr-worker-vulkan,22188,0,562.4
2026-10-06T23:58:25.3117418+07:00,llama-server,9852,0,1490.9
2026-10-06T23:58:26.3785374+07:00,asr-worker-vulkan,22188,0,562.4
2026-10-06T23:58:26.3785374+07:00,llama-server,9852,0,1490.9
2026-10-06T23:58:27.4246628+07:00,asr-worker-vulkan,22188,0,562.4
2026-10-06T23:58:27.4246628+07:00,llama-server,9852,0,1490.9
2026-10-06T23:58:28.4857578+07:00,asr-worker-vulkan,22188,0,562.4
2026-10-06T23:58:28.4857578+07:00,llama-server,9852,0,1490.9
2026-10-06T23:58:29.5459188+07:00,asr-worker-vulkan,22188,0,562.4
2026-10-06T23:58:29.5459188+07:00,llama-server,9852,0,1491.2
2026-10-06T23:58:30.6067062+07:00,asr-worker-vulkan,22188,0,562.4
2026-10-06T23:58:30.6067062+07:00,llama-server,9852,0,1491.2
2026-10-06T23:58:31.6660521+07:00,asr-worker-vulkan,22188,0,562.4
2026-10-06T23:58:31.6660521+07:00,llama-server,9852,0,1491.2
2026-10-06T23:58:32.7029891+07:00,asr-worker-vulkan,22188,0,562.4
2026-10-06T23:58:32.7029891+07:00,llama-server,9852,0,1491.2
2026-10-06T23:58:33.7448984+07:00,asr-worker-vulkan,22188,0,562.4
2026-10-06T23:58:33.7448984+07:00,llama-server,9852,0,1491.2
2026-10-06T23:58:34.8053918+07:00,asr-worker-vulkan,22188,0,562.4
2026-10-06T23:58:34.8053918+07:00,llama-server,9852,0,1491.4
2026-10-06T23:58:35.8504957+07:00,asr-worker-vulkan,22188,0,562.4
2026-10-06T23:58:35.8504957+07:00,llama-server,9852,0,1491.4
2026-10-06T23:58:36.8982710+07:00,asr-worker-vulkan,22188,0,562.4
2026-10-06T23:58:36.8982710+07:00,llama-server,9852,0,1491.4
2026-10-06T23:58:37.9596182+07:00,asr-worker-vulkan,22188,0,562.4
2026-10-06T23:58:37.9596182+07:00,llama-server,9852,0,1491.5
2026-10-06T23:58:39.0204130+07:00,asr-worker-vulkan,22188,0,562.4
2026-10-06T23:58:39.0204130+07:00,llama-server,9852,0,1491.7
2026-10-06T23:58:40.0797519+07:00,asr-worker-vulkan,22188,0,562.4
2026-10-06T23:58:40.0797519+07:00,llama-server,9852,0,1491.7
2026-10-06T23:58:41.1279338+07:00,asr-worker-vulkan,22188,0,562.4
2026-10-06T23:58:41.1279338+07:00,llama-server,9852,0,1491.7
2026-10-06T23:58:42.1828639+07:00,asr-worker-vulkan,22188,0,562.4
2026-10-06T23:58:42.1828639+07:00,llama-server,9852,0,1491.7
2026-10-06T23:58:43.2412631+07:00,asr-worker-vulkan,22188,0,562.4
2026-10-06T23:58:43.2412631+07:00,llama-server,9852,0,1491.7
2026-10-06T23:58:44.2965527+07:00,asr-worker-vulkan,22188,0,562.4
2026-10-06T23:58:44.2965527+07:00,llama-server,9852,0,1491.7
2026-10-06T23:58:45.3709268+07:00,asr-worker-vulkan,22188,0,562.4
2026-10-06T23:58:45.3709268+07:00,llama-server,9852,0,1491.7
2026-10-06T23:58:46.4158268+07:00,asr-worker-vulkan,22188,0,562.4
2026-10-06T23:58:46.4158268+07:00,llama-server,9852,0,1491.7
2026-10-06T23:58:47.4635024+07:00,asr-worker-vulkan,22188,0,562.4
2026-10-06T23:58:47.4635024+07:00,llama-server,9852,0,1491.9
2026-10-06T23:58:48.5060638+07:00,asr-worker-vulkan,22188,0,562.4
2026-10-06T23:58:48.5060638+07:00,llama-server,9852,0,1491.9
2026-10-06T23:58:49.5763722+07:00,asr-worker-vulkan,22188,0,562.4
2026-10-06T23:58:49.5763722+07:00,llama-server,9852,0,1491.9
2026-10-06T23:58:50.6521620+07:00,asr-worker-vulkan,22188,0,562.4
2026-10-06T23:58:50.6521620+07:00,llama-server,9852,0,1491.9
2026-10-06T23:58:51.7109220+07:00,asr-worker-vulkan,22188,0,562.4
2026-10-06T23:58:51.7109220+07:00,llama-server,9852,0,1491.9
2026-10-06T23:58:52.7845195+07:00,asr-worker-vulkan,22188,0,562.4
2026-10-06T23:58:52.7845195+07:00,llama-server,9852,0,1491.9
2026-10-06T23:58:53.8569318+07:00,asr-worker-vulkan,22188,0,562.4
2026-10-06T23:58:53.8569318+07:00,llama-server,9852,0,1491.9
2026-10-06T23:58:54.9044560+07:00,asr-worker-vulkan,22188,0,562.4
2026-10-06T23:58:54.9044560+07:00,llama-server,9852,0,1491.9
2026-10-06T23:58:55.9636796+07:00,asr-worker-vulkan,22188,0,562.4
2026-10-06T23:58:55.9636796+07:00,llama-server,9852,0,1491.9
2026-10-06T23:58:57.0070169+07:00,asr-worker-vulkan,22188,0,562.4
2026-10-06T23:58:57.0070169+07:00,llama-server,9852,0,1491.9
2026-10-06T23:58:58.0528333+07:00,asr-worker-vulkan,22188,0,562.4
2026-10-06T23:58:58.0528333+07:00,llama-server,9852,0,1491.9
2026-10-06T23:58:59.0975690+07:00,asr-worker-vulkan,22188,0,562.4
2026-10-06T23:58:59.0975690+07:00,llama-server,9852,0,1491.9
2026-10-06T23:59:00.1542647+07:00,asr-worker-vulkan,22188,0,562.4
2026-10-06T23:59:00.1542647+07:00,llama-server,9852,0,1491.9
2026-10-06T23:59:01.2123685+07:00,asr-worker-vulkan,22188,0,562.4
2026-10-06T23:59:01.2123685+07:00,llama-server,9852,0,1491.9
2026-10-06T23:59:02.2725408+07:00,asr-worker-vulkan,22188,0,562.4
2026-10-06T23:59:02.2725408+07:00,llama-server,9852,0,1491.9
2026-10-06T23:59:03.3305882+07:00,asr-worker-vulkan,22188,0,562.4
2026-10-06T23:59:03.3305882+07:00,llama-server,9852,0,1491.9
2026-10-06T23:59:04.3814422+07:00,asr-worker-vulkan,22188,0,562.4
2026-10-06T23:59:04.3814422+07:00,llama-server,9852,0,1491.9
2026-10-06T23:59:05.4427079+07:00,asr-worker-vulkan,22188,0,562.4
2026-10-06T23:59:05.4427079+07:00,llama-server,9852,0,1491.9
2026-10-06T23:59:06.5176640+07:00,asr-worker-vulkan,22188,0,562.4
2026-10-06T23:59:06.5176640+07:00,llama-server,9852,0,1491.9
2026-10-06T23:59:07.5668402+07:00,asr-worker-vulkan,22188,0,562.4
2026-10-06T23:59:07.5668402+07:00,llama-server,9852,0,1491.9
2026-10-06T23:59:08.6147378+07:00,asr-worker-vulkan,22188,0,562.4
2026-10-06T23:59:08.6147378+07:00,llama-server,9852,0,1491.9
2026-10-06T23:59:09.6611722+07:00,asr-worker-vulkan,22188,0,562.4
2026-10-06T23:59:09.6611722+07:00,llama-server,9852,0,1491.9
2026-10-06T23:59:10.7218511+07:00,asr-worker-vulkan,22188,0,562.4
2026-10-06T23:59:10.7218511+07:00,llama-server,9852,0,1491.9
2026-10-06T23:59:11.7971606+07:00,asr-worker-vulkan,22188,0,562.4
2026-10-06T23:59:11.7971606+07:00,llama-server,9852,0,1491.9
2026-10-06T23:59:12.8727186+07:00,asr-worker-vulkan,22188,0,562.4
2026-10-06T23:59:12.8727186+07:00,llama-server,9852,0,1491.9
2026-10-06T23:59:13.9295506+07:00,asr-worker-vulkan,22188,0,562.4
2026-10-06T23:59:13.9295506+07:00,llama-server,9852,0,1491.9
2026-10-06T23:59:14.9877930+07:00,asr-worker-vulkan,22188,0,562.4
2026-10-06T23:59:14.9877930+07:00,llama-server,9852,0,1491.9
2026-10-06T23:59:16.0468218+07:00,asr-worker-vulkan,22188,0,562.4
2026-10-06T23:59:16.0468218+07:00,llama-server,9852,0,1491.9
2026-10-06T23:59:17.1085349+07:00,asr-worker-vulkan,22188,0,562.4
2026-10-06T23:59:17.1085349+07:00,llama-server,9852,0,1491.9
2026-10-06T23:59:18.1691155+07:00,asr-worker-vulkan,22188,0,562.4
2026-10-06T23:59:18.1691155+07:00,llama-server,9852,0,1491.9
2026-10-06T23:59:19.2137415+07:00,asr-worker-vulkan,22188,0,562.4
2026-10-06T23:59:19.2137415+07:00,llama-server,9852,0,1491.9
2026-10-06T23:59:20.2741943+07:00,asr-worker-vulkan,22188,0,562.4
2026-10-06T23:59:20.2741943+07:00,llama-server,9852,0,1491.9
2026-10-06T23:59:21.3229173+07:00,asr-worker-vulkan,22188,0,562.4
2026-10-06T23:59:21.3229173+07:00,llama-server,9852,0,1491.9
2026-10-06T23:59:22.3873130+07:00,asr-worker-vulkan,22188,0,562.4
2026-10-06T23:59:22.3873130+07:00,llama-server,9852,0,1491.9
2026-10-06T23:59:23.4456624+07:00,asr-worker-vulkan,22188,0,562.4
2026-10-06T23:59:23.4456624+07:00,llama-server,9852,0,1491.9
2026-10-06T23:59:24.4924054+07:00,asr-worker-vulkan,22188,0,562.4
2026-10-06T23:59:24.4924054+07:00,llama-server,9852,0,1491.9
2026-10-06T23:59:25.5539048+07:00,asr-worker-vulkan,22188,0,562.4
2026-10-06T23:59:25.5539048+07:00,llama-server,9852,0,1491.9
2026-10-06T23:59:26.6027692+07:00,asr-worker-vulkan,22188,0,562.4
2026-10-06T23:59:26.6027692+07:00,llama-server,9852,0,1491.9
2026-10-06T23:59:27.6605537+07:00,asr-worker-vulkan,22188,0,562.4
2026-10-06T23:59:27.6605537+07:00,llama-server,9852,0,1491.9
2026-10-06T23:59:28.7215502+07:00,asr-worker-vulkan,22188,0,562.4
2026-10-06T23:59:28.7215502+07:00,llama-server,9852,0,1492.2
2026-10-06T23:59:29.7845613+07:00,asr-worker-vulkan,22188,0,562.4
2026-10-06T23:59:29.7845613+07:00,llama-server,9852,0,1492.2
2026-10-06T23:59:30.8273459+07:00,asr-worker-vulkan,22188,0,562.4
2026-10-06T23:59:30.8273459+07:00,llama-server,9852,0,1492.2
2026-10-06T23:59:31.8740491+07:00,asr-worker-vulkan,22188,0,562.4
2026-10-06T23:59:31.8740491+07:00,llama-server,9852,0,1492.2
2026-10-06T23:59:32.9504435+07:00,asr-worker-vulkan,22188,0,562.4
2026-10-06T23:59:32.9504435+07:00,llama-server,9852,0,1492.2
2026-10-06T23:59:34.0113388+07:00,asr-worker-vulkan,22188,0,562.4
2026-10-06T23:59:34.0113388+07:00,llama-server,9852,0,1492.2
2026-10-06T23:59:35.0727191+07:00,asr-worker-vulkan,22188,0,562.4
2026-10-06T23:59:35.0727191+07:00,llama-server,9852,0,1492.2
2026-10-06T23:59:36.1348955+07:00,asr-worker-vulkan,22188,0,562.4
2026-10-06T23:59:36.1348955+07:00,llama-server,9852,0,1492.2
2026-10-06T23:59:37.1917389+07:00,asr-worker-vulkan,22188,0,562.4
2026-10-06T23:59:37.1917389+07:00,llama-server,9852,0,1492.2
2026-10-06T23:59:38.2689630+07:00,asr-worker-vulkan,22188,0,562.4
2026-10-06T23:59:38.2689630+07:00,llama-server,9852,0,1492.2
2026-10-06T23:59:39.3281704+07:00,asr-worker-vulkan,22188,0,562.4
2026-10-06T23:59:39.3281704+07:00,llama-server,9852,0,1492.2
2026-10-06T23:59:40.3788094+07:00,asr-worker-vulkan,22188,0,562.4
2026-10-06T23:59:40.3788094+07:00,llama-server,9852,0,1492.2
2026-10-06T23:59:41.4208397+07:00,asr-worker-vulkan,22188,0,562.4
2026-10-06T23:59:41.4208397+07:00,llama-server,9852,0,1492.2
2026-10-06T23:59:42.4852964+07:00,asr-worker-vulkan,22188,0,562.4
2026-10-06T23:59:42.4852964+07:00,llama-server,9852,0,1492.2
2026-10-06T23:59:43.5521551+07:00,asr-worker-vulkan,22188,0,562.4
2026-10-06T23:59:43.5521551+07:00,llama-server,9852,0,1492.2
2026-10-06T23:59:44.6008986+07:00,asr-worker-vulkan,22188,0,562.4
2026-10-06T23:59:44.6008986+07:00,llama-server,9852,0,1492.5
2026-10-06T23:59:45.6651995+07:00,asr-worker-vulkan,22188,0,562.4
2026-10-06T23:59:45.6651995+07:00,llama-server,9852,0,1492.5
2026-10-06T23:59:46.7245718+07:00,asr-worker-vulkan,22188,0,562.4
2026-10-06T23:59:46.7245718+07:00,llama-server,9852,0,1492.5
2026-10-06T23:59:47.7686581+07:00,asr-worker-vulkan,22188,0,562.4
2026-10-06T23:59:47.7686581+07:00,llama-server,9852,0,1492.5
2026-10-06T23:59:48.8134518+07:00,asr-worker-vulkan,22188,0,562.4
2026-10-06T23:59:48.8134518+07:00,llama-server,9852,0,1492.5
2026-10-06T23:59:49.8746443+07:00,asr-worker-vulkan,22188,0,562.4
2026-10-06T23:59:49.8746443+07:00,llama-server,9852,0,1492.5
2026-10-06T23:59:50.9558060+07:00,asr-worker-vulkan,22188,0,562.4
2026-10-06T23:59:50.9558060+07:00,llama-server,9852,0,1492.5
2026-10-06T23:59:52.0012115+07:00,asr-worker-vulkan,22188,0,562.4
2026-10-06T23:59:52.0012115+07:00,llama-server,9852,0,1492.5
2026-10-06T23:59:53.0593611+07:00,asr-worker-vulkan,22188,0,562.4
2026-10-06T23:59:53.0593611+07:00,llama-server,9852,0,1492.5
2026-10-06T23:59:54.1197812+07:00,asr-worker-vulkan,22188,0,562.4
2026-10-06T23:59:54.1197812+07:00,llama-server,9852,0,1492.5
2026-10-06T23:59:55.1607111+07:00,asr-worker-vulkan,22188,0,562.4
2026-10-06T23:59:55.1607111+07:00,llama-server,9852,0,1492.5
2026-10-06T23:59:56.2064378+07:00,asr-worker-vulkan,22188,0,562.4
2026-10-06T23:59:56.2064378+07:00,llama-server,9852,0,1492.5
2026-10-06T23:59:57.2648781+07:00,asr-worker-vulkan,22188,0,562.4
2026-10-06T23:59:57.2648781+07:00,llama-server,9852,0,1492.5
2026-10-06T23:59:58.3147915+07:00,asr-worker-vulkan,22188,0,562.4
2026-10-06T23:59:58.3147915+07:00,llama-server,9852,0,1492.7
2026-10-06T23:59:59.3851798+07:00,asr-worker-vulkan,22188,0,562.4
2026-10-06T23:59:59.3851798+07:00,llama-server,9852,0,1492.7
2026-10-07T00:00:00.4437454+07:00,asr-worker-vulkan,22188,0,562.4
2026-10-07T00:00:00.4437454+07:00,llama-server,9852,0,1492.7
2026-10-07T00:00:01.4911846+07:00,asr-worker-vulkan,22188,0,562.4
2026-10-07T00:00:01.4911846+07:00,llama-server,9852,0,1492.7
2026-10-07T00:00:02.5529237+07:00,asr-worker-vulkan,22188,0,562.4
2026-10-07T00:00:02.5529237+07:00,llama-server,9852,0,1492.7
2026-10-07T00:00:03.5976479+07:00,asr-worker-vulkan,22188,0,562.4
2026-10-07T00:00:03.5976479+07:00,llama-server,9852,0,1492.7
2026-10-07T00:00:04.6573754+07:00,asr-worker-vulkan,22188,0,562.4
2026-10-07T00:00:04.6573754+07:00,llama-server,9852,0,1492.7
2026-10-07T00:00:05.7221016+07:00,asr-worker-vulkan,22188,0,562.4
2026-10-07T00:00:05.7221016+07:00,llama-server,9852,0,1492.9
2026-10-07T00:00:06.7847927+07:00,asr-worker-vulkan,22188,0,562.4
2026-10-07T00:00:06.7847927+07:00,llama-server,9852,0,1492.9
2026-10-07T00:00:07.8505139+07:00,asr-worker-vulkan,22188,0,562.4
2026-10-07T00:00:07.8505139+07:00,llama-server,9852,0,1492.9
2026-10-07T00:00:08.9122415+07:00,asr-worker-vulkan,22188,0,562.4
2026-10-07T00:00:08.9122415+07:00,llama-server,9852,0,1492.9
2026-10-07T00:00:09.9894033+07:00,asr-worker-vulkan,22188,0,562.4
2026-10-07T00:00:09.9894033+07:00,llama-server,9852,0,1492.9
2026-10-07T00:00:11.0494285+07:00,asr-worker-vulkan,22188,0,562.4
2026-10-07T00:00:11.0494285+07:00,llama-server,9852,0,1492.9
2026-10-07T00:00:12.1076918+07:00,asr-worker-vulkan,22188,0,562.4
2026-10-07T00:00:12.1076918+07:00,llama-server,9852,0,1492.9
2026-10-07T00:00:13.1674726+07:00,asr-worker-vulkan,22188,0,562.4
2026-10-07T00:00:13.1674726+07:00,llama-server,9852,0,1492.9
2026-10-07T00:00:14.2118643+07:00,asr-worker-vulkan,22188,0,562.4
2026-10-07T00:00:14.2118643+07:00,llama-server,9852,0,1492.9
2026-10-07T00:00:15.2859291+07:00,asr-worker-vulkan,22188,0,562.4
2026-10-07T00:00:15.2859291+07:00,llama-server,9852,0,1492.9
2026-10-07T00:00:16.3520949+07:00,asr-worker-vulkan,22188,0,562.4
2026-10-07T00:00:16.3520949+07:00,llama-server,9852,0,1492.9
2026-10-07T00:00:17.3978524+07:00,asr-worker-vulkan,22188,0,562.4
2026-10-07T00:00:17.3978524+07:00,llama-server,9852,0,1493.3
2026-10-07T00:00:18.4580583+07:00,asr-worker-vulkan,22188,0,562.4
2026-10-07T00:00:18.4580583+07:00,llama-server,9852,0,1493.3
2026-10-07T00:00:19.5301040+07:00,asr-worker-vulkan,22188,0,562.4
2026-10-07T00:00:19.5301040+07:00,llama-server,9852,0,1493.3
2026-10-07T00:00:20.6079464+07:00,asr-worker-vulkan,22188,0,562.4
2026-10-07T00:00:20.6079464+07:00,llama-server,9852,0,1493.3
2026-10-07T00:00:21.6692821+07:00,asr-worker-vulkan,22188,0,562.4
2026-10-07T00:00:21.6692821+07:00,llama-server,9852,0,1493.3
2026-10-07T00:00:22.7292611+07:00,asr-worker-vulkan,22188,0,562.4
2026-10-07T00:00:22.7292611+07:00,llama-server,9852,0,1493.3
2026-10-07T00:00:23.7893888+07:00,asr-worker-vulkan,22188,0,562.4
2026-10-07T00:00:23.7893888+07:00,llama-server,9852,0,1493.3
2026-10-07T00:00:24.8339959+07:00,asr-worker-vulkan,22188,0,562.4
2026-10-07T00:00:24.8339959+07:00,llama-server,9852,0,1493.5
2026-10-07T00:00:25.8976825+07:00,asr-worker-vulkan,22188,0,562.4
2026-10-07T00:00:25.8976825+07:00,llama-server,9852,0,1493.5
2026-10-07T00:00:26.9411136+07:00,asr-worker-vulkan,22188,0,562.4
2026-10-07T00:00:26.9411136+07:00,llama-server,9852,0,1493.5
2026-10-07T00:00:27.9851330+07:00,asr-worker-vulkan,22188,0,562.4
2026-10-07T00:00:27.9851330+07:00,llama-server,9852,0,1493.5
2026-10-07T00:00:29.0486496+07:00,asr-worker-vulkan,22188,0,562.4
2026-10-07T00:00:29.0486496+07:00,llama-server,9852,0,1493.5
2026-10-07T00:00:30.1074660+07:00,asr-worker-vulkan,22188,0,562.4
2026-10-07T00:00:30.1074660+07:00,llama-server,9852,0,1493.5
2026-10-07T00:00:31.1532321+07:00,asr-worker-vulkan,22188,0,562.4
2026-10-07T00:00:31.1532321+07:00,llama-server,9852,0,1493.8
2026-10-07T00:00:32.2145383+07:00,llama-server,9852,0,1493.8
