time,process,pid,dedicated_mb,shared_mb
2026-10-06T23:22:01.3430026+07:00,asr-worker-vulkan,11072,0,1038.9
2026-10-06T23:22:01.3430026+07:00,llama-server,10712,0,2262.1
2026-10-06T23:22:03.1309340+07:00,asr-worker-vulkan,11072,0,1038.9
2026-10-06T23:22:03.1309340+07:00,llama-server,10712,0,2266.8
2026-10-06T23:22:04.1981485+07:00,asr-worker-vulkan,11072,0,1038.9
2026-10-06T23:22:04.1981485+07:00,llama-server,10712,0,2269.9
2026-10-06T23:22:05.2586527+07:00,asr-worker-vulkan,11072,0,1038.9
2026-10-06T23:22:05.2586527+07:00,llama-server,10712,0,2275.6
2026-10-06T23:22:06.3035459+07:00,asr-worker-vulkan,11072,0,1038.9
2026-10-06T23:22:06.3035459+07:00,llama-server,10712,0,2275.6
2026-10-06T23:22:07.3654414+07:00,asr-worker-vulkan,11072,0,1038.9
2026-10-06T23:22:07.3654414+07:00,llama-server,10712,0,2275.6
2026-10-06T23:22:08.4264357+07:00,asr-worker-vulkan,11072,0,1038.9
2026-10-06T23:22:08.4264357+07:00,llama-server,10712,0,2275.6
2026-10-06T23:22:09.4716275+07:00,asr-worker-vulkan,11072,0,1038.9
2026-10-06T23:22:09.4716275+07:00,llama-server,10712,0,2275.6
2026-10-06T23:22:10.5287477+07:00,asr-worker-vulkan,11072,0,1038.9
2026-10-06T23:22:10.5287477+07:00,llama-server,10712,0,2275.6
2026-10-06T23:22:11.5872830+07:00,asr-worker-vulkan,11072,0,1038.9
2026-10-06T23:22:11.5872830+07:00,llama-server,10712,0,2275.6
2026-10-06T23:22:12.6345875+07:00,asr-worker-vulkan,11072,0,1038.9
2026-10-06T23:22:12.6345875+07:00,llama-server,10712,0,2275.6
2026-10-06T23:22:13.7030106+07:00,asr-worker-vulkan,11072,0,1039.5
2026-10-06T23:22:13.7030106+07:00,llama-server,10712,0,2279.6
2026-10-06T23:22:14.7594510+07:00,asr-worker-vulkan,11072,0,1039.5
2026-10-06T23:22:14.7594510+07:00,llama-server,10712,0,2279.6
2026-10-06T23:22:15.8224853+07:00,asr-worker-vulkan,11072,0,1039.5
2026-10-06T23:22:15.8224853+07:00,llama-server,10712,0,2279.6
2026-10-06T23:22:16.8802641+07:00,asr-worker-vulkan,11072,0,1039.5
2026-10-06T23:22:16.8802641+07:00,llama-server,10712,0,2279.6
2026-10-06T23:22:17.9405699+07:00,asr-worker-vulkan,11072,0,1039.5
2026-10-06T23:22:17.9405699+07:00,llama-server,10712,0,2279.6
2026-10-06T23:22:19.0058520+07:00,asr-worker-vulkan,11072,0,1039.5
2026-10-06T23:22:19.0058520+07:00,llama-server,10712,0,2279.6
2026-10-06T23:22:20.0623507+07:00,asr-worker-vulkan,11072,0,1039.5
2026-10-06T23:22:20.0623507+07:00,llama-server,10712,0,2279.7
2026-10-06T23:22:21.1180253+07:00,asr-worker-vulkan,11072,0,1039.5
2026-10-06T23:22:21.1180253+07:00,llama-server,10712,0,2280.4
2026-10-06T23:22:22.1741125+07:00,asr-worker-vulkan,11072,0,1039.5
2026-10-06T23:22:22.1741125+07:00,llama-server,10712,0,2280.4
2026-10-06T23:22:23.2354362+07:00,asr-worker-vulkan,11072,0,1039.5
2026-10-06T23:22:23.2354362+07:00,llama-server,10712,0,2280.4
2026-10-06T23:22:24.3141833+07:00,asr-worker-vulkan,11072,0,1039.5
2026-10-06T23:22:24.3141833+07:00,llama-server,10712,0,2280.4
2026-10-06T23:22:25.3728613+07:00,asr-worker-vulkan,11072,0,1039.5
2026-10-06T23:22:25.3728613+07:00,llama-server,10712,0,2280.4
2026-10-06T23:22:26.4379466+07:00,asr-worker-vulkan,11072,0,1039.5
2026-10-06T23:22:26.4379466+07:00,llama-server,10712,0,2280.4
2026-10-06T23:22:27.4781629+07:00,asr-worker-vulkan,11072,0,1039.7
2026-10-06T23:22:27.4781629+07:00,llama-server,10712,0,2280.4
2026-10-06T23:22:28.5345874+07:00,asr-worker-vulkan,11072,0,1039.7
2026-10-06T23:22:28.5345874+07:00,llama-server,10712,0,2280.7
2026-10-06T23:22:29.6091342+07:00,asr-worker-vulkan,11072,0,1039.7
2026-10-06T23:22:29.6091342+07:00,llama-server,10712,0,2280.7
2026-10-06T23:22:30.6811381+07:00,asr-worker-vulkan,11072,0,1039.7
2026-10-06T23:22:30.6811381+07:00,llama-server,10712,0,2280.7
2026-10-06T23:22:31.7229539+07:00,asr-worker-vulkan,11072,0,1039.7
2026-10-06T23:22:31.7229539+07:00,llama-server,10712,0,2280.7
2026-10-06T23:22:32.7680036+07:00,asr-worker-vulkan,11072,0,1039.7
2026-10-06T23:22:32.7680036+07:00,llama-server,10712,0,2280.7
2026-10-06T23:22:33.8254549+07:00,asr-worker-vulkan,11072,0,1039.7
2026-10-06T23:22:33.8254549+07:00,llama-server,10712,0,2280.7
2026-10-06T23:22:34.8943510+07:00,asr-worker-vulkan,11072,0,1039.7
2026-10-06T23:22:34.8943510+07:00,llama-server,10712,0,2281.4
2026-10-06T23:22:35.9516707+07:00,asr-worker-vulkan,11072,0,1039.7
2026-10-06T23:22:35.9516707+07:00,llama-server,10712,0,2281.4
2026-10-06T23:22:37.0298909+07:00,asr-worker-vulkan,11072,0,1039.7
2026-10-06T23:22:37.0298909+07:00,llama-server,10712,0,2281.4
2026-10-06T23:22:38.0880373+07:00,asr-worker-vulkan,11072,0,1039.7
2026-10-06T23:22:38.0880373+07:00,llama-server,10712,0,2281.4
2026-10-06T23:22:39.1502769+07:00,asr-worker-vulkan,11072,0,1039.7
2026-10-06T23:22:39.1502769+07:00,llama-server,10712,0,2281.4
2026-10-06T23:22:40.2222507+07:00,asr-worker-vulkan,11072,0,1039.7
2026-10-06T23:22:40.2222507+07:00,llama-server,10712,0,2281.4
2026-10-06T23:22:41.2783165+07:00,asr-worker-vulkan,11072,0,1039.7
2026-10-06T23:22:41.2783165+07:00,llama-server,10712,0,2281.4
2026-10-06T23:22:42.3374625+07:00,asr-worker-vulkan,11072,0,1039.7
2026-10-06T23:22:42.3374625+07:00,llama-server,10712,0,2281.4
2026-10-06T23:22:43.3802368+07:00,asr-worker-vulkan,11072,0,1039.7
2026-10-06T23:22:43.3802368+07:00,llama-server,10712,0,2281.4
2026-10-06T23:22:44.4417048+07:00,asr-worker-vulkan,11072,0,1039.7
2026-10-06T23:22:44.4417048+07:00,llama-server,10712,0,2281.4
2026-10-06T23:22:45.5009539+07:00,asr-worker-vulkan,11072,0,1039.7
2026-10-06T23:22:45.5009539+07:00,llama-server,10712,0,2281.4
2026-10-06T23:22:46.5452835+07:00,asr-worker-vulkan,11072,0,1039.7
2026-10-06T23:22:46.5452835+07:00,llama-server,10712,0,2281.6
2026-10-06T23:22:47.6060031+07:00,asr-worker-vulkan,11072,0,1039.7
2026-10-06T23:22:47.6060031+07:00,llama-server,10712,0,2281.6
2026-10-06T23:22:48.6672145+07:00,asr-worker-vulkan,11072,0,1039.7
2026-10-06T23:22:48.6672145+07:00,llama-server,10712,0,2281.6
2026-10-06T23:22:49.7123289+07:00,asr-worker-vulkan,11072,0,1039.7
2026-10-06T23:22:49.7123289+07:00,llama-server,10712,0,2281.9
2026-10-06T23:22:50.7906080+07:00,asr-worker-vulkan,11072,0,1039.7
2026-10-06T23:22:50.7906080+07:00,llama-server,10712,0,2282
2026-10-06T23:22:51.8577785+07:00,asr-worker-vulkan,11072,0,1039.7
2026-10-06T23:22:51.8577785+07:00,llama-server,10712,0,2282
2026-10-06T23:22:52.9028769+07:00,asr-worker-vulkan,11072,0,1039.7
2026-10-06T23:22:52.9028769+07:00,llama-server,10712,0,2282.5
2026-10-06T23:22:53.9686895+07:00,asr-worker-vulkan,11072,0,1039.7
2026-10-06T23:22:53.9686895+07:00,llama-server,10712,0,2282.5
2026-10-06T23:22:55.0251253+07:00,asr-worker-vulkan,11072,0,1039.7
2026-10-06T23:22:55.0251253+07:00,llama-server,10712,0,2283.5
2026-10-06T23:22:56.0863833+07:00,asr-worker-vulkan,11072,0,1039.7
2026-10-06T23:22:56.0863833+07:00,llama-server,10712,0,2283.5
2026-10-06T23:22:57.1397529+07:00,asr-worker-vulkan,11072,0,1039.7
2026-10-06T23:22:57.1397529+07:00,llama-server,10712,0,2283.6
2026-10-06T23:22:58.1982120+07:00,asr-worker-vulkan,11072,0,1039.7
2026-10-06T23:22:58.1982120+07:00,llama-server,10712,0,2286.2
2026-10-06T23:22:59.2575369+07:00,asr-worker-vulkan,11072,0,1039.7
2026-10-06T23:22:59.2575369+07:00,llama-server,10712,0,2286.2
2026-10-06T23:23:00.3030315+07:00,asr-worker-vulkan,11072,0,1039.7
2026-10-06T23:23:00.3030315+07:00,llama-server,10712,0,2286.2
2026-10-06T23:23:01.3474401+07:00,asr-worker-vulkan,11072,0,1039.7
2026-10-06T23:23:01.3474401+07:00,llama-server,10712,0,2286.2
2026-10-06T23:23:02.4052017+07:00,asr-worker-vulkan,11072,0,1039.7
2026-10-06T23:23:02.4052017+07:00,llama-server,10712,0,2286.2
2026-10-06T23:23:03.4702410+07:00,asr-worker-vulkan,11072,0,1039.7
2026-10-06T23:23:03.4702410+07:00,llama-server,10712,0,2286.2
2026-10-06T23:23:04.5149719+07:00,asr-worker-vulkan,11072,0,1039.7
2026-10-06T23:23:04.5149719+07:00,llama-server,10712,0,2287.4
2026-10-06T23:23:05.5761259+07:00,asr-worker-vulkan,11072,0,1039.7
2026-10-06T23:23:05.5761259+07:00,llama-server,10712,0,2287.7
2026-10-06T23:23:06.6348055+07:00,asr-worker-vulkan,11072,0,1039.7
2026-10-06T23:23:06.6348055+07:00,llama-server,10712,0,2287.7
2026-10-06T23:23:07.6951239+07:00,asr-worker-vulkan,11072,0,1039.7
2026-10-06T23:23:07.6951239+07:00,llama-server,10712,0,2287.7
2026-10-06T23:23:08.7606838+07:00,asr-worker-vulkan,11072,0,1039.7
2026-10-06T23:23:08.7606838+07:00,llama-server,10712,0,2287.7
2026-10-06T23:23:09.8182215+07:00,asr-worker-vulkan,11072,0,1039.7
2026-10-06T23:23:09.8182215+07:00,llama-server,10712,0,2287.7
2026-10-06T23:23:10.8759907+07:00,asr-worker-vulkan,11072,0,1039.7
2026-10-06T23:23:10.8759907+07:00,llama-server,10712,0,2287.7
2026-10-06T23:23:11.9330615+07:00,asr-worker-vulkan,11072,0,1039.7
2026-10-06T23:23:11.9330615+07:00,llama-server,10712,0,2288.4
2026-10-06T23:23:13.0065088+07:00,asr-worker-vulkan,11072,0,1039.7
2026-10-06T23:23:13.0065088+07:00,llama-server,10712,0,2288.4
2026-10-06T23:23:14.0676748+07:00,asr-worker-vulkan,11072,0,1039.7
2026-10-06T23:23:14.0676748+07:00,llama-server,10712,0,2288.4
2026-10-06T23:23:15.1273595+07:00,asr-worker-vulkan,11072,0,1039.7
2026-10-06T23:23:15.1273595+07:00,llama-server,10712,0,2288.4
2026-10-06T23:23:16.1846232+07:00,asr-worker-vulkan,11072,0,1039.7
2026-10-06T23:23:16.1846232+07:00,llama-server,10712,0,2288.4
2026-10-06T23:23:17.2471622+07:00,asr-worker-vulkan,11072,0,1039.7
2026-10-06T23:23:17.2471622+07:00,llama-server,10712,0,2288.4
2026-10-06T23:23:18.3062981+07:00,asr-worker-vulkan,11072,0,1039.7
2026-10-06T23:23:18.3062981+07:00,llama-server,10712,0,2288.4
2026-10-06T23:23:19.3794733+07:00,asr-worker-vulkan,11072,0,1039.7
2026-10-06T23:23:19.3794733+07:00,llama-server,10712,0,2288.4
2026-10-06T23:23:20.4223271+07:00,asr-worker-vulkan,11072,0,1039.7
2026-10-06T23:23:20.4223271+07:00,llama-server,10712,0,2288.4
2026-10-06T23:23:21.4686605+07:00,asr-worker-vulkan,11072,0,1039.7
2026-10-06T23:23:21.4686605+07:00,llama-server,10712,0,2288.4
2026-10-06T23:23:22.5442278+07:00,asr-worker-vulkan,11072,0,1039.7
2026-10-06T23:23:22.5442278+07:00,llama-server,10712,0,2291.6
2026-10-06T23:23:23.6044523+07:00,asr-worker-vulkan,11072,0,1039.7
2026-10-06T23:23:23.6044523+07:00,llama-server,10712,0,2293
2026-10-06T23:23:24.6658546+07:00,asr-worker-vulkan,11072,0,1039.7
2026-10-06T23:23:24.6658546+07:00,llama-server,10712,0,2293
2026-10-06T23:23:25.7275083+07:00,asr-worker-vulkan,11072,0,1039.7
2026-10-06T23:23:25.7275083+07:00,llama-server,10712,0,2293
2026-10-06T23:23:26.7867557+07:00,asr-worker-vulkan,11072,0,1039.7
2026-10-06T23:23:26.7867557+07:00,llama-server,10712,0,2293
2026-10-06T23:23:27.8631171+07:00,asr-worker-vulkan,11072,0,1039.7
2026-10-06T23:23:27.8631171+07:00,llama-server,10712,0,2293.1
2026-10-06T23:23:28.9366212+07:00,asr-worker-vulkan,11072,0,1039.7
2026-10-06T23:23:28.9366212+07:00,llama-server,10712,0,2293.6
2026-10-06T23:23:30.0151982+07:00,asr-worker-vulkan,11072,0,1039.7
2026-10-06T23:23:30.0151982+07:00,llama-server,10712,0,2293.6
2026-10-06T23:23:31.0876077+07:00,asr-worker-vulkan,11072,0,1039.7
2026-10-06T23:23:31.0876077+07:00,llama-server,10712,0,2293.6
2026-10-06T23:23:32.1808921+07:00,asr-worker-vulkan,11072,0,1039.7
2026-10-06T23:23:32.1808921+07:00,llama-server,10712,0,2293.8
2026-10-06T23:23:33.2680200+07:00,asr-worker-vulkan,11072,0,1039.7
2026-10-06T23:23:33.2680200+07:00,llama-server,10712,0,2294.1
2026-10-06T23:23:34.3557538+07:00,asr-worker-vulkan,11072,0,1039.7
2026-10-06T23:23:34.3557538+07:00,llama-server,10712,0,2294.1
2026-10-06T23:23:35.4319111+07:00,asr-worker-vulkan,11072,0,1039.7
2026-10-06T23:23:35.4319111+07:00,llama-server,10712,0,2294.1
2026-10-06T23:23:36.5369437+07:00,asr-worker-vulkan,11072,0,1039.7
2026-10-06T23:23:36.5369437+07:00,llama-server,10712,0,2294.1
2026-10-06T23:23:37.6556890+07:00,asr-worker-vulkan,11072,0,1039.7
2026-10-06T23:23:37.6556890+07:00,llama-server,10712,0,2294.1
2026-10-06T23:23:38.7591055+07:00,asr-worker-vulkan,11072,0,1039.7
2026-10-06T23:23:38.7591055+07:00,llama-server,10712,0,2294.1
2026-10-06T23:23:39.8628924+07:00,asr-worker-vulkan,11072,0,1039.7
2026-10-06T23:23:39.8628924+07:00,llama-server,10712,0,2294.1
2026-10-06T23:23:40.9509807+07:00,asr-worker-vulkan,11072,0,1039.7
2026-10-06T23:23:40.9509807+07:00,llama-server,10712,0,2294.3
2026-10-06T23:23:42.0425484+07:00,asr-worker-vulkan,11072,0,1039.7
2026-10-06T23:23:42.0425484+07:00,llama-server,10712,0,2294.3
2026-10-06T23:23:43.1200235+07:00,asr-worker-vulkan,11072,0,1039.7
2026-10-06T23:23:43.1200235+07:00,llama-server,10712,0,2294.3
2026-10-06T23:23:44.2252982+07:00,asr-worker-vulkan,11072,0,1039.7
2026-10-06T23:23:44.2252982+07:00,llama-server,10712,0,2294.3
2026-10-06T23:23:45.3448423+07:00,asr-worker-vulkan,11072,0,1039.7
2026-10-06T23:23:45.3448423+07:00,llama-server,10712,0,2294.3
2026-10-06T23:23:46.4386537+07:00,asr-worker-vulkan,11072,0,1039.7
2026-10-06T23:23:46.4386537+07:00,llama-server,10712,0,2294.3
2026-10-06T23:23:47.5136535+07:00,asr-worker-vulkan,11072,0,1039.7
2026-10-06T23:23:47.5136535+07:00,llama-server,10712,0,2294.3
2026-10-06T23:23:48.6049625+07:00,asr-worker-vulkan,11072,0,1039.7
2026-10-06T23:23:48.6049625+07:00,llama-server,10712,0,2294.3
2026-10-06T23:23:49.7057170+07:00,asr-worker-vulkan,11072,0,1039.7
2026-10-06T23:23:49.7057170+07:00,llama-server,10712,0,2295.3
2026-10-06T23:23:50.7972123+07:00,asr-worker-vulkan,11072,0,1039.7
2026-10-06T23:23:50.7972123+07:00,llama-server,10712,0,2295.3
2026-10-06T23:23:51.9015263+07:00,asr-worker-vulkan,11072,0,1039.7
2026-10-06T23:23:51.9015263+07:00,llama-server,10712,0,2295.3
2026-10-06T23:23:52.9608754+07:00,asr-worker-vulkan,11072,0,1039.7
2026-10-06T23:23:52.9608754+07:00,llama-server,10712,0,2295.5
2026-10-06T23:23:54.0227828+07:00,asr-worker-vulkan,11072,0,1039.7
2026-10-06T23:23:54.0227828+07:00,llama-server,10712,0,2295.5
2026-10-06T23:23:55.0960315+07:00,asr-worker-vulkan,11072,0,1039.7
2026-10-06T23:23:55.0960315+07:00,llama-server,10712,0,2295.5
2026-10-06T23:23:56.1586772+07:00,asr-worker-vulkan,11072,0,1039.7
2026-10-06T23:23:56.1586772+07:00,llama-server,10712,0,2295.5
2026-10-06T23:23:57.2234426+07:00,asr-worker-vulkan,11072,0,1039.7
2026-10-06T23:23:57.2234426+07:00,llama-server,10712,0,2295.5
2026-10-06T23:23:58.2669089+07:00,asr-worker-vulkan,11072,0,1039.7
2026-10-06T23:23:58.2669089+07:00,llama-server,10712,0,2295.5
2026-10-06T23:23:59.3292043+07:00,asr-worker-vulkan,11072,0,1039.7
2026-10-06T23:23:59.3292043+07:00,llama-server,10712,0,2295.9
2026-10-06T23:24:00.4022291+07:00,asr-worker-vulkan,11072,0,1039.7
2026-10-06T23:24:00.4022291+07:00,llama-server,10712,0,2298.5
2026-10-06T23:24:01.4640758+07:00,asr-worker-vulkan,11072,0,1039.7
2026-10-06T23:24:01.4640758+07:00,llama-server,10712,0,2298.7
2026-10-06T23:24:02.5153073+07:00,asr-worker-vulkan,11072,0,1039.7
2026-10-06T23:24:02.5153073+07:00,llama-server,10712,0,2298.7
2026-10-06T23:24:03.5775290+07:00,asr-worker-vulkan,11072,0,1039.7
2026-10-06T23:24:03.5775290+07:00,llama-server,10712,0,2298.7
2026-10-06T23:24:04.6392475+07:00,asr-worker-vulkan,11072,0,1039.7
2026-10-06T23:24:04.6392475+07:00,llama-server,10712,0,2298.9
2026-10-06T23:24:05.7148382+07:00,asr-worker-vulkan,11072,0,1039.7
2026-10-06T23:24:05.7148382+07:00,llama-server,10712,0,2298.9
2026-10-06T23:24:06.7742822+07:00,asr-worker-vulkan,11072,0,1039.7
2026-10-06T23:24:06.7742822+07:00,llama-server,10712,0,2298.9
2026-10-06T23:24:07.8216106+07:00,asr-worker-vulkan,11072,0,1039.7
2026-10-06T23:24:07.8216106+07:00,llama-server,10712,0,2298.9
2026-10-06T23:24:08.8791913+07:00,asr-worker-vulkan,11072,0,1039.7
2026-10-06T23:24:08.8791913+07:00,llama-server,10712,0,2298.9
2026-10-06T23:24:09.9400274+07:00,asr-worker-vulkan,11072,0,1039.7
2026-10-06T23:24:09.9400274+07:00,llama-server,10712,0,2299.2
2026-10-06T23:24:11.0017642+07:00,asr-worker-vulkan,11072,0,1039.7
2026-10-06T23:24:11.0017642+07:00,llama-server,10712,0,2299.2
2026-10-06T23:24:12.0496157+07:00,asr-worker-vulkan,11072,0,1039.7
2026-10-06T23:24:12.0496157+07:00,llama-server,10712,0,2299.2
2026-10-06T23:24:13.1068237+07:00,asr-worker-vulkan,11072,0,1039.7
2026-10-06T23:24:13.1068237+07:00,llama-server,10712,0,2299.2
2026-10-06T23:24:14.1664687+07:00,asr-worker-vulkan,11072,0,1039.7
2026-10-06T23:24:14.1664687+07:00,llama-server,10712,0,2299.2
2026-10-06T23:24:15.2278007+07:00,asr-worker-vulkan,11072,0,1039.7
2026-10-06T23:24:15.2278007+07:00,llama-server,10712,0,2299.2
2026-10-06T23:24:16.3050089+07:00,asr-worker-vulkan,11072,0,1039.7
2026-10-06T23:24:16.3050089+07:00,llama-server,10712,0,2299.2
2026-10-06T23:24:17.3671438+07:00,asr-worker-vulkan,11072,0,1039.7
2026-10-06T23:24:17.3671438+07:00,llama-server,10712,0,2299.2
2026-10-06T23:24:18.4277348+07:00,asr-worker-vulkan,11072,0,1039.7
2026-10-06T23:24:18.4277348+07:00,llama-server,10712,0,2299.2
2026-10-06T23:24:19.4868461+07:00,asr-worker-vulkan,11072,0,1039.7
2026-10-06T23:24:19.4868461+07:00,llama-server,10712,0,2299.2
2026-10-06T23:24:20.5439394+07:00,asr-worker-vulkan,11072,0,1039.7
2026-10-06T23:24:20.5439394+07:00,llama-server,10712,0,2299.2
2026-10-06T23:24:21.6053347+07:00,asr-worker-vulkan,11072,0,1039.7
2026-10-06T23:24:21.6053347+07:00,llama-server,10712,0,2299.2
2026-10-06T23:24:22.6557884+07:00,asr-worker-vulkan,11072,0,1039.7
2026-10-06T23:24:22.6557884+07:00,llama-server,10712,0,2299.2
2026-10-06T23:24:23.7150504+07:00,asr-worker-vulkan,11072,0,1039.7
2026-10-06T23:24:23.7150504+07:00,llama-server,10712,0,2299.4
2026-10-06T23:24:24.7732295+07:00,asr-worker-vulkan,11072,0,1039.7
2026-10-06T23:24:24.7732295+07:00,llama-server,10712,0,2299.4
2026-10-06T23:24:25.8213349+07:00,asr-worker-vulkan,11072,0,1039.7
2026-10-06T23:24:25.8213349+07:00,llama-server,10712,0,2299.4
2026-10-06T23:24:26.8825007+07:00,asr-worker-vulkan,11072,0,1039.7
2026-10-06T23:24:26.8825007+07:00,llama-server,10712,0,2299.4
2026-10-06T23:24:27.9425181+07:00,asr-worker-vulkan,11072,0,1039.7
2026-10-06T23:24:27.9425181+07:00,llama-server,10712,0,2299.4
2026-10-06T23:24:28.9754592+07:00,asr-worker-vulkan,11072,0,1039.7
2026-10-06T23:24:28.9754592+07:00,llama-server,10712,0,2299.4
2026-10-06T23:24:30.0416999+07:00,asr-worker-vulkan,11072,0,1039.7
2026-10-06T23:24:30.0416999+07:00,llama-server,10712,0,2299.4
2026-10-06T23:24:31.1036732+07:00,asr-worker-vulkan,11072,0,1039.7
2026-10-06T23:24:31.1036732+07:00,llama-server,10712,0,2299.4
2026-10-06T23:24:32.1644811+07:00,asr-worker-vulkan,11072,0,1039.7
2026-10-06T23:24:32.1644811+07:00,llama-server,10712,0,2299.4
2026-10-06T23:24:33.2207613+07:00,asr-worker-vulkan,11072,0,1039.7
2026-10-06T23:24:33.2207613+07:00,llama-server,10712,0,2299.4
2026-10-06T23:24:34.2686066+07:00,asr-worker-vulkan,11072,0,1039.7
2026-10-06T23:24:34.2686066+07:00,llama-server,10712,0,2299.4
2026-10-06T23:24:35.3284310+07:00,asr-worker-vulkan,11072,0,1039.7
2026-10-06T23:24:35.3284310+07:00,llama-server,10712,0,2299.4
2026-10-06T23:24:36.3734378+07:00,asr-worker-vulkan,11072,0,1039.7
2026-10-06T23:24:36.3734378+07:00,llama-server,10712,0,2299.4
2026-10-06T23:24:37.4507052+07:00,asr-worker-vulkan,11072,0,1039.7
2026-10-06T23:24:37.4507052+07:00,llama-server,10712,0,2299.4
2026-10-06T23:24:38.5109447+07:00,asr-worker-vulkan,11072,0,1039.7
2026-10-06T23:24:38.5109447+07:00,llama-server,10712,0,2299.4
2026-10-06T23:24:39.5724936+07:00,asr-worker-vulkan,11072,0,1039.7
2026-10-06T23:24:39.5724936+07:00,llama-server,10712,0,2299.4
2026-10-06T23:24:40.6158514+07:00,asr-worker-vulkan,11072,0,1039.7
2026-10-06T23:24:40.6158514+07:00,llama-server,10712,0,2299.4
2026-10-06T23:24:41.6733693+07:00,asr-worker-vulkan,11072,0,1039.7
2026-10-06T23:24:41.6733693+07:00,llama-server,10712,0,2299.4
2026-10-06T23:24:42.7484680+07:00,asr-worker-vulkan,11072,0,1039.7
2026-10-06T23:24:42.7484680+07:00,llama-server,10712,0,2300.7
2026-10-06T23:24:43.8065710+07:00,asr-worker-vulkan,11072,0,1039.7
2026-10-06T23:24:43.8065710+07:00,llama-server,10712,0,2301.9
2026-10-06T23:24:44.8802876+07:00,asr-worker-vulkan,11072,0,1039.7
2026-10-06T23:24:44.8802876+07:00,llama-server,10712,0,2301.9
2026-10-06T23:24:45.9401415+07:00,asr-worker-vulkan,11072,0,1039.7
2026-10-06T23:24:45.9401415+07:00,llama-server,10712,0,2301.9
2026-10-06T23:24:47.0042504+07:00,asr-worker-vulkan,11072,0,1039.7
2026-10-06T23:24:47.0042504+07:00,llama-server,10712,0,2301.9
2026-10-06T23:24:48.0769577+07:00,asr-worker-vulkan,11072,0,1039.7
2026-10-06T23:24:48.0769577+07:00,llama-server,10712,0,2301.9
2026-10-06T23:24:49.1377219+07:00,asr-worker-vulkan,11072,0,1039.7
2026-10-06T23:24:49.1377219+07:00,llama-server,10712,0,2301.9
2026-10-06T23:24:50.1964463+07:00,asr-worker-vulkan,11072,0,1039.7
2026-10-06T23:24:50.1964463+07:00,llama-server,10712,0,2301.9
2026-10-06T23:24:51.2583386+07:00,asr-worker-vulkan,11072,0,1039.7
2026-10-06T23:24:51.2583386+07:00,llama-server,10712,0,2301.9
2026-10-06T23:24:52.3195597+07:00,asr-worker-vulkan,11072,0,1039.7
2026-10-06T23:24:52.3195597+07:00,llama-server,10712,0,2301.9
2026-10-06T23:24:53.3946230+07:00,asr-worker-vulkan,11072,0,1039.7
2026-10-06T23:24:53.3946230+07:00,llama-server,10712,0,2301.9
2026-10-06T23:24:54.4617078+07:00,asr-worker-vulkan,11072,0,1039.7
2026-10-06T23:24:54.4617078+07:00,llama-server,10712,0,2301.9
2026-10-06T23:24:55.5221451+07:00,asr-worker-vulkan,11072,0,1039.7
2026-10-06T23:24:55.5221451+07:00,llama-server,10712,0,2301.9
2026-10-06T23:24:56.5804705+07:00,asr-worker-vulkan,11072,0,1039.7
2026-10-06T23:24:56.5804705+07:00,llama-server,10712,0,2301.9
2026-10-06T23:24:57.6223752+07:00,asr-worker-vulkan,11072,0,1039.7
2026-10-06T23:24:57.6223752+07:00,llama-server,10712,0,2301.9
2026-10-06T23:24:58.6796417+07:00,asr-worker-vulkan,11072,0,1039.7
2026-10-06T23:24:58.6796417+07:00,llama-server,10712,0,2301.9
2026-10-06T23:24:59.7408764+07:00,asr-worker-vulkan,11072,0,1039.7
2026-10-06T23:24:59.7408764+07:00,llama-server,10712,0,2301.9
2026-10-06T23:25:00.8083560+07:00,asr-worker-vulkan,11072,0,1039.7
2026-10-06T23:25:00.8083560+07:00,llama-server,10712,0,2301.9
2026-10-06T23:25:01.8653483+07:00,asr-worker-vulkan,11072,0,1039.7
2026-10-06T23:25:01.8653483+07:00,llama-server,10712,0,2301.9
2026-10-06T23:25:02.9237232+07:00,asr-worker-vulkan,11072,0,1039.7
2026-10-06T23:25:02.9237232+07:00,llama-server,10712,0,2301.9
2026-10-06T23:25:03.9846802+07:00,asr-worker-vulkan,11072,0,1039.7
2026-10-06T23:25:03.9846802+07:00,llama-server,10712,0,2301.9
2026-10-06T23:25:05.0455927+07:00,asr-worker-vulkan,11072,0,1039.7
2026-10-06T23:25:05.0455927+07:00,llama-server,10712,0,2301.9
2026-10-06T23:25:06.1048455+07:00,asr-worker-vulkan,11072,0,1039.7
2026-10-06T23:25:06.1048455+07:00,llama-server,10712,0,2301.9
2026-10-06T23:25:07.1532878+07:00,asr-worker-vulkan,11072,0,1039.7
2026-10-06T23:25:07.1532878+07:00,llama-server,10712,0,2301.9
2026-10-06T23:25:08.1939567+07:00,asr-worker-vulkan,11072,0,1039.7
2026-10-06T23:25:08.1939567+07:00,llama-server,10712,0,2301.9
2026-10-06T23:25:09.2553908+07:00,llama-server,10712,0,2302.1
2026-10-06T23:25:10.3057842+07:00,llama-server,10712,0,2302.1
2026-10-06T23:25:11.3676026+07:00,llama-server,10712,0,2302.1
2026-10-06T23:25:13.4489208+07:00,asr-worker-vulkan,15908,0,572.2
2026-10-06T23:25:14.5015277+07:00,asr-worker-vulkan,15908,0,1038.9
2026-10-06T23:25:14.5015277+07:00,llama-server,22380,0,2.3
2026-10-06T23:25:15.5545391+07:00,asr-worker-vulkan,15908,0,1038.9
2026-10-06T23:25:15.5545391+07:00,llama-server,22380,0,2271.2
2026-10-06T23:25:16.6154801+07:00,asr-worker-vulkan,15908,0,1038.9
2026-10-06T23:25:16.6154801+07:00,llama-server,22380,0,2275.6
2026-10-06T23:25:17.6740307+07:00,asr-worker-vulkan,15908,0,1038.9
2026-10-06T23:25:17.6740307+07:00,llama-server,22380,0,2275.6
2026-10-06T23:25:18.7185855+07:00,asr-worker-vulkan,15908,0,1038.9
2026-10-06T23:25:18.7185855+07:00,llama-server,22380,0,2275.6
2026-10-06T23:25:19.7892430+07:00,asr-worker-vulkan,15908,0,1038.9
2026-10-06T23:25:19.7892430+07:00,llama-server,22380,0,2275.6
2026-10-06T23:25:20.8481044+07:00,asr-worker-vulkan,15908,0,1038.9
2026-10-06T23:25:20.8481044+07:00,llama-server,22380,0,2275.6
2026-10-06T23:25:21.9024628+07:00,asr-worker-vulkan,15908,0,1038.9
2026-10-06T23:25:21.9024628+07:00,llama-server,22380,0,2275.6
2026-10-06T23:25:22.9766843+07:00,asr-worker-vulkan,15908,0,1039.5
2026-10-06T23:25:22.9766843+07:00,llama-server,22380,0,2275.7
2026-10-06T23:25:24.0355705+07:00,asr-worker-vulkan,15908,0,1039.5
2026-10-06T23:25:24.0355705+07:00,llama-server,22380,0,2285.9
2026-10-06T23:25:25.1108337+07:00,asr-worker-vulkan,15908,0,1039.5
2026-10-06T23:25:25.1108337+07:00,llama-server,22380,0,2285.9
2026-10-06T23:25:26.1681846+07:00,asr-worker-vulkan,15908,0,1039.5
2026-10-06T23:25:26.1681846+07:00,llama-server,22380,0,2285.9
2026-10-06T23:25:27.2300011+07:00,asr-worker-vulkan,15908,0,1039.5
2026-10-06T23:25:27.2300011+07:00,llama-server,22380,0,2285.9
2026-10-06T23:25:28.2696186+07:00,asr-worker-vulkan,15908,0,1039.5
2026-10-06T23:25:28.2696186+07:00,llama-server,22380,0,2285.9
2026-10-06T23:25:29.3274697+07:00,asr-worker-vulkan,15908,0,1039.5
2026-10-06T23:25:29.3274697+07:00,llama-server,22380,0,2287.3
2026-10-06T23:25:30.3916938+07:00,asr-worker-vulkan,15908,0,1039.5
2026-10-06T23:25:30.3916938+07:00,llama-server,22380,0,2289.6
2026-10-06T23:25:31.4571063+07:00,asr-worker-vulkan,15908,0,1039.5
2026-10-06T23:25:31.4571063+07:00,llama-server,22380,0,2289.6
2026-10-06T23:25:32.5203080+07:00,asr-worker-vulkan,15908,0,1039.7
2026-10-06T23:25:32.5203080+07:00,llama-server,22380,0,2290.1
2026-10-06T23:25:33.5783673+07:00,asr-worker-vulkan,15908,0,1039.7
2026-10-06T23:25:33.5783673+07:00,llama-server,22380,0,2290.8
2026-10-06T23:25:34.6376620+07:00,asr-worker-vulkan,15908,0,1039.7
2026-10-06T23:25:34.6376620+07:00,llama-server,22380,0,2292
2026-10-06T23:25:35.6961192+07:00,asr-worker-vulkan,15908,0,1039.7
2026-10-06T23:25:35.6961192+07:00,llama-server,22380,0,2292.5
2026-10-06T23:25:36.7520379+07:00,asr-worker-vulkan,15908,0,1039.7
2026-10-06T23:25:36.7520379+07:00,llama-server,22380,0,2292.5
2026-10-06T23:25:37.8133015+07:00,asr-worker-vulkan,15908,0,1039.7
2026-10-06T23:25:37.8133015+07:00,llama-server,22380,0,2292.9
2026-10-06T23:25:38.8742607+07:00,asr-worker-vulkan,15908,0,1039.7
2026-10-06T23:25:38.8742607+07:00,llama-server,22380,0,2292.9
2026-10-06T23:25:39.9360071+07:00,asr-worker-vulkan,15908,0,1039.7
2026-10-06T23:25:39.9360071+07:00,llama-server,22380,0,2292.9
2026-10-06T23:25:41.0068315+07:00,asr-worker-vulkan,15908,0,1039.7
2026-10-06T23:25:41.0068315+07:00,llama-server,22380,0,2292.9
2026-10-06T23:25:42.0705728+07:00,asr-worker-vulkan,15908,0,1039.7
2026-10-06T23:25:42.0705728+07:00,llama-server,22380,0,2292.9
2026-10-06T23:25:43.1313647+07:00,asr-worker-vulkan,15908,0,1039.7
2026-10-06T23:25:43.1313647+07:00,llama-server,22380,0,2292.9
2026-10-06T23:25:44.1928246+07:00,asr-worker-vulkan,15908,0,1039.7
2026-10-06T23:25:44.1928246+07:00,llama-server,22380,0,2292.9
2026-10-06T23:25:45.2336394+07:00,asr-worker-vulkan,15908,0,1039.7
2026-10-06T23:25:45.2336394+07:00,llama-server,22380,0,2292.9
2026-10-06T23:25:46.2935386+07:00,asr-worker-vulkan,15908,0,1039.7
2026-10-06T23:25:46.2935386+07:00,llama-server,22380,0,2293.2
2026-10-06T23:25:47.3672818+07:00,asr-worker-vulkan,15908,0,1039.7
2026-10-06T23:25:47.3672818+07:00,llama-server,22380,0,2293.2
2026-10-06T23:25:48.4330877+07:00,asr-worker-vulkan,15908,0,1039.7
2026-10-06T23:25:48.4330877+07:00,llama-server,22380,0,2293.2
2026-10-06T23:25:49.4941451+07:00,asr-worker-vulkan,15908,0,1039.7
2026-10-06T23:25:49.4941451+07:00,llama-server,22380,0,2293.2
2026-10-06T23:25:50.5583916+07:00,asr-worker-vulkan,15908,0,1039.7
2026-10-06T23:25:50.5583916+07:00,llama-server,22380,0,2293.2
2026-10-06T23:25:51.6340078+07:00,asr-worker-vulkan,15908,0,1039.7
2026-10-06T23:25:51.6340078+07:00,llama-server,22380,0,2293.2
2026-10-06T23:25:52.6938964+07:00,asr-worker-vulkan,15908,0,1039.7
2026-10-06T23:25:52.6938964+07:00,llama-server,22380,0,2293.9
2026-10-06T23:25:53.7616478+07:00,asr-worker-vulkan,15908,0,1039.7
2026-10-06T23:25:53.7616478+07:00,llama-server,22380,0,2294.4
2026-10-06T23:25:54.8371917+07:00,asr-worker-vulkan,15908,0,1039.7
2026-10-06T23:25:54.8371917+07:00,llama-server,22380,0,2294.4
2026-10-06T23:25:55.8980558+07:00,asr-worker-vulkan,15908,0,1039.7
2026-10-06T23:25:55.8980558+07:00,llama-server,22380,0,2294.4
2026-10-06T23:25:56.9729315+07:00,asr-worker-vulkan,15908,0,1039.7
2026-10-06T23:25:56.9729315+07:00,llama-server,22380,0,2294.4
2026-10-06T23:25:58.0324298+07:00,asr-worker-vulkan,15908,0,1039.7
2026-10-06T23:25:58.0324298+07:00,llama-server,22380,0,2294.7
2026-10-06T23:25:59.0915595+07:00,asr-worker-vulkan,15908,0,1039.7
2026-10-06T23:25:59.0915595+07:00,llama-server,22380,0,2294.7
2026-10-06T23:26:00.1386653+07:00,asr-worker-vulkan,15908,0,1039.7
2026-10-06T23:26:00.1386653+07:00,llama-server,22380,0,2294.7
2026-10-06T23:26:01.2116439+07:00,asr-worker-vulkan,15908,0,1039.7
2026-10-06T23:26:01.2116439+07:00,llama-server,22380,0,2294.7
2026-10-06T23:26:02.2883932+07:00,asr-worker-vulkan,15908,0,1039.7
2026-10-06T23:26:02.2883932+07:00,llama-server,22380,0,2294.7
2026-10-06T23:26:03.3472842+07:00,asr-worker-vulkan,15908,0,1039.7
2026-10-06T23:26:03.3472842+07:00,llama-server,22380,0,2294.7
2026-10-06T23:26:04.4074525+07:00,asr-worker-vulkan,15908,0,1039.7
2026-10-06T23:26:04.4074525+07:00,llama-server,22380,0,2295
2026-10-06T23:26:05.4821715+07:00,asr-worker-vulkan,15908,0,1039.7
2026-10-06T23:26:05.4821715+07:00,llama-server,22380,0,2295
2026-10-06T23:26:06.5599413+07:00,asr-worker-vulkan,15908,0,1039.7
2026-10-06T23:26:06.5599413+07:00,llama-server,22380,0,2295
2026-10-06T23:26:07.6420453+07:00,asr-worker-vulkan,15908,0,1039.7
2026-10-06T23:26:07.6420453+07:00,llama-server,22380,0,2295
2026-10-06T23:26:08.7005210+07:00,asr-worker-vulkan,15908,0,1039.7
2026-10-06T23:26:08.7005210+07:00,llama-server,22380,0,2295
2026-10-06T23:26:09.7721933+07:00,asr-worker-vulkan,15908,0,1039.7
2026-10-06T23:26:09.7721933+07:00,llama-server,22380,0,2295
2026-10-06T23:26:10.8518675+07:00,asr-worker-vulkan,15908,0,1039.7
2026-10-06T23:26:10.8518675+07:00,llama-server,22380,0,2295
2026-10-06T23:26:11.9145159+07:00,asr-worker-vulkan,15908,0,1039.7
2026-10-06T23:26:11.9145159+07:00,llama-server,22380,0,2295
2026-10-06T23:26:12.9914535+07:00,asr-worker-vulkan,15908,0,1039.7
2026-10-06T23:26:12.9914535+07:00,llama-server,22380,0,2295
2026-10-06T23:26:14.0548202+07:00,asr-worker-vulkan,15908,0,1039.7
2026-10-06T23:26:14.0548202+07:00,llama-server,22380,0,2295
2026-10-06T23:26:15.1117643+07:00,asr-worker-vulkan,15908,0,1039.7
2026-10-06T23:26:15.1117643+07:00,llama-server,22380,0,2295
2026-10-06T23:26:16.1728474+07:00,asr-worker-vulkan,15908,0,1039.7
2026-10-06T23:26:16.1728474+07:00,llama-server,22380,0,2295
2026-10-06T23:26:17.2312565+07:00,asr-worker-vulkan,15908,0,1039.7
2026-10-06T23:26:17.2312565+07:00,llama-server,22380,0,2295
2026-10-06T23:26:18.3075684+07:00,asr-worker-vulkan,15908,0,1039.7
2026-10-06T23:26:18.3075684+07:00,llama-server,22380,0,2295
2026-10-06T23:26:19.3644846+07:00,asr-worker-vulkan,15908,0,1039.7
2026-10-06T23:26:19.3644846+07:00,llama-server,22380,0,2295
2026-10-06T23:26:20.4248473+07:00,asr-worker-vulkan,15908,0,1039.7
2026-10-06T23:26:20.4248473+07:00,llama-server,22380,0,2295
2026-10-06T23:26:21.4837005+07:00,asr-worker-vulkan,15908,0,1039.7
2026-10-06T23:26:21.4837005+07:00,llama-server,22380,0,2295
2026-10-06T23:26:22.5413573+07:00,asr-worker-vulkan,15908,0,1039.7
2026-10-06T23:26:22.5413573+07:00,llama-server,22380,0,2295
2026-10-06T23:26:23.6135989+07:00,asr-worker-vulkan,15908,0,1039.7
2026-10-06T23:26:23.6135989+07:00,llama-server,22380,0,2295.3
2026-10-06T23:26:24.6762946+07:00,asr-worker-vulkan,15908,0,1039.7
2026-10-06T23:26:24.6762946+07:00,llama-server,22380,0,2295.3
2026-10-06T23:26:25.7473137+07:00,asr-worker-vulkan,15908,0,1039.7
2026-10-06T23:26:25.7473137+07:00,llama-server,22380,0,2295.3
2026-10-06T23:26:26.8101996+07:00,asr-worker-vulkan,15908,0,1039.7
2026-10-06T23:26:26.8101996+07:00,llama-server,22380,0,2295.3
2026-10-06T23:26:27.8716455+07:00,asr-worker-vulkan,15908,0,1039.7
2026-10-06T23:26:27.8716455+07:00,llama-server,22380,0,2295.3
2026-10-06T23:26:28.9317152+07:00,asr-worker-vulkan,15908,0,1039.7
2026-10-06T23:26:28.9317152+07:00,llama-server,22380,0,2295.3
2026-10-06T23:26:29.9920343+07:00,asr-worker-vulkan,15908,0,1039.7
2026-10-06T23:26:29.9920343+07:00,llama-server,22380,0,2295.3
2026-10-06T23:26:31.0562519+07:00,asr-worker-vulkan,15908,0,1039.7
2026-10-06T23:26:31.0562519+07:00,llama-server,22380,0,2295.5
2026-10-06T23:26:32.1150642+07:00,asr-worker-vulkan,15908,0,1039.7
2026-10-06T23:26:32.1150642+07:00,llama-server,22380,0,2295.5
2026-10-06T23:26:33.1740903+07:00,asr-worker-vulkan,15908,0,1039.7
2026-10-06T23:26:33.1740903+07:00,llama-server,22380,0,2295.5
2026-10-06T23:26:34.2502941+07:00,asr-worker-vulkan,15908,0,1039.7
2026-10-06T23:26:34.2502941+07:00,llama-server,22380,0,2295.5
2026-10-06T23:26:35.2948686+07:00,asr-worker-vulkan,15908,0,1039.7
2026-10-06T23:26:35.2948686+07:00,llama-server,22380,0,2295.5
2026-10-06T23:26:36.3608911+07:00,asr-worker-vulkan,15908,0,1039.7
2026-10-06T23:26:36.3608911+07:00,llama-server,22380,0,2295.5
2026-10-06T23:26:37.4262742+07:00,asr-worker-vulkan,15908,0,1039.7
2026-10-06T23:26:37.4262742+07:00,llama-server,22380,0,2295.5
2026-10-06T23:26:38.4863122+07:00,asr-worker-vulkan,15908,0,1039.7
2026-10-06T23:26:38.4863122+07:00,llama-server,22380,0,2295.5
2026-10-06T23:26:39.5421781+07:00,asr-worker-vulkan,15908,0,1039.7
2026-10-06T23:26:39.5421781+07:00,llama-server,22380,0,2295.5
2026-10-06T23:26:40.5851679+07:00,asr-worker-vulkan,15908,0,1039.7
2026-10-06T23:26:40.5851679+07:00,llama-server,22380,0,2295.5
2026-10-06T23:26:41.6617543+07:00,asr-worker-vulkan,15908,0,1039.7
2026-10-06T23:26:41.6617543+07:00,llama-server,22380,0,2295.5
2026-10-06T23:26:42.7309813+07:00,asr-worker-vulkan,15908,0,1039.7
2026-10-06T23:26:42.7309813+07:00,llama-server,22380,0,2295.5
2026-10-06T23:26:43.8161032+07:00,asr-worker-vulkan,15908,0,1039.7
2026-10-06T23:26:43.8161032+07:00,llama-server,22380,0,2295.5
2026-10-06T23:26:44.9092578+07:00,asr-worker-vulkan,15908,0,1039.7
2026-10-06T23:26:44.9092578+07:00,llama-server,22380,0,2295.5
2026-10-06T23:26:46.0108550+07:00,asr-worker-vulkan,15908,0,1039.7
2026-10-06T23:26:46.0108550+07:00,llama-server,22380,0,2295.5
2026-10-06T23:26:47.1333788+07:00,asr-worker-vulkan,15908,0,1039.7
2026-10-06T23:26:47.1333788+07:00,llama-server,22380,0,2295.6
2026-10-06T23:26:48.2091184+07:00,asr-worker-vulkan,15908,0,1039.7
2026-10-06T23:26:48.2091184+07:00,llama-server,22380,0,2295.6
2026-10-06T23:26:49.3336266+07:00,asr-worker-vulkan,15908,0,1039.7
2026-10-06T23:26:49.3336266+07:00,llama-server,22380,0,2295.6
2026-10-06T23:26:50.4538730+07:00,asr-worker-vulkan,15908,0,1039.7
2026-10-06T23:26:50.4538730+07:00,llama-server,22380,0,2295.6
2026-10-06T23:26:51.5612866+07:00,asr-worker-vulkan,15908,0,1039.7
2026-10-06T23:26:51.5612866+07:00,llama-server,22380,0,2295.6
2026-10-06T23:26:52.6689765+07:00,asr-worker-vulkan,15908,0,1039.7
2026-10-06T23:26:52.6689765+07:00,llama-server,22380,0,2295.6
2026-10-06T23:26:53.7638731+07:00,asr-worker-vulkan,15908,0,1039.7
2026-10-06T23:26:53.7638731+07:00,llama-server,22380,0,2295.6
2026-10-06T23:26:54.8534747+07:00,asr-worker-vulkan,15908,0,1039.7
2026-10-06T23:26:54.8534747+07:00,llama-server,22380,0,2295.6
2026-10-06T23:26:55.9426297+07:00,asr-worker-vulkan,15908,0,1039.7
2026-10-06T23:26:55.9426297+07:00,llama-server,22380,0,2295.6
2026-10-06T23:26:57.0050491+07:00,asr-worker-vulkan,15908,0,1039.7
2026-10-06T23:26:57.0050491+07:00,llama-server,22380,0,2296.9
2026-10-06T23:26:58.0819149+07:00,asr-worker-vulkan,15908,0,1039.7
2026-10-06T23:26:58.0819149+07:00,llama-server,22380,0,2297.6
2026-10-06T23:26:59.1730632+07:00,asr-worker-vulkan,15908,0,1039.7
2026-10-06T23:26:59.1730632+07:00,llama-server,22380,0,2297.6
2026-10-06T23:27:00.2628261+07:00,asr-worker-vulkan,15908,0,1039.7
2026-10-06T23:27:00.2628261+07:00,llama-server,22380,0,2297.6
2026-10-06T23:27:01.3707035+07:00,asr-worker-vulkan,15908,0,1039.7
2026-10-06T23:27:01.3707035+07:00,llama-server,22380,0,2297.7
2026-10-06T23:27:02.4646980+07:00,asr-worker-vulkan,15908,0,1039.7
2026-10-06T23:27:02.4646980+07:00,llama-server,22380,0,2298.3
2026-10-06T23:27:03.5567249+07:00,asr-worker-vulkan,15908,0,1039.7
2026-10-06T23:27:03.5567249+07:00,llama-server,22380,0,2298.3
2026-10-06T23:27:04.6274265+07:00,asr-worker-vulkan,15908,0,1039.7
2026-10-06T23:27:04.6274265+07:00,llama-server,22380,0,2298.3
2026-10-06T23:27:05.7028533+07:00,asr-worker-vulkan,15908,0,1039.7
2026-10-06T23:27:05.7028533+07:00,llama-server,22380,0,2298.3
2026-10-06T23:27:06.7898623+07:00,asr-worker-vulkan,15908,0,1039.7
2026-10-06T23:27:06.7898623+07:00,llama-server,22380,0,2298.3
2026-10-06T23:27:07.8561677+07:00,asr-worker-vulkan,15908,0,1039.7
2026-10-06T23:27:07.8561677+07:00,llama-server,22380,0,2298.3
2026-10-06T23:27:08.9258641+07:00,asr-worker-vulkan,15908,0,1039.7
2026-10-06T23:27:08.9258641+07:00,llama-server,22380,0,2298.6
2026-10-06T23:27:10.0066953+07:00,asr-worker-vulkan,15908,0,1039.7
2026-10-06T23:27:10.0066953+07:00,llama-server,22380,0,2298.8
2026-10-06T23:27:11.0995233+07:00,asr-worker-vulkan,15908,0,1039.7
2026-10-06T23:27:11.0995233+07:00,llama-server,22380,0,2298.8
2026-10-06T23:27:12.1902678+07:00,asr-worker-vulkan,15908,0,1039.7
2026-10-06T23:27:12.1902678+07:00,llama-server,22380,0,2298.8
2026-10-06T23:27:13.2977531+07:00,asr-worker-vulkan,15908,0,1039.7
2026-10-06T23:27:13.2977531+07:00,llama-server,22380,0,2298.8
2026-10-06T23:27:14.3745515+07:00,asr-worker-vulkan,15908,0,1039.7
2026-10-06T23:27:14.3745515+07:00,llama-server,22380,0,2298.8
2026-10-06T23:27:15.4456166+07:00,asr-worker-vulkan,15908,0,1039.7
2026-10-06T23:27:15.4456166+07:00,llama-server,22380,0,2298.8
2026-10-06T23:27:16.5107833+07:00,asr-worker-vulkan,15908,0,1039.7
2026-10-06T23:27:16.5107833+07:00,llama-server,22380,0,2298.8
2026-10-06T23:27:17.6207951+07:00,asr-worker-vulkan,15908,0,1039.7
2026-10-06T23:27:17.6207951+07:00,llama-server,22380,0,2298.8
2026-10-06T23:27:18.6942035+07:00,asr-worker-vulkan,15908,0,1039.7
2026-10-06T23:27:18.6942035+07:00,llama-server,22380,0,2298.8
2026-10-06T23:27:19.7569267+07:00,asr-worker-vulkan,15908,0,1039.7
2026-10-06T23:27:19.7569267+07:00,llama-server,22380,0,2298.8
2026-10-06T23:27:20.8167283+07:00,asr-worker-vulkan,15908,0,1039.7
2026-10-06T23:27:20.8167283+07:00,llama-server,22380,0,2298.8
2026-10-06T23:27:21.8914840+07:00,asr-worker-vulkan,15908,0,1039.7
2026-10-06T23:27:21.8914840+07:00,llama-server,22380,0,2298.8
2026-10-06T23:27:22.9755912+07:00,asr-worker-vulkan,15908,0,1039.7
2026-10-06T23:27:22.9755912+07:00,llama-server,22380,0,2298.8
2026-10-06T23:27:24.0520699+07:00,asr-worker-vulkan,15908,0,1039.7
2026-10-06T23:27:24.0520699+07:00,llama-server,22380,0,2298.8
2026-10-06T23:27:25.1131288+07:00,asr-worker-vulkan,15908,0,1039.7
2026-10-06T23:27:25.1131288+07:00,llama-server,22380,0,2298.8
2026-10-06T23:27:26.1886650+07:00,asr-worker-vulkan,15908,0,1039.7
2026-10-06T23:27:26.1886650+07:00,llama-server,22380,0,2298.8
2026-10-06T23:27:27.2462645+07:00,asr-worker-vulkan,15908,0,1039.7
2026-10-06T23:27:27.2462645+07:00,llama-server,22380,0,2298.8
2026-10-06T23:27:28.3846086+07:00,asr-worker-vulkan,15908,0,1039.7
2026-10-06T23:27:28.3846086+07:00,llama-server,22380,0,2298.8
2026-10-06T23:27:29.5216528+07:00,asr-worker-vulkan,15908,0,1039.7
2026-10-06T23:27:29.5216528+07:00,llama-server,22380,0,2298.8
2026-10-06T23:27:30.6424620+07:00,asr-worker-vulkan,15908,0,1039.7
2026-10-06T23:27:30.6424620+07:00,llama-server,22380,0,2298.8
2026-10-06T23:27:31.7514916+07:00,asr-worker-vulkan,15908,0,1039.7
2026-10-06T23:27:31.7514916+07:00,llama-server,22380,0,2298.8
2026-10-06T23:27:32.8269942+07:00,asr-worker-vulkan,15908,0,1039.7
2026-10-06T23:27:32.8269942+07:00,llama-server,22380,0,2298.8
2026-10-06T23:27:33.8897374+07:00,asr-worker-vulkan,15908,0,1039.7
2026-10-06T23:27:33.8897374+07:00,llama-server,22380,0,2298.8
2026-10-06T23:27:34.9779848+07:00,asr-worker-vulkan,15908,0,1039.7
2026-10-06T23:27:34.9779848+07:00,llama-server,22380,0,2298.8
2026-10-06T23:27:36.1040509+07:00,asr-worker-vulkan,15908,0,1039.7
2026-10-06T23:27:36.1040509+07:00,llama-server,22380,0,2298.8
2026-10-06T23:27:37.1967844+07:00,asr-worker-vulkan,15908,0,1039.7
2026-10-06T23:27:37.1967844+07:00,llama-server,22380,0,2298.8
2026-10-06T23:27:38.2734405+07:00,asr-worker-vulkan,15908,0,1039.7
2026-10-06T23:27:38.2734405+07:00,llama-server,22380,0,2298.8
2026-10-06T23:27:39.3792533+07:00,asr-worker-vulkan,15908,0,1039.7
2026-10-06T23:27:39.3792533+07:00,llama-server,22380,0,2298.8
2026-10-06T23:27:40.4504818+07:00,asr-worker-vulkan,15908,0,1039.7
2026-10-06T23:27:40.4504818+07:00,llama-server,22380,0,2298.8
2026-10-06T23:27:41.5604611+07:00,asr-worker-vulkan,15908,0,1039.7
2026-10-06T23:27:41.5604611+07:00,llama-server,22380,0,2298.8
2026-10-06T23:27:42.6379489+07:00,asr-worker-vulkan,15908,0,1039.7
2026-10-06T23:27:42.6379489+07:00,llama-server,22380,0,2298.8
2026-10-06T23:27:43.7129806+07:00,asr-worker-vulkan,15908,0,1039.7
2026-10-06T23:27:43.7129806+07:00,llama-server,22380,0,2298.8
2026-10-06T23:27:44.8068932+07:00,asr-worker-vulkan,15908,0,1039.7
2026-10-06T23:27:44.8068932+07:00,llama-server,22380,0,2298.8
2026-10-06T23:27:45.8899120+07:00,asr-worker-vulkan,15908,0,1039.7
2026-10-06T23:27:45.8899120+07:00,llama-server,22380,0,2298.8
2026-10-06T23:27:46.9643198+07:00,asr-worker-vulkan,15908,0,1039.7
2026-10-06T23:27:46.9643198+07:00,llama-server,22380,0,2298.8
2026-10-06T23:27:48.0549764+07:00,asr-worker-vulkan,15908,0,1039.7
2026-10-06T23:27:48.0549764+07:00,llama-server,22380,0,2298.8
2026-10-06T23:27:49.1272545+07:00,asr-worker-vulkan,15908,0,1039.7
2026-10-06T23:27:49.1272545+07:00,llama-server,22380,0,2298.8
2026-10-06T23:27:50.2185964+07:00,asr-worker-vulkan,15908,0,1039.7
2026-10-06T23:27:50.2185964+07:00,llama-server,22380,0,2298.8
2026-10-06T23:27:51.2923467+07:00,asr-worker-vulkan,15908,0,1039.7
2026-10-06T23:27:51.2923467+07:00,llama-server,22380,0,2298.8
2026-10-06T23:27:52.3837841+07:00,asr-worker-vulkan,15908,0,1039.7
2026-10-06T23:27:52.3837841+07:00,llama-server,22380,0,2298.8
2026-10-06T23:27:53.4572650+07:00,asr-worker-vulkan,15908,0,1039.7
2026-10-06T23:27:53.4572650+07:00,llama-server,22380,0,2298.8
2026-10-06T23:27:54.5382475+07:00,asr-worker-vulkan,15908,0,1039.7
2026-10-06T23:27:54.5382475+07:00,llama-server,22380,0,2298.8
2026-10-06T23:27:55.6266767+07:00,asr-worker-vulkan,15908,0,1039.7
2026-10-06T23:27:55.6266767+07:00,llama-server,22380,0,2298.8
2026-10-06T23:27:56.7208717+07:00,asr-worker-vulkan,15908,0,1039.7
2026-10-06T23:27:56.7208717+07:00,llama-server,22380,0,2298.8
2026-10-06T23:27:57.7951585+07:00,asr-worker-vulkan,15908,0,1039.7
2026-10-06T23:27:57.7951585+07:00,llama-server,22380,0,2298.8
2026-10-06T23:27:58.8561758+07:00,asr-worker-vulkan,15908,0,1039.7
2026-10-06T23:27:58.8561758+07:00,llama-server,22380,0,2298.8
2026-10-06T23:27:59.9323561+07:00,asr-worker-vulkan,15908,0,1039.7
2026-10-06T23:27:59.9323561+07:00,llama-server,22380,0,2298.8
2026-10-06T23:28:01.0226366+07:00,asr-worker-vulkan,15908,0,1039.7
2026-10-06T23:28:01.0226366+07:00,llama-server,22380,0,2298.8
2026-10-06T23:28:02.1141487+07:00,asr-worker-vulkan,15908,0,1039.7
2026-10-06T23:28:02.1141487+07:00,llama-server,22380,0,2298.8
2026-10-06T23:28:03.1711955+07:00,asr-worker-vulkan,15908,0,1039.7
2026-10-06T23:28:03.1711955+07:00,llama-server,22380,0,2298.8
2026-10-06T23:28:04.2499311+07:00,asr-worker-vulkan,15908,0,1039.7
2026-10-06T23:28:04.2499311+07:00,llama-server,22380,0,2298.8
2026-10-06T23:28:05.3287183+07:00,asr-worker-vulkan,15908,0,1039.7
2026-10-06T23:28:05.3287183+07:00,llama-server,22380,0,2298.8
2026-10-06T23:28:06.4215864+07:00,asr-worker-vulkan,15908,0,1039.7
2026-10-06T23:28:06.4215864+07:00,llama-server,22380,0,2298.8
2026-10-06T23:28:07.4964527+07:00,asr-worker-vulkan,15908,0,1039.7
2026-10-06T23:28:07.4964527+07:00,llama-server,22380,0,2298.8
2026-10-06T23:28:08.5840221+07:00,asr-worker-vulkan,15908,0,1039.7
2026-10-06T23:28:08.5840221+07:00,llama-server,22380,0,2298.8
2026-10-06T23:28:09.6595993+07:00,asr-worker-vulkan,15908,0,1039.7
2026-10-06T23:28:09.6595993+07:00,llama-server,22380,0,2298.8
2026-10-06T23:28:10.7370005+07:00,asr-worker-vulkan,15908,0,1039.7
2026-10-06T23:28:10.7370005+07:00,llama-server,22380,0,2298.8
2026-10-06T23:28:11.8304628+07:00,asr-worker-vulkan,15908,0,1039.7
2026-10-06T23:28:11.8304628+07:00,llama-server,22380,0,2298.8
2026-10-06T23:28:12.8970369+07:00,asr-worker-vulkan,15908,0,1039.7
2026-10-06T23:28:12.8970369+07:00,llama-server,22380,0,2300.1
2026-10-06T23:28:13.9578120+07:00,asr-worker-vulkan,15908,0,1039.7
2026-10-06T23:28:13.9578120+07:00,llama-server,22380,0,2300.5
2026-10-06T23:28:15.0440586+07:00,asr-worker-vulkan,15908,0,1039.7
2026-10-06T23:28:15.0440586+07:00,llama-server,22380,0,2300.5
2026-10-06T23:28:16.1113073+07:00,asr-worker-vulkan,15908,0,1039.7
2026-10-06T23:28:16.1113073+07:00,llama-server,22380,0,2300.5
2026-10-06T23:28:17.1875907+07:00,asr-worker-vulkan,15908,0,1039.7
2026-10-06T23:28:17.1875907+07:00,llama-server,22380,0,2300.5
2026-10-06T23:28:18.2397160+07:00,asr-worker-vulkan,15908,0,1039.7
2026-10-06T23:28:18.2397160+07:00,llama-server,22380,0,2300.5
2026-10-06T23:28:19.3047216+07:00,llama-server,22380,0,2300.5
2026-10-06T23:28:21.3829807+07:00,asr-worker-vulkan,18488,0,0
2026-10-06T23:28:22.4467874+07:00,asr-worker-vulkan,18488,0,1036.6
2026-10-06T23:28:23.4959889+07:00,asr-worker-vulkan,18488,0,1038.9
2026-10-06T23:28:23.4959889+07:00,llama-server,13828,0,2076.8
2026-10-06T23:28:24.5571507+07:00,asr-worker-vulkan,18488,0,1038.9
2026-10-06T23:28:24.5571507+07:00,llama-server,13828,0,2273.9
2026-10-06T23:28:25.6313863+07:00,asr-worker-vulkan,18488,0,1038.9
2026-10-06T23:28:25.6313863+07:00,llama-server,13828,0,2275.6
2026-10-06T23:28:26.6799234+07:00,asr-worker-vulkan,18488,0,1038.9
2026-10-06T23:28:26.6799234+07:00,llama-server,13828,0,2275.6
2026-10-06T23:28:27.7440404+07:00,asr-worker-vulkan,18488,0,1038.9
2026-10-06T23:28:27.7440404+07:00,llama-server,13828,0,2275.6
2026-10-06T23:28:28.8061895+07:00,asr-worker-vulkan,18488,0,1038.9
2026-10-06T23:28:28.8061895+07:00,llama-server,13828,0,2275.6
2026-10-06T23:28:29.8529009+07:00,asr-worker-vulkan,18488,0,1038.9
2026-10-06T23:28:29.8529009+07:00,llama-server,13828,0,2275.6
2026-10-06T23:28:30.9120025+07:00,asr-worker-vulkan,18488,0,1038.9
2026-10-06T23:28:30.9120025+07:00,llama-server,13828,0,2275.6
2026-10-06T23:28:31.9745135+07:00,asr-worker-vulkan,18488,0,1038.9
2026-10-06T23:28:31.9745135+07:00,llama-server,13828,0,2275.6
2026-10-06T23:28:33.0520383+07:00,asr-worker-vulkan,18488,0,1039.5
2026-10-06T23:28:33.0520383+07:00,llama-server,13828,0,2283.4
2026-10-06T23:28:34.1097050+07:00,asr-worker-vulkan,18488,0,1039.5
2026-10-06T23:28:34.1097050+07:00,llama-server,13828,0,2285.7
2026-10-06T23:28:35.1759436+07:00,asr-worker-vulkan,18488,0,1039.5
2026-10-06T23:28:35.1759436+07:00,llama-server,13828,0,2285.7
2026-10-06T23:28:36.2354068+07:00,asr-worker-vulkan,18488,0,1039.5
2026-10-06T23:28:36.2354068+07:00,llama-server,13828,0,2285.7
2026-10-06T23:28:37.2980953+07:00,asr-worker-vulkan,18488,0,1039.5
2026-10-06T23:28:37.2980953+07:00,llama-server,13828,0,2285.7
2026-10-06T23:28:38.3572250+07:00,asr-worker-vulkan,18488,0,1039.5
2026-10-06T23:28:38.3572250+07:00,llama-server,13828,0,2287
2026-10-06T23:28:39.4208629+07:00,asr-worker-vulkan,18488,0,1039.5
2026-10-06T23:28:39.4208629+07:00,llama-server,13828,0,2287
2026-10-06T23:28:40.4828558+07:00,asr-worker-vulkan,18488,0,1039.5
2026-10-06T23:28:40.4828558+07:00,llama-server,13828,0,2287
2026-10-06T23:28:41.5286079+07:00,asr-worker-vulkan,18488,0,1039.5
2026-10-06T23:28:41.5286079+07:00,llama-server,13828,0,2287
2026-10-06T23:28:42.5731224+07:00,asr-worker-vulkan,18488,0,1039.5
2026-10-06T23:28:42.5731224+07:00,llama-server,13828,0,2287
2026-10-06T23:28:43.6224920+07:00,asr-worker-vulkan,18488,0,1039.5
2026-10-06T23:28:43.6224920+07:00,llama-server,13828,0,2287
2026-10-06T23:28:44.6840779+07:00,asr-worker-vulkan,18488,0,1039.5
2026-10-06T23:28:44.6840779+07:00,llama-server,13828,0,2287
2026-10-06T23:28:45.7423219+07:00,asr-worker-vulkan,18488,0,1039.5
2026-10-06T23:28:45.7423219+07:00,llama-server,13828,0,2287
2026-10-06T23:28:46.8180391+07:00,asr-worker-vulkan,18488,0,1039.5
2026-10-06T23:28:46.8180391+07:00,llama-server,13828,0,2287
2026-10-06T23:28:47.8768760+07:00,asr-worker-vulkan,18488,0,1039.5
2026-10-06T23:28:47.8768760+07:00,llama-server,13828,0,2287
2026-10-06T23:28:48.9560588+07:00,asr-worker-vulkan,18488,0,1039.5
2026-10-06T23:28:48.9560588+07:00,llama-server,13828,0,2287
2026-10-06T23:28:50.0040740+07:00,asr-worker-vulkan,18488,0,1039.5
2026-10-06T23:28:50.0040740+07:00,llama-server,13828,0,2287
2026-10-06T23:28:51.0490150+07:00,asr-worker-vulkan,18488,0,1039.5
2026-10-06T23:28:51.0490150+07:00,llama-server,13828,0,2287
2026-10-06T23:28:52.1083469+07:00,asr-worker-vulkan,18488,0,1039.5
2026-10-06T23:28:52.1083469+07:00,llama-server,13828,0,2287.3
2026-10-06T23:28:53.1805127+07:00,asr-worker-vulkan,18488,0,1039.5
2026-10-06T23:28:53.1805127+07:00,llama-server,13828,0,2287.3
2026-10-06T23:28:54.2376835+07:00,asr-worker-vulkan,18488,0,1039.5
2026-10-06T23:28:54.2376835+07:00,llama-server,13828,0,2287.3
2026-10-06T23:28:55.3147339+07:00,asr-worker-vulkan,18488,0,1039.5
2026-10-06T23:28:55.3147339+07:00,llama-server,13828,0,2287.3
2026-10-06T23:28:56.3766687+07:00,asr-worker-vulkan,18488,0,1039.5
2026-10-06T23:28:56.3766687+07:00,llama-server,13828,0,2287.3
2026-10-06T23:28:57.4223360+07:00,asr-worker-vulkan,18488,0,1039.5
2026-10-06T23:28:57.4223360+07:00,llama-server,13828,0,2287.3
2026-10-06T23:28:58.4664558+07:00,asr-worker-vulkan,18488,0,1039.5
2026-10-06T23:28:58.4664558+07:00,llama-server,13828,0,2287.3
2026-10-06T23:28:59.5409923+07:00,asr-worker-vulkan,18488,0,1039.5
2026-10-06T23:28:59.5409923+07:00,llama-server,13828,0,2287.3
2026-10-06T23:29:00.5888073+07:00,asr-worker-vulkan,18488,0,1039.5
2026-10-06T23:29:00.5888073+07:00,llama-server,13828,0,2287.5
2026-10-06T23:29:01.6513887+07:00,asr-worker-vulkan,18488,0,1039.7
2026-10-06T23:29:01.6513887+07:00,llama-server,13828,0,2287.5
2026-10-06T23:29:02.7227471+07:00,asr-worker-vulkan,18488,0,1039.7
2026-10-06T23:29:02.7227471+07:00,llama-server,13828,0,2287.5
2026-10-06T23:29:03.7847980+07:00,asr-worker-vulkan,18488,0,1039.7
2026-10-06T23:29:03.7847980+07:00,llama-server,13828,0,2287.5
2026-10-06T23:29:04.8602671+07:00,asr-worker-vulkan,18488,0,1039.7
2026-10-06T23:29:04.8602671+07:00,llama-server,13828,0,2288.4
2026-10-06T23:29:05.9229777+07:00,asr-worker-vulkan,18488,0,1039.7
2026-10-06T23:29:05.9229777+07:00,llama-server,13828,0,2288.4
2026-10-06T23:29:06.9852794+07:00,asr-worker-vulkan,18488,0,1039.7
2026-10-06T23:29:06.9852794+07:00,llama-server,13828,0,2288.4
2026-10-06T23:29:08.0502085+07:00,asr-worker-vulkan,18488,0,1039.7
2026-10-06T23:29:08.0502085+07:00,llama-server,13828,0,2288.4
2026-10-06T23:29:09.1110783+07:00,asr-worker-vulkan,18488,0,1039.7
2026-10-06T23:29:09.1110783+07:00,llama-server,13828,0,2288.4
2026-10-06T23:29:10.1719974+07:00,asr-worker-vulkan,18488,0,1039.7
2026-10-06T23:29:10.1719974+07:00,llama-server,13828,0,2288.7
2026-10-06T23:29:11.2355347+07:00,asr-worker-vulkan,18488,0,1039.7
2026-10-06T23:29:11.2355347+07:00,llama-server,13828,0,2288.7
2026-10-06T23:29:12.3078136+07:00,asr-worker-vulkan,18488,0,1039.7
2026-10-06T23:29:12.3078136+07:00,llama-server,13828,0,2288.7
2026-10-06T23:29:13.3659989+07:00,asr-worker-vulkan,18488,0,1039.7
2026-10-06T23:29:13.3659989+07:00,llama-server,13828,0,2288.7
2026-10-06T23:29:14.4264562+07:00,asr-worker-vulkan,18488,0,1039.7
2026-10-06T23:29:14.4264562+07:00,llama-server,13828,0,2288.7
2026-10-06T23:29:15.5009240+07:00,asr-worker-vulkan,18488,0,1039.7
2026-10-06T23:29:15.5009240+07:00,llama-server,13828,0,2290.3
2026-10-06T23:29:16.5580302+07:00,asr-worker-vulkan,18488,0,1039.7
2026-10-06T23:29:16.5580302+07:00,llama-server,13828,0,2291.4
2026-10-06T23:29:17.6184370+07:00,asr-worker-vulkan,18488,0,1039.7
2026-10-06T23:29:17.6184370+07:00,llama-server,13828,0,2291.4
2026-10-06T23:29:18.6787472+07:00,asr-worker-vulkan,18488,0,1039.7
2026-10-06T23:29:18.6787472+07:00,llama-server,13828,0,2291.4
2026-10-06T23:29:19.7398493+07:00,asr-worker-vulkan,18488,0,1039.7
2026-10-06T23:29:19.7398493+07:00,llama-server,13828,0,2291.4
2026-10-06T23:29:20.7885909+07:00,asr-worker-vulkan,18488,0,1039.7
2026-10-06T23:29:20.7885909+07:00,llama-server,13828,0,2291.4
2026-10-06T23:29:21.8473528+07:00,asr-worker-vulkan,18488,0,1039.7
2026-10-06T23:29:21.8473528+07:00,llama-server,13828,0,2291.4
2026-10-06T23:29:22.9101029+07:00,asr-worker-vulkan,18488,0,1039.7
2026-10-06T23:29:22.9101029+07:00,llama-server,13828,0,2291.4
2026-10-06T23:29:23.9735244+07:00,asr-worker-vulkan,18488,0,1039.7
2026-10-06T23:29:23.9735244+07:00,llama-server,13828,0,2291.4
2026-10-06T23:29:25.0316422+07:00,asr-worker-vulkan,18488,0,1039.7
2026-10-06T23:29:25.0316422+07:00,llama-server,13828,0,2291.7
2026-10-06T23:29:26.1078527+07:00,asr-worker-vulkan,18488,0,1039.7
2026-10-06T23:29:26.1078527+07:00,llama-server,13828,0,2291.7
2026-10-06T23:29:27.1789369+07:00,asr-worker-vulkan,18488,0,1039.7
2026-10-06T23:29:27.1789369+07:00,llama-server,13828,0,2291.7
2026-10-06T23:29:28.2403280+07:00,asr-worker-vulkan,18488,0,1039.7
2026-10-06T23:29:28.2403280+07:00,llama-server,13828,0,2291.7
2026-10-06T23:29:29.3038959+07:00,asr-worker-vulkan,18488,0,1039.7
2026-10-06T23:29:29.3038959+07:00,llama-server,13828,0,2291.7
2026-10-06T23:29:30.3963659+07:00,asr-worker-vulkan,18488,0,1039.7
2026-10-06T23:29:30.3963659+07:00,llama-server,13828,0,2291.7
2026-10-06T23:29:31.4731389+07:00,asr-worker-vulkan,18488,0,1039.7
2026-10-06T23:29:31.4731389+07:00,llama-server,13828,0,2291.7
2026-10-06T23:29:32.5352184+07:00,asr-worker-vulkan,18488,0,1039.7
2026-10-06T23:29:32.5352184+07:00,llama-server,13828,0,2293.1
2026-10-06T23:29:33.6001611+07:00,asr-worker-vulkan,18488,0,1039.7
2026-10-06T23:29:33.6001611+07:00,llama-server,13828,0,2293.1
2026-10-06T23:29:34.6773341+07:00,asr-worker-vulkan,18488,0,1039.7
2026-10-06T23:29:34.6773341+07:00,llama-server,13828,0,2293.1
2026-10-06T23:29:35.7384141+07:00,asr-worker-vulkan,18488,0,1039.7
2026-10-06T23:29:35.7384141+07:00,llama-server,13828,0,2293.1
2026-10-06T23:29:36.7989395+07:00,asr-worker-vulkan,18488,0,1039.7
2026-10-06T23:29:36.7989395+07:00,llama-server,13828,0,2293.1
2026-10-06T23:29:37.8735734+07:00,asr-worker-vulkan,18488,0,1039.7
2026-10-06T23:29:37.8735734+07:00,llama-server,13828,0,2293.1
2026-10-06T23:29:38.9387635+07:00,asr-worker-vulkan,18488,0,1039.7
2026-10-06T23:29:38.9387635+07:00,llama-server,13828,0,2293.1
2026-10-06T23:29:39.9991806+07:00,asr-worker-vulkan,18488,0,1039.7
2026-10-06T23:29:39.9991806+07:00,llama-server,13828,0,2293.1
2026-10-06T23:29:41.0769912+07:00,asr-worker-vulkan,18488,0,1039.7
2026-10-06T23:29:41.0769912+07:00,llama-server,13828,0,2293.1
2026-10-06T23:29:42.1517931+07:00,asr-worker-vulkan,18488,0,1039.7
2026-10-06T23:29:42.1517931+07:00,llama-server,13828,0,2293.1
2026-10-06T23:29:43.2253599+07:00,asr-worker-vulkan,18488,0,1039.7
2026-10-06T23:29:43.2253599+07:00,llama-server,13828,0,2293.4
2026-10-06T23:29:44.3008512+07:00,asr-worker-vulkan,18488,0,1039.7
2026-10-06T23:29:44.3008512+07:00,llama-server,13828,0,2293.4
2026-10-06T23:29:45.3660061+07:00,asr-worker-vulkan,18488,0,1039.7
2026-10-06T23:29:45.3660061+07:00,llama-server,13828,0,2293.8
2026-10-06T23:29:46.4389050+07:00,asr-worker-vulkan,18488,0,1039.7
2026-10-06T23:29:46.4389050+07:00,llama-server,13828,0,2293.8
2026-10-06T23:29:47.5311984+07:00,asr-worker-vulkan,18488,0,1039.7
2026-10-06T23:29:47.5311984+07:00,llama-server,13828,0,2293.8
2026-10-06T23:29:48.5877079+07:00,asr-worker-vulkan,18488,0,1039.7
2026-10-06T23:29:48.5877079+07:00,llama-server,13828,0,2293.8
2026-10-06T23:29:49.6350418+07:00,asr-worker-vulkan,18488,0,1039.7
2026-10-06T23:29:49.6350418+07:00,llama-server,13828,0,2293.8
2026-10-06T23:29:50.7000334+07:00,asr-worker-vulkan,18488,0,1039.7
2026-10-06T23:29:50.7000334+07:00,llama-server,13828,0,2293.8
2026-10-06T23:29:51.7690787+07:00,asr-worker-vulkan,18488,0,1039.7
2026-10-06T23:29:51.7690787+07:00,llama-server,13828,0,2293.8
2026-10-06T23:29:52.8454142+07:00,asr-worker-vulkan,18488,0,1039.7
2026-10-06T23:29:52.8454142+07:00,llama-server,13828,0,2293.8
2026-10-06T23:29:53.9107165+07:00,asr-worker-vulkan,18488,0,1039.7
2026-10-06T23:29:53.9107165+07:00,llama-server,13828,0,2293.8
2026-10-06T23:29:54.9711092+07:00,asr-worker-vulkan,18488,0,1039.7
2026-10-06T23:29:54.9711092+07:00,llama-server,13828,0,2293.8
2026-10-06T23:29:56.0271966+07:00,asr-worker-vulkan,18488,0,1039.7
2026-10-06T23:29:56.0271966+07:00,llama-server,13828,0,2293.8
2026-10-06T23:29:57.0886188+07:00,asr-worker-vulkan,18488,0,1039.7
2026-10-06T23:29:57.0886188+07:00,llama-server,13828,0,2294.1
2026-10-06T23:29:58.1527610+07:00,asr-worker-vulkan,18488,0,1039.7
2026-10-06T23:29:58.1527610+07:00,llama-server,13828,0,2294.1
2026-10-06T23:29:59.2126286+07:00,asr-worker-vulkan,18488,0,1039.7
2026-10-06T23:29:59.2126286+07:00,llama-server,13828,0,2294.1
2026-10-06T23:30:00.2557245+07:00,asr-worker-vulkan,18488,0,1039.7
2026-10-06T23:30:00.2557245+07:00,llama-server,13828,0,2294.1
2026-10-06T23:30:01.3141016+07:00,asr-worker-vulkan,18488,0,1039.7
2026-10-06T23:30:01.3141016+07:00,llama-server,13828,0,2294.3
2026-10-06T23:30:02.3887568+07:00,asr-worker-vulkan,18488,0,1039.7
2026-10-06T23:30:02.3887568+07:00,llama-server,13828,0,2294.3
2026-10-06T23:30:03.4510610+07:00,asr-worker-vulkan,18488,0,1039.7
2026-10-06T23:30:03.4510610+07:00,llama-server,13828,0,2294.3
2026-10-06T23:30:04.4950034+07:00,asr-worker-vulkan,18488,0,1039.7
2026-10-06T23:30:04.4950034+07:00,llama-server,13828,0,2294.3
2026-10-06T23:30:05.5519946+07:00,asr-worker-vulkan,18488,0,1039.7
2026-10-06T23:30:05.5519946+07:00,llama-server,13828,0,2294.3
2026-10-06T23:30:06.5971359+07:00,asr-worker-vulkan,18488,0,1039.7
2026-10-06T23:30:06.5971359+07:00,llama-server,13828,0,2294.4
2026-10-06T23:30:07.6447121+07:00,asr-worker-vulkan,18488,0,1039.7
2026-10-06T23:30:07.6447121+07:00,llama-server,13828,0,2294.6
2026-10-06T23:30:08.7064998+07:00,asr-worker-vulkan,18488,0,1039.7
2026-10-06T23:30:08.7064998+07:00,llama-server,13828,0,2294.6
2026-10-06T23:30:09.7653976+07:00,asr-worker-vulkan,18488,0,1039.7
2026-10-06T23:30:09.7653976+07:00,llama-server,13828,0,2294.8
2026-10-06T23:30:10.8254930+07:00,asr-worker-vulkan,18488,0,1039.7
2026-10-06T23:30:10.8254930+07:00,llama-server,13828,0,2294.8
2026-10-06T23:30:11.8865126+07:00,asr-worker-vulkan,18488,0,1039.7
2026-10-06T23:30:11.8865126+07:00,llama-server,13828,0,2294.8
2026-10-06T23:30:12.9645100+07:00,asr-worker-vulkan,18488,0,1039.7
2026-10-06T23:30:12.9645100+07:00,llama-server,13828,0,2294.8
2026-10-06T23:30:14.0257639+07:00,asr-worker-vulkan,18488,0,1039.7
2026-10-06T23:30:14.0257639+07:00,llama-server,13828,0,2294.8
2026-10-06T23:30:15.0856338+07:00,asr-worker-vulkan,18488,0,1039.7
2026-10-06T23:30:15.0856338+07:00,llama-server,13828,0,2294.8
2026-10-06T23:30:16.1478796+07:00,asr-worker-vulkan,18488,0,1039.7
2026-10-06T23:30:16.1478796+07:00,llama-server,13828,0,2294.8
2026-10-06T23:30:17.2167536+07:00,asr-worker-vulkan,18488,0,1039.7
2026-10-06T23:30:17.2167536+07:00,llama-server,13828,0,2294.8
2026-10-06T23:30:18.2601883+07:00,asr-worker-vulkan,18488,0,1039.7
2026-10-06T23:30:18.2601883+07:00,llama-server,13828,0,2294.8
2026-10-06T23:30:19.3219844+07:00,asr-worker-vulkan,18488,0,1039.7
2026-10-06T23:30:19.3219844+07:00,llama-server,13828,0,2294.8
2026-10-06T23:30:20.3838342+07:00,asr-worker-vulkan,18488,0,1039.7
2026-10-06T23:30:20.3838342+07:00,llama-server,13828,0,2294.8
2026-10-06T23:30:21.4424435+07:00,asr-worker-vulkan,18488,0,1039.7
2026-10-06T23:30:21.4424435+07:00,llama-server,13828,0,2294.8
2026-10-06T23:30:22.5049746+07:00,asr-worker-vulkan,18488,0,1039.7
2026-10-06T23:30:22.5049746+07:00,llama-server,13828,0,2294.8
2026-10-06T23:30:23.5527115+07:00,asr-worker-vulkan,18488,0,1039.7
2026-10-06T23:30:23.5527115+07:00,llama-server,13828,0,2295.1
2026-10-06T23:30:24.6308538+07:00,asr-worker-vulkan,18488,0,1039.7
2026-10-06T23:30:24.6308538+07:00,llama-server,13828,0,2295.1
2026-10-06T23:30:25.6899997+07:00,asr-worker-vulkan,18488,0,1039.7
2026-10-06T23:30:25.6899997+07:00,llama-server,13828,0,2295.1
2026-10-06T23:30:26.7546153+07:00,asr-worker-vulkan,18488,0,1039.7
2026-10-06T23:30:26.7546153+07:00,llama-server,13828,0,2295.1
2026-10-06T23:30:27.7981204+07:00,asr-worker-vulkan,18488,0,1039.7
2026-10-06T23:30:27.7981204+07:00,llama-server,13828,0,2295.1
2026-10-06T23:30:28.8433299+07:00,asr-worker-vulkan,18488,0,1039.7
2026-10-06T23:30:28.8433299+07:00,llama-server,13828,0,2295.1
2026-10-06T23:30:29.9167111+07:00,asr-worker-vulkan,18488,0,1039.7
2026-10-06T23:30:29.9167111+07:00,llama-server,13828,0,2295.1
2026-10-06T23:30:30.9730349+07:00,asr-worker-vulkan,18488,0,1039.7
2026-10-06T23:30:30.9730349+07:00,llama-server,13828,0,2296.1
2026-10-06T23:30:32.0454322+07:00,asr-worker-vulkan,18488,0,1039.7
2026-10-06T23:30:32.0454322+07:00,llama-server,13828,0,2296.1
2026-10-06T23:30:33.0972364+07:00,asr-worker-vulkan,18488,0,1039.7
2026-10-06T23:30:33.0972364+07:00,llama-server,13828,0,2296.1
2026-10-06T23:30:34.1558704+07:00,asr-worker-vulkan,18488,0,1039.7
2026-10-06T23:30:34.1558704+07:00,llama-server,13828,0,2296.1
2026-10-06T23:30:35.2158474+07:00,asr-worker-vulkan,18488,0,1039.7
2026-10-06T23:30:35.2158474+07:00,llama-server,13828,0,2296.1
2026-10-06T23:30:36.2783933+07:00,asr-worker-vulkan,18488,0,1039.7
2026-10-06T23:30:36.2783933+07:00,llama-server,13828,0,2296.1
2026-10-06T23:30:37.3449432+07:00,asr-worker-vulkan,18488,0,1039.7
2026-10-06T23:30:37.3449432+07:00,llama-server,13828,0,2296.1
2026-10-06T23:30:38.4036416+07:00,asr-worker-vulkan,18488,0,1039.7
2026-10-06T23:30:38.4036416+07:00,llama-server,13828,0,2296.1
2026-10-06T23:30:39.4645913+07:00,asr-worker-vulkan,18488,0,1039.7
2026-10-06T23:30:39.4645913+07:00,llama-server,13828,0,2296.1
2026-10-06T23:30:40.5230979+07:00,asr-worker-vulkan,18488,0,1039.7
2026-10-06T23:30:40.5230979+07:00,llama-server,13828,0,2296.1
2026-10-06T23:30:41.5986045+07:00,asr-worker-vulkan,18488,0,1039.7
2026-10-06T23:30:41.5986045+07:00,llama-server,13828,0,2296.1
2026-10-06T23:30:42.6610803+07:00,asr-worker-vulkan,18488,0,1039.7
2026-10-06T23:30:42.6610803+07:00,llama-server,13828,0,2296.1
2026-10-06T23:30:43.7192548+07:00,asr-worker-vulkan,18488,0,1039.7
2026-10-06T23:30:43.7192548+07:00,llama-server,13828,0,2296.1
2026-10-06T23:30:44.7812125+07:00,asr-worker-vulkan,18488,0,1039.7
2026-10-06T23:30:44.7812125+07:00,llama-server,13828,0,2296.3
2026-10-06T23:30:45.8594891+07:00,asr-worker-vulkan,18488,0,1039.7
2026-10-06T23:30:45.8594891+07:00,llama-server,13828,0,2296.3
2026-10-06T23:30:46.9242403+07:00,asr-worker-vulkan,18488,0,1039.7
2026-10-06T23:30:46.9242403+07:00,llama-server,13828,0,2296.3
2026-10-06T23:30:47.9888012+07:00,asr-worker-vulkan,18488,0,1039.7
2026-10-06T23:30:47.9888012+07:00,llama-server,13828,0,2296.3
2026-10-06T23:30:49.0659779+07:00,asr-worker-vulkan,18488,0,1039.7
2026-10-06T23:30:49.0659779+07:00,llama-server,13828,0,2296.6
2026-10-06T23:30:50.1234281+07:00,asr-worker-vulkan,18488,0,1039.7
2026-10-06T23:30:50.1234281+07:00,llama-server,13828,0,2296.6
2026-10-06T23:30:51.2025759+07:00,asr-worker-vulkan,18488,0,1039.7
2026-10-06T23:30:51.2025759+07:00,llama-server,13828,0,2296.6
2026-10-06T23:30:52.2473186+07:00,asr-worker-vulkan,18488,0,1039.7
2026-10-06T23:30:52.2473186+07:00,llama-server,13828,0,2296.6
2026-10-06T23:30:53.2957290+07:00,asr-worker-vulkan,18488,0,1039.7
2026-10-06T23:30:53.2957290+07:00,llama-server,13828,0,2296.6
2026-10-06T23:30:54.3570955+07:00,asr-worker-vulkan,18488,0,1039.7
2026-10-06T23:30:54.3570955+07:00,llama-server,13828,0,2296.8
2026-10-06T23:30:55.4186425+07:00,asr-worker-vulkan,18488,0,1039.7
2026-10-06T23:30:55.4186425+07:00,llama-server,13828,0,2296.8
2026-10-06T23:30:56.4827892+07:00,asr-worker-vulkan,18488,0,1039.7
2026-10-06T23:30:56.4827892+07:00,llama-server,13828,0,2296.8
2026-10-06T23:30:57.5299255+07:00,asr-worker-vulkan,18488,0,1039.7
2026-10-06T23:30:57.5299255+07:00,llama-server,13828,0,2296.8
2026-10-06T23:30:58.5913518+07:00,asr-worker-vulkan,18488,0,1039.7
2026-10-06T23:30:58.5913518+07:00,llama-server,13828,0,2297.1
2026-10-06T23:30:59.6544145+07:00,asr-worker-vulkan,18488,0,1039.7
2026-10-06T23:30:59.6544145+07:00,llama-server,13828,0,2297.1
2026-10-06T23:31:00.7168061+07:00,asr-worker-vulkan,18488,0,1039.7
2026-10-06T23:31:00.7168061+07:00,llama-server,13828,0,2297.1
2026-10-06T23:31:01.7920903+07:00,asr-worker-vulkan,18488,0,1039.7
2026-10-06T23:31:01.7920903+07:00,llama-server,13828,0,2297.1
2026-10-06T23:31:02.8347723+07:00,asr-worker-vulkan,18488,0,1039.7
2026-10-06T23:31:02.8347723+07:00,llama-server,13828,0,2297.1
2026-10-06T23:31:03.8948515+07:00,asr-worker-vulkan,18488,0,1039.7
2026-10-06T23:31:03.8948515+07:00,llama-server,13828,0,2297.1
2026-10-06T23:31:04.9513026+07:00,asr-worker-vulkan,18488,0,1039.7
2026-10-06T23:31:04.9513026+07:00,llama-server,13828,0,2297.1
2026-10-06T23:31:05.9956811+07:00,asr-worker-vulkan,18488,0,1039.7
2026-10-06T23:31:05.9956811+07:00,llama-server,13828,0,2297.1
2026-10-06T23:31:07.0584024+07:00,asr-worker-vulkan,18488,0,1039.7
2026-10-06T23:31:07.0584024+07:00,llama-server,13828,0,2297.1
2026-10-06T23:31:08.1040894+07:00,asr-worker-vulkan,18488,0,1039.7
2026-10-06T23:31:08.1040894+07:00,llama-server,13828,0,2297.1
2026-10-06T23:31:09.1786473+07:00,asr-worker-vulkan,18488,0,1039.7
2026-10-06T23:31:09.1786473+07:00,llama-server,13828,0,2297.1
2026-10-06T23:31:10.2391513+07:00,asr-worker-vulkan,18488,0,1039.7
2026-10-06T23:31:10.2391513+07:00,llama-server,13828,0,2297.1
2026-10-06T23:31:11.2964266+07:00,asr-worker-vulkan,18488,0,1039.7
2026-10-06T23:31:11.2964266+07:00,llama-server,13828,0,2297.1
2026-10-06T23:31:12.3738232+07:00,asr-worker-vulkan,18488,0,1039.7
2026-10-06T23:31:12.3738232+07:00,llama-server,13828,0,2297.1
2026-10-06T23:31:13.4330797+07:00,asr-worker-vulkan,18488,0,1039.7
2026-10-06T23:31:13.4330797+07:00,llama-server,13828,0,2297.1
2026-10-06T23:31:14.4970988+07:00,asr-worker-vulkan,18488,0,1039.7
2026-10-06T23:31:14.4970988+07:00,llama-server,13828,0,2297.1
2026-10-06T23:31:15.5549175+07:00,asr-worker-vulkan,18488,0,1039.7
2026-10-06T23:31:15.5549175+07:00,llama-server,13828,0,2297.1
2026-10-06T23:31:16.6173339+07:00,asr-worker-vulkan,18488,0,1039.7
2026-10-06T23:31:16.6173339+07:00,llama-server,13828,0,2297.1
2026-10-06T23:31:17.7005633+07:00,asr-worker-vulkan,18488,0,1039.7
2026-10-06T23:31:17.7005633+07:00,llama-server,13828,0,2297.1
2026-10-06T23:31:18.7457310+07:00,asr-worker-vulkan,18488,0,1039.7
2026-10-06T23:31:18.7457310+07:00,llama-server,13828,0,2297.1
2026-10-06T23:31:19.8087153+07:00,asr-worker-vulkan,18488,0,1039.7
2026-10-06T23:31:19.8087153+07:00,llama-server,13828,0,2297.1
2026-10-06T23:31:20.8637488+07:00,asr-worker-vulkan,18488,0,1039.7
2026-10-06T23:31:20.8637488+07:00,llama-server,13828,0,2297.2
2026-10-06T23:31:21.9208066+07:00,asr-worker-vulkan,18488,0,1039.7
2026-10-06T23:31:21.9208066+07:00,llama-server,13828,0,2297.2
2026-10-06T23:31:22.9933444+07:00,asr-worker-vulkan,18488,0,1039.7
2026-10-06T23:31:22.9933444+07:00,llama-server,13828,0,2297.2
2026-10-06T23:31:24.0526955+07:00,asr-worker-vulkan,18488,0,1039.7
2026-10-06T23:31:24.0526955+07:00,llama-server,13828,0,2297.2
2026-10-06T23:31:25.1268219+07:00,asr-worker-vulkan,18488,0,1039.7
2026-10-06T23:31:25.1268219+07:00,llama-server,13828,0,2297.2
2026-10-06T23:31:26.1893170+07:00,asr-worker-vulkan,18488,0,1039.7
2026-10-06T23:31:26.1893170+07:00,llama-server,13828,0,2297.2
2026-10-06T23:31:27.2315418+07:00,asr-worker-vulkan,18488,0,1039.7
2026-10-06T23:31:27.2315418+07:00,llama-server,13828,0,2297.2
2026-10-06T23:31:28.3102637+07:00,asr-worker-vulkan,18488,0,1039.7
2026-10-06T23:31:28.3102637+07:00,llama-server,13828,0,2297.2
2026-10-06T23:31:29.3586398+07:00,llama-server,13828,0,2297.2
2026-10-06T23:31:30.4197791+07:00,llama-server,13828,0,2297.2
2026-10-06T23:31:32.5106202+07:00,asr-worker-vulkan,17592,0,1036.6
2026-10-06T23:31:33.5777960+07:00,asr-worker-vulkan,17592,0,1038.9
2026-10-06T23:31:33.5777960+07:00,llama-server,23176,0,2076.8
2026-10-06T23:31:34.6308736+07:00,asr-worker-vulkan,17592,0,1038.9
2026-10-06T23:31:34.6308736+07:00,llama-server,23176,0,2271.6
2026-10-06T23:31:35.6927189+07:00,asr-worker-vulkan,17592,0,1038.9
2026-10-06T23:31:35.6927189+07:00,llama-server,23176,0,2275.6
2026-10-06T23:31:36.7575762+07:00,asr-worker-vulkan,17592,0,1038.9
2026-10-06T23:31:36.7575762+07:00,llama-server,23176,0,2275.6
2026-10-06T23:31:37.7987632+07:00,asr-worker-vulkan,17592,0,1038.9
2026-10-06T23:31:37.7987632+07:00,llama-server,23176,0,2275.6
2026-10-06T23:31:38.8572181+07:00,asr-worker-vulkan,17592,0,1039.5
2026-10-06T23:31:38.8572181+07:00,llama-server,23176,0,2275.7
2026-10-06T23:31:39.9196212+07:00,asr-worker-vulkan,17592,0,1039.5
2026-10-06T23:31:39.9196212+07:00,llama-server,23176,0,2281.1
2026-10-06T23:31:40.9926201+07:00,asr-worker-vulkan,17592,0,1039.5
2026-10-06T23:31:40.9926201+07:00,llama-server,23176,0,2281.1
2026-10-06T23:31:42.0551720+07:00,asr-worker-vulkan,17592,0,1039.5
2026-10-06T23:31:42.0551720+07:00,llama-server,23176,0,2281.1
2026-10-06T23:31:43.1162818+07:00,asr-worker-vulkan,17592,0,1039.5
2026-10-06T23:31:43.1162818+07:00,llama-server,23176,0,2281.1
2026-10-06T23:31:44.1935554+07:00,asr-worker-vulkan,17592,0,1039.7
2026-10-06T23:31:44.1935554+07:00,llama-server,23176,0,2283.3
2026-10-06T23:31:45.2545323+07:00,asr-worker-vulkan,17592,0,1039.7
2026-10-06T23:31:45.2545323+07:00,llama-server,23176,0,2283.3
2026-10-06T23:31:46.3058352+07:00,asr-worker-vulkan,17592,0,1039.7
2026-10-06T23:31:46.3058352+07:00,llama-server,23176,0,2283.3
2026-10-06T23:31:47.3674382+07:00,asr-worker-vulkan,17592,0,1039.7
2026-10-06T23:31:47.3674382+07:00,llama-server,23176,0,2283.7
2026-10-06T23:31:48.4255539+07:00,asr-worker-vulkan,17592,0,1039.7
2026-10-06T23:31:48.4255539+07:00,llama-server,23176,0,2284
2026-10-06T23:31:49.4856566+07:00,asr-worker-vulkan,17592,0,1039.7
2026-10-06T23:31:49.4856566+07:00,llama-server,23176,0,2284
2026-10-06T23:31:50.5485067+07:00,asr-worker-vulkan,17592,0,1039.7
2026-10-06T23:31:50.5485067+07:00,llama-server,23176,0,2284
2026-10-06T23:31:51.6252211+07:00,asr-worker-vulkan,17592,0,1039.7
2026-10-06T23:31:51.6252211+07:00,llama-server,23176,0,2284
2026-10-06T23:31:52.6832599+07:00,asr-worker-vulkan,17592,0,1039.7
2026-10-06T23:31:52.6832599+07:00,llama-server,23176,0,2284.1
2026-10-06T23:31:53.7452343+07:00,asr-worker-vulkan,17592,0,1039.7
2026-10-06T23:31:53.7452343+07:00,llama-server,23176,0,2284.1
2026-10-06T23:31:54.8069325+07:00,asr-worker-vulkan,17592,0,1039.7
2026-10-06T23:31:54.8069325+07:00,llama-server,23176,0,2284.1
2026-10-06T23:31:55.8626818+07:00,asr-worker-vulkan,17592,0,1039.7
2026-10-06T23:31:55.8626818+07:00,llama-server,23176,0,2284.1
2026-10-06T23:31:56.9207450+07:00,asr-worker-vulkan,17592,0,1039.7
2026-10-06T23:31:56.9207450+07:00,llama-server,23176,0,2284.1
2026-10-06T23:31:57.9810714+07:00,asr-worker-vulkan,17592,0,1039.7
2026-10-06T23:31:57.9810714+07:00,llama-server,23176,0,2284.1
2026-10-06T23:31:59.0441750+07:00,asr-worker-vulkan,17592,0,1039.7
2026-10-06T23:31:59.0441750+07:00,llama-server,23176,0,2284.1
2026-10-06T23:32:00.1023094+07:00,asr-worker-vulkan,17592,0,1039.7
2026-10-06T23:32:00.1023094+07:00,llama-server,23176,0,2284.1
2026-10-06T23:32:01.1570292+07:00,asr-worker-vulkan,17592,0,1039.7
2026-10-06T23:32:01.1570292+07:00,llama-server,23176,0,2284.1
2026-10-06T23:32:02.2017685+07:00,asr-worker-vulkan,17592,0,1039.7
2026-10-06T23:32:02.2017685+07:00,llama-server,23176,0,2289.4
2026-10-06T23:32:03.2600971+07:00,asr-worker-vulkan,17592,0,1039.7
2026-10-06T23:32:03.2600971+07:00,llama-server,23176,0,2289.8
2026-10-06T23:32:04.3210827+07:00,asr-worker-vulkan,17592,0,1039.7
2026-10-06T23:32:04.3210827+07:00,llama-server,23176,0,2289.8
2026-10-06T23:32:05.4011384+07:00,asr-worker-vulkan,17592,0,1039.7
2026-10-06T23:32:05.4011384+07:00,llama-server,23176,0,2289.8
2026-10-06T23:32:06.4808818+07:00,asr-worker-vulkan,17592,0,1039.7
2026-10-06T23:32:06.4808818+07:00,llama-server,23176,0,2290.1
2026-10-06T23:32:07.5436323+07:00,asr-worker-vulkan,17592,0,1039.7
2026-10-06T23:32:07.5436323+07:00,llama-server,23176,0,2290.1
2026-10-06T23:32:08.6000796+07:00,asr-worker-vulkan,17592,0,1039.7
2026-10-06T23:32:08.6000796+07:00,llama-server,23176,0,2290.1
2026-10-06T23:32:09.6603904+07:00,asr-worker-vulkan,17592,0,1039.7
2026-10-06T23:32:09.6603904+07:00,llama-server,23176,0,2290.1
2026-10-06T23:32:10.7342206+07:00,asr-worker-vulkan,17592,0,1039.7
2026-10-06T23:32:10.7342206+07:00,llama-server,23176,0,2290.1
2026-10-06T23:32:11.7946384+07:00,asr-worker-vulkan,17592,0,1039.7
2026-10-06T23:32:11.7946384+07:00,llama-server,23176,0,2290.1
2026-10-06T23:32:12.8571970+07:00,asr-worker-vulkan,17592,0,1039.7
2026-10-06T23:32:12.8571970+07:00,llama-server,23176,0,2290.1
2026-10-06T23:32:13.9270159+07:00,asr-worker-vulkan,17592,0,1039.7
2026-10-06T23:32:13.9270159+07:00,llama-server,23176,0,2290.1
2026-10-06T23:32:14.9863985+07:00,asr-worker-vulkan,17592,0,1039.7
2026-10-06T23:32:14.9863985+07:00,llama-server,23176,0,2290.2
2026-10-06T23:32:16.0526600+07:00,asr-worker-vulkan,17592,0,1039.7
2026-10-06T23:32:16.0526600+07:00,llama-server,23176,0,2290.2
2026-10-06T23:32:17.1141150+07:00,asr-worker-vulkan,17592,0,1039.7
2026-10-06T23:32:17.1141150+07:00,llama-server,23176,0,2290.2
2026-10-06T23:32:18.1741376+07:00,asr-worker-vulkan,17592,0,1039.7
2026-10-06T23:32:18.1741376+07:00,llama-server,23176,0,2290.2
2026-10-06T23:32:19.2231048+07:00,asr-worker-vulkan,17592,0,1039.7
2026-10-06T23:32:19.2231048+07:00,llama-server,23176,0,2290.2
2026-10-06T23:32:20.2843296+07:00,asr-worker-vulkan,17592,0,1039.7
2026-10-06T23:32:20.2843296+07:00,llama-server,23176,0,2290.2
2026-10-06T23:32:21.3424622+07:00,asr-worker-vulkan,17592,0,1039.7
2026-10-06T23:32:21.3424622+07:00,llama-server,23176,0,2290.2
2026-10-06T23:32:22.3877932+07:00,asr-worker-vulkan,17592,0,1039.7
2026-10-06T23:32:22.3877932+07:00,llama-server,23176,0,2290.2
2026-10-06T23:32:23.4500208+07:00,asr-worker-vulkan,17592,0,1039.7
2026-10-06T23:32:23.4500208+07:00,llama-server,23176,0,2290.2
2026-10-06T23:32:24.5114791+07:00,asr-worker-vulkan,17592,0,1039.7
2026-10-06T23:32:24.5114791+07:00,llama-server,23176,0,2290.2
2026-10-06T23:32:25.5743836+07:00,asr-worker-vulkan,17592,0,1039.7
2026-10-06T23:32:25.5743836+07:00,llama-server,23176,0,2290.2
2026-10-06T23:32:26.6499828+07:00,asr-worker-vulkan,17592,0,1039.7
2026-10-06T23:32:26.6499828+07:00,llama-server,23176,0,2290.2
2026-10-06T23:32:27.7107834+07:00,asr-worker-vulkan,17592,0,1039.7
2026-10-06T23:32:27.7107834+07:00,llama-server,23176,0,2296.9
2026-10-06T23:32:28.7575471+07:00,asr-worker-vulkan,17592,0,1039.7
2026-10-06T23:32:28.7575471+07:00,llama-server,23176,0,2296.9
2026-10-06T23:32:29.8204030+07:00,asr-worker-vulkan,17592,0,1039.7
2026-10-06T23:32:29.8204030+07:00,llama-server,23176,0,2296.9
2026-10-06T23:32:30.8762913+07:00,asr-worker-vulkan,17592,0,1039.7
2026-10-06T23:32:30.8762913+07:00,llama-server,23176,0,2298.2
2026-10-06T23:32:31.9378077+07:00,asr-worker-vulkan,17592,0,1039.7
2026-10-06T23:32:31.9378077+07:00,llama-server,23176,0,2298.7
2026-10-06T23:32:33.0108068+07:00,asr-worker-vulkan,17592,0,1039.7
2026-10-06T23:32:33.0108068+07:00,llama-server,23176,0,2298.7
2026-10-06T23:32:34.0757210+07:00,asr-worker-vulkan,17592,0,1039.7
2026-10-06T23:32:34.0757210+07:00,llama-server,23176,0,2298.7
2026-10-06T23:32:35.1279665+07:00,asr-worker-vulkan,17592,0,1039.7
2026-10-06T23:32:35.1279665+07:00,llama-server,23176,0,2298.7
2026-10-06T23:32:36.1938320+07:00,asr-worker-vulkan,17592,0,1039.7
2026-10-06T23:32:36.1938320+07:00,llama-server,23176,0,2298.7
2026-10-06T23:32:37.2558032+07:00,asr-worker-vulkan,17592,0,1039.7
2026-10-06T23:32:37.2558032+07:00,llama-server,23176,0,2300.9
2026-10-06T23:32:38.3173667+07:00,asr-worker-vulkan,17592,0,1039.7
2026-10-06T23:32:38.3173667+07:00,llama-server,23176,0,2301.6
2026-10-06T23:32:39.3779668+07:00,asr-worker-vulkan,17592,0,1039.7
2026-10-06T23:32:39.3779668+07:00,llama-server,23176,0,2301.6
2026-10-06T23:32:40.4321742+07:00,asr-worker-vulkan,17592,0,1039.7
2026-10-06T23:32:40.4321742+07:00,llama-server,23176,0,2301.6
2026-10-06T23:32:41.4925914+07:00,asr-worker-vulkan,17592,0,1039.7
2026-10-06T23:32:41.4925914+07:00,llama-server,23176,0,2301.9
2026-10-06T23:32:42.5620032+07:00,asr-worker-vulkan,17592,0,1039.7
2026-10-06T23:32:42.5620032+07:00,llama-server,23176,0,2301.9
2026-10-06T23:32:43.6074725+07:00,asr-worker-vulkan,17592,0,1039.7
2026-10-06T23:32:43.6074725+07:00,llama-server,23176,0,2301.9
2026-10-06T23:32:44.6674989+07:00,asr-worker-vulkan,17592,0,1039.7
2026-10-06T23:32:44.6674989+07:00,llama-server,23176,0,2302.6
2026-10-06T23:32:45.7393603+07:00,asr-worker-vulkan,17592,0,1039.7
2026-10-06T23:32:45.7393603+07:00,llama-server,23176,0,2302.6
2026-10-06T23:32:46.8035700+07:00,asr-worker-vulkan,17592,0,1039.7
2026-10-06T23:32:46.8035700+07:00,llama-server,23176,0,2302.6
2026-10-06T23:32:47.8599770+07:00,asr-worker-vulkan,17592,0,1039.7
2026-10-06T23:32:47.8599770+07:00,llama-server,23176,0,2302.6
2026-10-06T23:32:48.9166008+07:00,asr-worker-vulkan,17592,0,1039.7
2026-10-06T23:32:48.9166008+07:00,llama-server,23176,0,2302.6
2026-10-06T23:32:49.9796607+07:00,asr-worker-vulkan,17592,0,1039.7
2026-10-06T23:32:49.9796607+07:00,llama-server,23176,0,2302.6
2026-10-06T23:32:51.0247828+07:00,asr-worker-vulkan,17592,0,1039.7
2026-10-06T23:32:51.0247828+07:00,llama-server,23176,0,2302.6
2026-10-06T23:32:52.0843823+07:00,asr-worker-vulkan,17592,0,1039.7
2026-10-06T23:32:52.0843823+07:00,llama-server,23176,0,2302.6
2026-10-06T23:32:53.1478578+07:00,asr-worker-vulkan,17592,0,1039.7
2026-10-06T23:32:53.1478578+07:00,llama-server,23176,0,2302.6
2026-10-06T23:32:54.2051675+07:00,asr-worker-vulkan,17592,0,1039.7
2026-10-06T23:32:54.2051675+07:00,llama-server,23176,0,2302.9
2026-10-06T23:32:55.2475719+07:00,asr-worker-vulkan,17592,0,1039.7
2026-10-06T23:32:55.2475719+07:00,llama-server,23176,0,2302.9
2026-10-06T23:32:56.3210831+07:00,asr-worker-vulkan,17592,0,1039.7
2026-10-06T23:32:56.3210831+07:00,llama-server,23176,0,2302.9
2026-10-06T23:32:57.3793063+07:00,asr-worker-vulkan,17592,0,1039.7
2026-10-06T23:32:57.3793063+07:00,llama-server,23176,0,2302.9
2026-10-06T23:32:58.4360856+07:00,asr-worker-vulkan,17592,0,1039.7
2026-10-06T23:32:58.4360856+07:00,llama-server,23176,0,2302.9
2026-10-06T23:32:59.4981136+07:00,asr-worker-vulkan,17592,0,1039.7
2026-10-06T23:32:59.4981136+07:00,llama-server,23176,0,2302.9
2026-10-06T23:33:00.5450409+07:00,asr-worker-vulkan,17592,0,1039.7
2026-10-06T23:33:00.5450409+07:00,llama-server,23176,0,2302.9
2026-10-06T23:33:01.6089445+07:00,asr-worker-vulkan,17592,0,1039.7
2026-10-06T23:33:01.6089445+07:00,llama-server,23176,0,2302.9
2026-10-06T23:33:02.6811148+07:00,asr-worker-vulkan,17592,0,1039.7
2026-10-06T23:33:02.6811148+07:00,llama-server,23176,0,2302.9
2026-10-06T23:33:03.7368173+07:00,asr-worker-vulkan,17592,0,1039.7
2026-10-06T23:33:03.7368173+07:00,llama-server,23176,0,2302.9
2026-10-06T23:33:04.7952360+07:00,asr-worker-vulkan,17592,0,1039.7
2026-10-06T23:33:04.7952360+07:00,llama-server,23176,0,2302.9
2026-10-06T23:33:05.8409143+07:00,asr-worker-vulkan,17592,0,1039.7
2026-10-06T23:33:05.8409143+07:00,llama-server,23176,0,2302.9
2026-10-06T23:33:06.9008148+07:00,asr-worker-vulkan,17592,0,1039.7
2026-10-06T23:33:06.9008148+07:00,llama-server,23176,0,2302.9
2026-10-06T23:33:07.9713252+07:00,asr-worker-vulkan,17592,0,1039.7
2026-10-06T23:33:07.9713252+07:00,llama-server,23176,0,2302.9
2026-10-06T23:33:09.0330623+07:00,asr-worker-vulkan,17592,0,1039.7
2026-10-06T23:33:09.0330623+07:00,llama-server,23176,0,2302.9
2026-10-06T23:33:10.0930322+07:00,asr-worker-vulkan,17592,0,1039.7
2026-10-06T23:33:10.0930322+07:00,llama-server,23176,0,2302.9
2026-10-06T23:33:11.1402930+07:00,asr-worker-vulkan,17592,0,1039.7
2026-10-06T23:33:11.1402930+07:00,llama-server,23176,0,2302.9
2026-10-06T23:33:12.1969837+07:00,asr-worker-vulkan,17592,0,1039.7
2026-10-06T23:33:12.1969837+07:00,llama-server,23176,0,2302.9
2026-10-06T23:33:13.2468753+07:00,asr-worker-vulkan,17592,0,1039.7
2026-10-06T23:33:13.2468753+07:00,llama-server,23176,0,2302.9
2026-10-06T23:33:14.3101358+07:00,asr-worker-vulkan,17592,0,1039.7
2026-10-06T23:33:14.3101358+07:00,llama-server,23176,0,2302.9
2026-10-06T23:33:15.3697751+07:00,asr-worker-vulkan,17592,0,1039.7
2026-10-06T23:33:15.3697751+07:00,llama-server,23176,0,2302.9
2026-10-06T23:33:16.4290175+07:00,asr-worker-vulkan,17592,0,1039.7
2026-10-06T23:33:16.4290175+07:00,llama-server,23176,0,2304.6
2026-10-06T23:33:17.4913925+07:00,asr-worker-vulkan,17592,0,1039.7
2026-10-06T23:33:17.4913925+07:00,llama-server,23176,0,2305.3
2026-10-06T23:33:18.5495722+07:00,asr-worker-vulkan,17592,0,1039.7
2026-10-06T23:33:18.5495722+07:00,llama-server,23176,0,2305.3
2026-10-06T23:33:19.6139192+07:00,asr-worker-vulkan,17592,0,1039.7
2026-10-06T23:33:19.6139192+07:00,llama-server,23176,0,2305.3
2026-10-06T23:33:20.6771663+07:00,asr-worker-vulkan,17592,0,1039.7
2026-10-06T23:33:20.6771663+07:00,llama-server,23176,0,2305.3
2026-10-06T23:33:21.7344994+07:00,asr-worker-vulkan,17592,0,1039.7
2026-10-06T23:33:21.7344994+07:00,llama-server,23176,0,2305.3
2026-10-06T23:33:22.7953245+07:00,asr-worker-vulkan,17592,0,1039.7
2026-10-06T23:33:22.7953245+07:00,llama-server,23176,0,2306.3
2026-10-06T23:33:23.8530112+07:00,asr-worker-vulkan,17592,0,1039.7
2026-10-06T23:33:23.8530112+07:00,llama-server,23176,0,2306.8
2026-10-06T23:33:24.9279213+07:00,asr-worker-vulkan,17592,0,1039.7
2026-10-06T23:33:24.9279213+07:00,llama-server,23176,0,2306.8
2026-10-06T23:33:25.9893679+07:00,asr-worker-vulkan,17592,0,1039.7
2026-10-06T23:33:25.9893679+07:00,llama-server,23176,0,2306.8
2026-10-06T23:33:27.0515640+07:00,asr-worker-vulkan,17592,0,1039.7
2026-10-06T23:33:27.0515640+07:00,llama-server,23176,0,2306.8
2026-10-06T23:33:28.1311313+07:00,asr-worker-vulkan,17592,0,1039.7
2026-10-06T23:33:28.1311313+07:00,llama-server,23176,0,2306.8
2026-10-06T23:33:29.2120826+07:00,asr-worker-vulkan,17592,0,1039.7
2026-10-06T23:33:29.2120826+07:00,llama-server,23176,0,2306.8
2026-10-06T23:33:30.3138446+07:00,asr-worker-vulkan,17592,0,1039.7
2026-10-06T23:33:30.3138446+07:00,llama-server,23176,0,2307
2026-10-06T23:33:31.4025060+07:00,asr-worker-vulkan,17592,0,1039.7
2026-10-06T23:33:31.4025060+07:00,llama-server,23176,0,2307
2026-10-06T23:33:32.4672021+07:00,asr-worker-vulkan,17592,0,1039.7
2026-10-06T23:33:32.4672021+07:00,llama-server,23176,0,2307.3
2026-10-06T23:33:33.5279341+07:00,asr-worker-vulkan,17592,0,1039.7
2026-10-06T23:33:33.5279341+07:00,llama-server,23176,0,2307.3
2026-10-06T23:33:34.5867853+07:00,asr-worker-vulkan,17592,0,1039.7
2026-10-06T23:33:34.5867853+07:00,llama-server,23176,0,2307.3
2026-10-06T23:33:35.6633046+07:00,asr-worker-vulkan,17592,0,1039.7
2026-10-06T23:33:35.6633046+07:00,llama-server,23176,0,2307.3
2026-10-06T23:33:36.7246368+07:00,asr-worker-vulkan,17592,0,1039.7
2026-10-06T23:33:36.7246368+07:00,llama-server,23176,0,2307.3
2026-10-06T23:33:37.7842182+07:00,asr-worker-vulkan,17592,0,1039.7
2026-10-06T23:33:37.7842182+07:00,llama-server,23176,0,2307.3
2026-10-06T23:33:38.8660668+07:00,asr-worker-vulkan,17592,0,1039.7
2026-10-06T23:33:38.8660668+07:00,llama-server,23176,0,2307.3
2026-10-06T23:33:39.9306231+07:00,asr-worker-vulkan,17592,0,1039.7
2026-10-06T23:33:39.9306231+07:00,llama-server,23176,0,2307.5
2026-10-06T23:33:41.0068936+07:00,asr-worker-vulkan,17592,0,1039.7
2026-10-06T23:33:41.0068936+07:00,llama-server,23176,0,2307.5
2026-10-06T23:33:42.0821188+07:00,asr-worker-vulkan,17592,0,1039.7
2026-10-06T23:33:42.0821188+07:00,llama-server,23176,0,2307.5
2026-10-06T23:33:43.1311318+07:00,asr-worker-vulkan,17592,0,1039.7
2026-10-06T23:33:43.1311318+07:00,llama-server,23176,0,2307.5
2026-10-06T23:33:44.1780935+07:00,asr-worker-vulkan,17592,0,1039.7
2026-10-06T23:33:44.1780935+07:00,llama-server,23176,0,2307.5
2026-10-06T23:33:45.2380196+07:00,asr-worker-vulkan,17592,0,1039.7
2026-10-06T23:33:45.2380196+07:00,llama-server,23176,0,2307.5
2026-10-06T23:33:46.2990262+07:00,asr-worker-vulkan,17592,0,1039.7
2026-10-06T23:33:46.2990262+07:00,llama-server,23176,0,2307.8
2026-10-06T23:33:47.3404382+07:00,asr-worker-vulkan,17592,0,1039.7
2026-10-06T23:33:47.3404382+07:00,llama-server,23176,0,2307.8
2026-10-06T23:33:48.4052789+07:00,asr-worker-vulkan,17592,0,1039.7
2026-10-06T23:33:48.4052789+07:00,llama-server,23176,0,2307.8
2026-10-06T23:33:49.4659520+07:00,asr-worker-vulkan,17592,0,1039.7
2026-10-06T23:33:49.4659520+07:00,llama-server,23176,0,2307.8
2026-10-06T23:33:50.5267623+07:00,asr-worker-vulkan,17592,0,1039.7
2026-10-06T23:33:50.5267623+07:00,llama-server,23176,0,2307.8
2026-10-06T23:33:51.5708753+07:00,asr-worker-vulkan,17592,0,1039.7
2026-10-06T23:33:51.5708753+07:00,llama-server,23176,0,2307.8
2026-10-06T23:33:52.6302538+07:00,asr-worker-vulkan,17592,0,1039.7
2026-10-06T23:33:52.6302538+07:00,llama-server,23176,0,2308
2026-10-06T23:33:53.6910657+07:00,asr-worker-vulkan,17592,0,1039.7
2026-10-06T23:33:53.6910657+07:00,llama-server,23176,0,2308
2026-10-06T23:33:54.7538549+07:00,asr-worker-vulkan,17592,0,1039.7
2026-10-06T23:33:54.7538549+07:00,llama-server,23176,0,2308
2026-10-06T23:33:55.8153969+07:00,asr-worker-vulkan,17592,0,1039.7
2026-10-06T23:33:55.8153969+07:00,llama-server,23176,0,2308
2026-10-06T23:33:56.8590765+07:00,asr-worker-vulkan,17592,0,1039.7
2026-10-06T23:33:56.8590765+07:00,llama-server,23176,0,2308
2026-10-06T23:33:57.9045549+07:00,asr-worker-vulkan,17592,0,1039.7
2026-10-06T23:33:57.9045549+07:00,llama-server,23176,0,2308
2026-10-06T23:33:58.9667451+07:00,asr-worker-vulkan,17592,0,1039.7
2026-10-06T23:33:58.9667451+07:00,llama-server,23176,0,2308
2026-10-06T23:34:00.0258391+07:00,asr-worker-vulkan,17592,0,1039.7
2026-10-06T23:34:00.0258391+07:00,llama-server,23176,0,2308
2026-10-06T23:34:01.0859109+07:00,asr-worker-vulkan,17592,0,1039.7
2026-10-06T23:34:01.0859109+07:00,llama-server,23176,0,2308
2026-10-06T23:34:02.1627755+07:00,asr-worker-vulkan,17592,0,1039.7
2026-10-06T23:34:02.1627755+07:00,llama-server,23176,0,2308
2026-10-06T23:34:03.2242086+07:00,asr-worker-vulkan,17592,0,1039.7
2026-10-06T23:34:03.2242086+07:00,llama-server,23176,0,2308
2026-10-06T23:34:04.2857166+07:00,asr-worker-vulkan,17592,0,1039.7
2026-10-06T23:34:04.2857166+07:00,llama-server,23176,0,2308
2026-10-06T23:34:05.3439428+07:00,asr-worker-vulkan,17592,0,1039.7
2026-10-06T23:34:05.3439428+07:00,llama-server,23176,0,2308
2026-10-06T23:34:06.4095498+07:00,asr-worker-vulkan,17592,0,1039.7
2026-10-06T23:34:06.4095498+07:00,llama-server,23176,0,2308
2026-10-06T23:34:07.4844551+07:00,asr-worker-vulkan,17592,0,1039.7
2026-10-06T23:34:07.4844551+07:00,llama-server,23176,0,2308
2026-10-06T23:34:08.5400173+07:00,asr-worker-vulkan,17592,0,1039.7
2026-10-06T23:34:08.5400173+07:00,llama-server,23176,0,2308
2026-10-06T23:34:09.6004398+07:00,asr-worker-vulkan,17592,0,1039.7
2026-10-06T23:34:09.6004398+07:00,llama-server,23176,0,2308
2026-10-06T23:34:10.6512340+07:00,asr-worker-vulkan,17592,0,1039.7
2026-10-06T23:34:10.6512340+07:00,llama-server,23176,0,2308
2026-10-06T23:34:11.7167090+07:00,asr-worker-vulkan,17592,0,1039.7
2026-10-06T23:34:11.7167090+07:00,llama-server,23176,0,2308
2026-10-06T23:34:12.7946431+07:00,asr-worker-vulkan,17592,0,1039.7
2026-10-06T23:34:12.7946431+07:00,llama-server,23176,0,2308
2026-10-06T23:34:13.8551954+07:00,asr-worker-vulkan,17592,0,1039.7
2026-10-06T23:34:13.8551954+07:00,llama-server,23176,0,2308
2026-10-06T23:34:14.9154974+07:00,asr-worker-vulkan,17592,0,1039.7
2026-10-06T23:34:14.9154974+07:00,llama-server,23176,0,2308
2026-10-06T23:34:15.9735921+07:00,asr-worker-vulkan,17592,0,1039.7
2026-10-06T23:34:15.9735921+07:00,llama-server,23176,0,2308
2026-10-06T23:34:17.0540626+07:00,asr-worker-vulkan,17592,0,1039.7
2026-10-06T23:34:17.0540626+07:00,llama-server,23176,0,2308
2026-10-06T23:34:18.1161665+07:00,asr-worker-vulkan,17592,0,1039.7
2026-10-06T23:34:18.1161665+07:00,llama-server,23176,0,2308
2026-10-06T23:34:19.1755993+07:00,asr-worker-vulkan,17592,0,1039.7
2026-10-06T23:34:19.1755993+07:00,llama-server,23176,0,2308
2026-10-06T23:34:20.2324808+07:00,asr-worker-vulkan,17592,0,1039.7
2026-10-06T23:34:20.2324808+07:00,llama-server,23176,0,2308
2026-10-06T23:34:21.2901216+07:00,asr-worker-vulkan,17592,0,1039.7
2026-10-06T23:34:21.2901216+07:00,llama-server,23176,0,2308
2026-10-06T23:34:22.3363424+07:00,asr-worker-vulkan,17592,0,1039.7
2026-10-06T23:34:22.3363424+07:00,llama-server,23176,0,2308.4
2026-10-06T23:34:23.3980563+07:00,asr-worker-vulkan,17592,0,1039.7
2026-10-06T23:34:23.3980563+07:00,llama-server,23176,0,2308.4
2026-10-06T23:34:24.4732220+07:00,asr-worker-vulkan,17592,0,1039.7
2026-10-06T23:34:24.4732220+07:00,llama-server,23176,0,2308.4
2026-10-06T23:34:25.5176124+07:00,asr-worker-vulkan,17592,0,1039.7
2026-10-06T23:34:25.5176124+07:00,llama-server,23176,0,2308.4
2026-10-06T23:34:26.5803168+07:00,asr-worker-vulkan,17592,0,1039.7
2026-10-06T23:34:26.5803168+07:00,llama-server,23176,0,2308.4
2026-10-06T23:34:27.6434831+07:00,asr-worker-vulkan,17592,0,1039.7
2026-10-06T23:34:27.6434831+07:00,llama-server,23176,0,2309.9
2026-10-06T23:34:28.7027678+07:00,asr-worker-vulkan,17592,0,1039.7
2026-10-06T23:34:28.7027678+07:00,llama-server,23176,0,2309.9
2026-10-06T23:34:29.7482657+07:00,asr-worker-vulkan,17592,0,1039.7
2026-10-06T23:34:29.7482657+07:00,llama-server,23176,0,2309.9
2026-10-06T23:34:30.7921854+07:00,asr-worker-vulkan,17592,0,1039.7
2026-10-06T23:34:30.7921854+07:00,llama-server,23176,0,2309.9
2026-10-06T23:34:31.8351420+07:00,asr-worker-vulkan,17592,0,1039.7
2026-10-06T23:34:31.8351420+07:00,llama-server,23176,0,2309.9
2026-10-06T23:34:32.8975029+07:00,asr-worker-vulkan,17592,0,1039.7
2026-10-06T23:34:32.8975029+07:00,llama-server,23176,0,2309.9
2026-10-06T23:34:33.9718688+07:00,asr-worker-vulkan,17592,0,1039.7
2026-10-06T23:34:33.9718688+07:00,llama-server,23176,0,2309.9
2026-10-06T23:34:35.0357399+07:00,asr-worker-vulkan,17592,0,1039.7
2026-10-06T23:34:35.0357399+07:00,llama-server,23176,0,2309.9
2026-10-06T23:34:36.0957656+07:00,asr-worker-vulkan,17592,0,1039.7
2026-10-06T23:34:36.0957656+07:00,llama-server,23176,0,2309.9
2026-10-06T23:34:37.1608648+07:00,asr-worker-vulkan,17592,0,1039.7
2026-10-06T23:34:37.1608648+07:00,llama-server,23176,0,2309.9
2026-10-06T23:34:38.2067891+07:00,asr-worker-vulkan,17592,0,1039.7
2026-10-06T23:34:38.2067891+07:00,llama-server,23176,0,2309.9
2026-10-06T23:34:39.2820844+07:00,asr-worker-vulkan,17592,0,1039.7
2026-10-06T23:34:39.2820844+07:00,llama-server,23176,0,2309.9
2026-10-06T23:34:40.3292196+07:00,asr-worker-vulkan,17592,0,1039.7
2026-10-06T23:34:40.3292196+07:00,llama-server,23176,0,2309.9
2026-10-06T23:34:41.3880575+07:00,asr-worker-vulkan,17592,0,1039.7
2026-10-06T23:34:41.3880575+07:00,llama-server,23176,0,2309.9
2026-10-06T23:34:42.4464279+07:00,asr-worker-vulkan,17592,0,1039.7
2026-10-06T23:34:42.4464279+07:00,llama-server,23176,0,2309.9
2026-10-06T23:34:43.5099973+07:00,asr-worker-vulkan,17592,0,1039.7
2026-10-06T23:34:43.5099973+07:00,llama-server,23176,0,2309.9
2026-10-06T23:34:44.5826248+07:00,asr-worker-vulkan,17592,0,1039.7
2026-10-06T23:34:44.5826248+07:00,llama-server,23176,0,2309.9
2026-10-06T23:34:45.6471334+07:00,asr-worker-vulkan,17592,0,1039.7
2026-10-06T23:34:45.6471334+07:00,llama-server,23176,0,2309.9
2026-10-06T23:34:46.7075054+07:00,asr-worker-vulkan,17592,0,1039.7
2026-10-06T23:34:46.7075054+07:00,llama-server,23176,0,2309.9
2026-10-06T23:34:47.7829198+07:00,llama-server,23176,0,2309.9
2026-10-06T23:34:48.8315122+07:00,llama-server,23176,0,2309.9
2026-10-06T23:34:49.8879685+07:00,llama-server,23176,0,2309.9
2026-10-06T23:34:55.0204576+07:00,asr-worker-vulkan,5848,0,1023.4
2026-10-06T23:34:56.0821625+07:00,asr-worker-vulkan,5848,0,1038.9
2026-10-06T23:34:57.1589760+07:00,asr-worker-vulkan,5848,0,1038.9
2026-10-06T23:34:57.1589760+07:00,llama-server,8072,0,0
2026-10-06T23:34:58.2115050+07:00,asr-worker-vulkan,5848,0,1038.9
2026-10-06T23:34:58.2115050+07:00,llama-server,8072,0,2266.8
2026-10-06T23:34:59.2714271+07:00,asr-worker-vulkan,5848,0,1038.9
2026-10-06T23:34:59.2714271+07:00,llama-server,8072,0,2273.9
2026-10-06T23:35:00.3315992+07:00,asr-worker-vulkan,5848,0,1038.9
2026-10-06T23:35:00.3315992+07:00,llama-server,8072,0,2273.9
2026-10-06T23:35:01.4109137+07:00,asr-worker-vulkan,5848,0,1038.9
2026-10-06T23:35:01.4109137+07:00,llama-server,8072,0,2273.9
2026-10-06T23:35:02.4722139+07:00,asr-worker-vulkan,5848,0,1038.9
2026-10-06T23:35:02.4722139+07:00,llama-server,8072,0,2273.9
2026-10-06T23:35:03.5290149+07:00,asr-worker-vulkan,5848,0,1038.9
2026-10-06T23:35:03.5290149+07:00,llama-server,8072,0,2273.9
2026-10-06T23:35:04.5922629+07:00,asr-worker-vulkan,5848,0,1038.9
2026-10-06T23:35:04.5922629+07:00,llama-server,8072,0,2273.9
2026-10-06T23:35:05.6558930+07:00,asr-worker-vulkan,5848,0,1039.5
2026-10-06T23:35:05.6558930+07:00,llama-server,8072,0,2277.3
2026-10-06T23:35:06.7274420+07:00,asr-worker-vulkan,5848,0,1039.5
2026-10-06T23:35:06.7274420+07:00,llama-server,8072,0,2278
2026-10-06T23:35:07.7872334+07:00,asr-worker-vulkan,5848,0,1039.5
2026-10-06T23:35:07.7872334+07:00,llama-server,8072,0,2278
2026-10-06T23:35:08.8301723+07:00,asr-worker-vulkan,5848,0,1039.7
2026-10-06T23:35:08.8301723+07:00,llama-server,8072,0,2278
2026-10-06T23:35:09.8921889+07:00,asr-worker-vulkan,5848,0,1039.7
2026-10-06T23:35:09.8921889+07:00,llama-server,8072,0,2280.2
2026-10-06T23:35:10.9694150+07:00,asr-worker-vulkan,5848,0,1039.7
2026-10-06T23:35:10.9694150+07:00,llama-server,8072,0,2280.4
2026-10-06T23:35:12.0257006+07:00,asr-worker-vulkan,5848,0,1039.7
2026-10-06T23:35:12.0257006+07:00,llama-server,8072,0,2281.1
2026-10-06T23:35:13.0875953+07:00,asr-worker-vulkan,5848,0,1039.7
2026-10-06T23:35:13.0875953+07:00,llama-server,8072,0,2281.1
2026-10-06T23:35:14.1483945+07:00,asr-worker-vulkan,5848,0,1039.7
2026-10-06T23:35:14.1483945+07:00,llama-server,8072,0,2281.1
2026-10-06T23:35:15.1911525+07:00,asr-worker-vulkan,5848,0,1039.7
2026-10-06T23:35:15.1911525+07:00,llama-server,8072,0,2281.1
2026-10-06T23:35:16.2544661+07:00,asr-worker-vulkan,5848,0,1039.7
2026-10-06T23:35:16.2544661+07:00,llama-server,8072,0,2281.1
2026-10-06T23:35:17.3182801+07:00,asr-worker-vulkan,5848,0,1039.7
2026-10-06T23:35:17.3182801+07:00,llama-server,8072,0,2281.1
2026-10-06T23:35:18.3781027+07:00,asr-worker-vulkan,5848,0,1039.7
2026-10-06T23:35:18.3781027+07:00,llama-server,8072,0,2281.1
2026-10-06T23:35:19.4383320+07:00,asr-worker-vulkan,5848,0,1039.7
2026-10-06T23:35:19.4383320+07:00,llama-server,8072,0,2281.1
2026-10-06T23:35:20.4952849+07:00,asr-worker-vulkan,5848,0,1039.7
2026-10-06T23:35:20.4952849+07:00,llama-server,8072,0,2288.2
2026-10-06T23:35:21.5577156+07:00,asr-worker-vulkan,5848,0,1039.7
2026-10-06T23:35:21.5577156+07:00,llama-server,8072,0,2288.2
2026-10-06T23:35:22.6337292+07:00,asr-worker-vulkan,5848,0,1039.7
2026-10-06T23:35:22.6337292+07:00,llama-server,8072,0,2288.5
2026-10-06T23:35:23.6918309+07:00,asr-worker-vulkan,5848,0,1039.7
2026-10-06T23:35:23.6918309+07:00,llama-server,8072,0,2288.5
2026-10-06T23:35:24.7521835+07:00,asr-worker-vulkan,5848,0,1039.7
2026-10-06T23:35:24.7521835+07:00,llama-server,8072,0,2288.5
2026-10-06T23:35:25.8117986+07:00,asr-worker-vulkan,5848,0,1039.7
2026-10-06T23:35:25.8117986+07:00,llama-server,8072,0,2288.5
2026-10-06T23:35:26.8707865+07:00,asr-worker-vulkan,5848,0,1039.7
2026-10-06T23:35:26.8707865+07:00,llama-server,8072,0,2289.8
2026-10-06T23:35:27.9317520+07:00,asr-worker-vulkan,5848,0,1039.7
2026-10-06T23:35:27.9317520+07:00,llama-server,8072,0,2289.8
2026-10-06T23:35:28.9762498+07:00,asr-worker-vulkan,5848,0,1039.7
2026-10-06T23:35:28.9762498+07:00,llama-server,8072,0,2289.8
2026-10-06T23:35:30.0182018+07:00,asr-worker-vulkan,5848,0,1039.7
2026-10-06T23:35:30.0182018+07:00,llama-server,8072,0,2289.8
2026-10-06T23:35:31.0611155+07:00,asr-worker-vulkan,5848,0,1039.7
2026-10-06T23:35:31.0611155+07:00,llama-server,8072,0,2289.8
2026-10-06T23:35:32.1211181+07:00,asr-worker-vulkan,5848,0,1039.7
2026-10-06T23:35:32.1211181+07:00,llama-server,8072,0,2290.3
2026-10-06T23:35:33.1953467+07:00,asr-worker-vulkan,5848,0,1039.7
2026-10-06T23:35:33.1953467+07:00,llama-server,8072,0,2291
2026-10-06T23:35:34.2762589+07:00,asr-worker-vulkan,5848,0,1039.7
2026-10-06T23:35:34.2762589+07:00,llama-server,8072,0,2291.9
2026-10-06T23:35:35.3347924+07:00,asr-worker-vulkan,5848,0,1039.7
2026-10-06T23:35:35.3347924+07:00,llama-server,8072,0,2293.2
2026-10-06T23:35:36.4003579+07:00,asr-worker-vulkan,5848,0,1039.7
2026-10-06T23:35:36.4003579+07:00,llama-server,8072,0,2293.2
2026-10-06T23:35:37.4569035+07:00,asr-worker-vulkan,5848,0,1039.7
2026-10-06T23:35:37.4569035+07:00,llama-server,8072,0,2293.2
2026-10-06T23:35:38.5014408+07:00,asr-worker-vulkan,5848,0,1039.7
2026-10-06T23:35:38.5014408+07:00,llama-server,8072,0,2293.2
2026-10-06T23:35:39.5640735+07:00,asr-worker-vulkan,5848,0,1039.7
2026-10-06T23:35:39.5640735+07:00,llama-server,8072,0,2293.7
2026-10-06T23:35:40.6233188+07:00,asr-worker-vulkan,5848,0,1039.7
2026-10-06T23:35:40.6233188+07:00,llama-server,8072,0,2293.7
2026-10-06T23:35:41.6679647+07:00,asr-worker-vulkan,5848,0,1039.7
2026-10-06T23:35:41.6679647+07:00,llama-server,8072,0,2293.7
2026-10-06T23:35:42.7262316+07:00,asr-worker-vulkan,5848,0,1039.7
2026-10-06T23:35:42.7262316+07:00,llama-server,8072,0,2294
2026-10-06T23:35:43.8015832+07:00,asr-worker-vulkan,5848,0,1039.7
2026-10-06T23:35:43.8015832+07:00,llama-server,8072,0,2294
2026-10-06T23:35:44.8453410+07:00,asr-worker-vulkan,5848,0,1039.7
2026-10-06T23:35:44.8453410+07:00,llama-server,8072,0,2294
2026-10-06T23:35:45.9043764+07:00,asr-worker-vulkan,5848,0,1039.7
2026-10-06T23:35:45.9043764+07:00,llama-server,8072,0,2294
2026-10-06T23:35:46.9619495+07:00,asr-worker-vulkan,5848,0,1039.7
2026-10-06T23:35:46.9619495+07:00,llama-server,8072,0,2294
2026-10-06T23:35:48.0226762+07:00,asr-worker-vulkan,5848,0,1039.7
2026-10-06T23:35:48.0226762+07:00,llama-server,8072,0,2294.2
2026-10-06T23:35:49.0992909+07:00,asr-worker-vulkan,5848,0,1039.7
2026-10-06T23:35:49.0992909+07:00,llama-server,8072,0,2294.2
2026-10-06T23:35:50.1408953+07:00,asr-worker-vulkan,5848,0,1039.7
2026-10-06T23:35:50.1408953+07:00,llama-server,8072,0,2294.2
2026-10-06T23:35:51.1816620+07:00,asr-worker-vulkan,5848,0,1039.7
2026-10-06T23:35:51.1816620+07:00,llama-server,8072,0,2294.2
2026-10-06T23:35:52.2403100+07:00,asr-worker-vulkan,5848,0,1039.7
2026-10-06T23:35:52.2403100+07:00,llama-server,8072,0,2294.5
2026-10-06T23:35:53.2887783+07:00,asr-worker-vulkan,5848,0,1039.7
2026-10-06T23:35:53.2887783+07:00,llama-server,8072,0,2294.5
2026-10-06T23:35:54.3389084+07:00,asr-worker-vulkan,5848,0,1039.7
2026-10-06T23:35:54.3389084+07:00,llama-server,8072,0,2294.5
2026-10-06T23:35:55.3998471+07:00,asr-worker-vulkan,5848,0,1039.7
2026-10-06T23:35:55.3998471+07:00,llama-server,8072,0,2294.5
2026-10-06T23:35:56.4576985+07:00,asr-worker-vulkan,5848,0,1039.7
2026-10-06T23:35:56.4576985+07:00,llama-server,8072,0,2294.6
2026-10-06T23:35:57.5209297+07:00,asr-worker-vulkan,5848,0,1039.7
2026-10-06T23:35:57.5209297+07:00,llama-server,8072,0,2294.6
2026-10-06T23:35:58.5790610+07:00,asr-worker-vulkan,5848,0,1039.7
2026-10-06T23:35:58.5790610+07:00,llama-server,8072,0,2296.4
2026-10-06T23:35:59.6374466+07:00,asr-worker-vulkan,5848,0,1039.7
2026-10-06T23:35:59.6374466+07:00,llama-server,8072,0,2296.4
2026-10-06T23:36:00.6869241+07:00,asr-worker-vulkan,5848,0,1039.7
2026-10-06T23:36:00.6869241+07:00,llama-server,8072,0,2296.6
2026-10-06T23:36:01.7505325+07:00,asr-worker-vulkan,5848,0,1039.7
2026-10-06T23:36:01.7505325+07:00,llama-server,8072,0,2296.7
2026-10-06T23:36:02.8110708+07:00,asr-worker-vulkan,5848,0,1039.7
2026-10-06T23:36:02.8110708+07:00,llama-server,8072,0,2296.7
2026-10-06T23:36:03.8715077+07:00,asr-worker-vulkan,5848,0,1039.7
2026-10-06T23:36:03.8715077+07:00,llama-server,8072,0,2296.7
2026-10-06T23:36:04.9303518+07:00,asr-worker-vulkan,5848,0,1039.7
2026-10-06T23:36:04.9303518+07:00,llama-server,8072,0,2296.7
2026-10-06T23:36:05.9893384+07:00,asr-worker-vulkan,5848,0,1039.7
2026-10-06T23:36:05.9893384+07:00,llama-server,8072,0,2296.7
2026-10-06T23:36:07.0502576+07:00,asr-worker-vulkan,5848,0,1039.7
2026-10-06T23:36:07.0502576+07:00,llama-server,8072,0,2296.7
2026-10-06T23:36:08.1082695+07:00,asr-worker-vulkan,5848,0,1039.7
2026-10-06T23:36:08.1082695+07:00,llama-server,8072,0,2296.7
2026-10-06T23:36:09.1554669+07:00,asr-worker-vulkan,5848,0,1039.7
2026-10-06T23:36:09.1554669+07:00,llama-server,8072,0,2296.7
2026-10-06T23:36:10.2326512+07:00,asr-worker-vulkan,5848,0,1039.7
2026-10-06T23:36:10.2326512+07:00,llama-server,8072,0,2296.7
2026-10-06T23:36:11.2909026+07:00,asr-worker-vulkan,5848,0,1039.7
2026-10-06T23:36:11.2909026+07:00,llama-server,8072,0,2296.7
2026-10-06T23:36:12.3348701+07:00,asr-worker-vulkan,5848,0,1039.7
2026-10-06T23:36:12.3348701+07:00,llama-server,8072,0,2297.4
2026-10-06T23:36:13.4017498+07:00,asr-worker-vulkan,5848,0,1039.7
2026-10-06T23:36:13.4017498+07:00,llama-server,8072,0,2297.4
2026-10-06T23:36:14.4639343+07:00,asr-worker-vulkan,5848,0,1039.7
2026-10-06T23:36:14.4639343+07:00,llama-server,8072,0,2297.4
2026-10-06T23:36:15.5268501+07:00,asr-worker-vulkan,5848,0,1039.7
2026-10-06T23:36:15.5268501+07:00,llama-server,8072,0,2297.4
2026-10-06T23:36:16.6001946+07:00,asr-worker-vulkan,5848,0,1039.7
2026-10-06T23:36:16.6001946+07:00,llama-server,8072,0,2297.4
2026-10-06T23:36:17.6428353+07:00,asr-worker-vulkan,5848,0,1039.7
2026-10-06T23:36:17.6428353+07:00,llama-server,8072,0,2297.4
2026-10-06T23:36:18.6893912+07:00,asr-worker-vulkan,5848,0,1039.7
2026-10-06T23:36:18.6893912+07:00,llama-server,8072,0,2297.4
2026-10-06T23:36:19.7484402+07:00,asr-worker-vulkan,5848,0,1039.7
2026-10-06T23:36:19.7484402+07:00,llama-server,8072,0,2297.4
2026-10-06T23:36:20.8240078+07:00,asr-worker-vulkan,5848,0,1039.7
2026-10-06T23:36:20.8240078+07:00,llama-server,8072,0,2297.4
2026-10-06T23:36:21.8683822+07:00,asr-worker-vulkan,5848,0,1039.7
2026-10-06T23:36:21.8683822+07:00,llama-server,8072,0,2297.4
2026-10-06T23:36:22.9289746+07:00,asr-worker-vulkan,5848,0,1039.7
2026-10-06T23:36:22.9289746+07:00,llama-server,8072,0,2297.4
2026-10-06T23:36:23.9892913+07:00,asr-worker-vulkan,5848,0,1039.7
2026-10-06T23:36:23.9892913+07:00,llama-server,8072,0,2297.4
2026-10-06T23:36:25.0486229+07:00,asr-worker-vulkan,5848,0,1039.7
2026-10-06T23:36:25.0486229+07:00,llama-server,8072,0,2297.4
2026-10-06T23:36:26.1226376+07:00,asr-worker-vulkan,5848,0,1039.7
2026-10-06T23:36:26.1226376+07:00,llama-server,8072,0,2297.4
2026-10-06T23:36:27.1797212+07:00,asr-worker-vulkan,5848,0,1039.7
2026-10-06T23:36:27.1797212+07:00,llama-server,8072,0,2297.4
2026-10-06T23:36:28.2252612+07:00,asr-worker-vulkan,5848,0,1039.7
2026-10-06T23:36:28.2252612+07:00,llama-server,8072,0,2297.4
2026-10-06T23:36:29.2804618+07:00,asr-worker-vulkan,5848,0,1039.7
2026-10-06T23:36:29.2804618+07:00,llama-server,8072,0,2297.4
2026-10-06T23:36:30.3427886+07:00,asr-worker-vulkan,5848,0,1039.7
2026-10-06T23:36:30.3427886+07:00,llama-server,8072,0,2297.6
2026-10-06T23:36:31.4188329+07:00,asr-worker-vulkan,5848,0,1039.7
2026-10-06T23:36:31.4188329+07:00,llama-server,8072,0,2297.6
2026-10-06T23:36:32.4643961+07:00,asr-worker-vulkan,5848,0,1039.7
2026-10-06T23:36:32.4643961+07:00,llama-server,8072,0,2297.6
2026-10-06T23:36:33.5191109+07:00,asr-worker-vulkan,5848,0,1039.7
2026-10-06T23:36:33.5191109+07:00,llama-server,8072,0,2297.6
2026-10-06T23:36:34.5691950+07:00,asr-worker-vulkan,5848,0,1039.7
2026-10-06T23:36:34.5691950+07:00,llama-server,8072,0,2297.9
2026-10-06T23:36:35.6264446+07:00,asr-worker-vulkan,5848,0,1039.7
2026-10-06T23:36:35.6264446+07:00,llama-server,8072,0,2297.9
2026-10-06T23:36:36.6876964+07:00,asr-worker-vulkan,5848,0,1039.7
2026-10-06T23:36:36.6876964+07:00,llama-server,8072,0,2297.9
2026-10-06T23:36:37.7370843+07:00,asr-worker-vulkan,5848,0,1039.7
2026-10-06T23:36:37.7370843+07:00,llama-server,8072,0,2297.9
2026-10-06T23:36:38.8133977+07:00,asr-worker-vulkan,5848,0,1039.7
2026-10-06T23:36:38.8133977+07:00,llama-server,8072,0,2297.9
2026-10-06T23:36:39.8721262+07:00,asr-worker-vulkan,5848,0,1039.7
2026-10-06T23:36:39.8721262+07:00,llama-server,8072,0,2297.9
2026-10-06T23:36:40.9341378+07:00,asr-worker-vulkan,5848,0,1039.7
2026-10-06T23:36:40.9341378+07:00,llama-server,8072,0,2297.9
2026-10-06T23:36:42.0114169+07:00,asr-worker-vulkan,5848,0,1039.7
2026-10-06T23:36:42.0114169+07:00,llama-server,8072,0,2297.9
2026-10-06T23:36:43.0610493+07:00,asr-worker-vulkan,5848,0,1039.7
2026-10-06T23:36:43.0610493+07:00,llama-server,8072,0,2297.9
2026-10-06T23:36:44.1101200+07:00,asr-worker-vulkan,5848,0,1039.7
2026-10-06T23:36:44.1101200+07:00,llama-server,8072,0,2297.9
2026-10-06T23:36:45.1721905+07:00,asr-worker-vulkan,5848,0,1039.7
2026-10-06T23:36:45.1721905+07:00,llama-server,8072,0,2297.9
2026-10-06T23:36:46.2331838+07:00,asr-worker-vulkan,5848,0,1039.7
2026-10-06T23:36:46.2331838+07:00,llama-server,8072,0,2297.9
2026-10-06T23:36:47.3080795+07:00,asr-worker-vulkan,5848,0,1039.7
2026-10-06T23:36:47.3080795+07:00,llama-server,8072,0,2297.9
2026-10-06T23:36:48.3539374+07:00,asr-worker-vulkan,5848,0,1039.7
2026-10-06T23:36:48.3539374+07:00,llama-server,8072,0,2297.9
2026-10-06T23:36:49.4124654+07:00,asr-worker-vulkan,5848,0,1039.7
2026-10-06T23:36:49.4124654+07:00,llama-server,8072,0,2297.9
2026-10-06T23:36:50.4807644+07:00,asr-worker-vulkan,5848,0,1039.7
2026-10-06T23:36:50.4807644+07:00,llama-server,8072,0,2297.9
2026-10-06T23:36:51.5305720+07:00,asr-worker-vulkan,5848,0,1039.7
2026-10-06T23:36:51.5305720+07:00,llama-server,8072,0,2297.9
2026-10-06T23:36:52.6065071+07:00,asr-worker-vulkan,5848,0,1039.7
2026-10-06T23:36:52.6065071+07:00,llama-server,8072,0,2297.9
2026-10-06T23:36:53.6646500+07:00,asr-worker-vulkan,5848,0,1039.7
2026-10-06T23:36:53.6646500+07:00,llama-server,8072,0,2297.9
2026-10-06T23:36:54.7237070+07:00,asr-worker-vulkan,5848,0,1039.7
2026-10-06T23:36:54.7237070+07:00,llama-server,8072,0,2297.9
2026-10-06T23:36:55.7669636+07:00,asr-worker-vulkan,5848,0,1039.7
2026-10-06T23:36:55.7669636+07:00,llama-server,8072,0,2298.1
2026-10-06T23:36:56.8423371+07:00,asr-worker-vulkan,5848,0,1039.7
2026-10-06T23:36:56.8423371+07:00,llama-server,8072,0,2298.1
2026-10-06T23:36:57.9197762+07:00,asr-worker-vulkan,5848,0,1039.7
2026-10-06T23:36:57.9197762+07:00,llama-server,8072,0,2298.8
2026-10-06T23:36:58.9780354+07:00,asr-worker-vulkan,5848,0,1039.7
2026-10-06T23:36:58.9780354+07:00,llama-server,8072,0,2298.8
2026-10-06T23:37:00.0428284+07:00,asr-worker-vulkan,5848,0,1039.7
2026-10-06T23:37:00.0428284+07:00,llama-server,8072,0,2298.8
2026-10-06T23:37:01.1007100+07:00,asr-worker-vulkan,5848,0,1039.7
2026-10-06T23:37:01.1007100+07:00,llama-server,8072,0,2298.8
2026-10-06T23:37:02.1605205+07:00,asr-worker-vulkan,5848,0,1039.7
2026-10-06T23:37:02.1605205+07:00,llama-server,8072,0,2298.8
2026-10-06T23:37:03.2203587+07:00,asr-worker-vulkan,5848,0,1039.7
2026-10-06T23:37:03.2203587+07:00,llama-server,8072,0,2298.8
2026-10-06T23:37:04.2845622+07:00,asr-worker-vulkan,5848,0,1039.7
2026-10-06T23:37:04.2845622+07:00,llama-server,8072,0,2298.8
2026-10-06T23:37:05.3451570+07:00,asr-worker-vulkan,5848,0,1039.7
2026-10-06T23:37:05.3451570+07:00,llama-server,8072,0,2298.8
2026-10-06T23:37:06.4082916+07:00,asr-worker-vulkan,5848,0,1039.7
2026-10-06T23:37:06.4082916+07:00,llama-server,8072,0,2298.8
2026-10-06T23:37:07.4642004+07:00,asr-worker-vulkan,5848,0,1039.7
2026-10-06T23:37:07.4642004+07:00,llama-server,8072,0,2298.8
2026-10-06T23:37:08.5388843+07:00,asr-worker-vulkan,5848,0,1039.7
2026-10-06T23:37:08.5388843+07:00,llama-server,8072,0,2298.8
2026-10-06T23:37:09.5864524+07:00,asr-worker-vulkan,5848,0,1039.7
2026-10-06T23:37:09.5864524+07:00,llama-server,8072,0,2298.8
2026-10-06T23:37:10.6334446+07:00,asr-worker-vulkan,5848,0,1039.7
2026-10-06T23:37:10.6334446+07:00,llama-server,8072,0,2298.8
2026-10-06T23:37:11.6957491+07:00,asr-worker-vulkan,5848,0,1039.7
2026-10-06T23:37:11.6957491+07:00,llama-server,8072,0,2298.9
2026-10-06T23:37:12.7423509+07:00,asr-worker-vulkan,5848,0,1039.7
2026-10-06T23:37:12.7423509+07:00,llama-server,8072,0,2298.9
2026-10-06T23:37:13.8203190+07:00,asr-worker-vulkan,5848,0,1039.7
2026-10-06T23:37:13.8203190+07:00,llama-server,8072,0,2298.9
2026-10-06T23:37:14.8768749+07:00,asr-worker-vulkan,5848,0,1039.7
2026-10-06T23:37:14.8768749+07:00,llama-server,8072,0,2298.9
2026-10-06T23:37:15.9390285+07:00,asr-worker-vulkan,5848,0,1039.7
2026-10-06T23:37:15.9390285+07:00,llama-server,8072,0,2298.9
2026-10-06T23:37:16.9986879+07:00,asr-worker-vulkan,5848,0,1039.7
2026-10-06T23:37:16.9986879+07:00,llama-server,8072,0,2298.9
2026-10-06T23:37:18.0605099+07:00,asr-worker-vulkan,5848,0,1039.7
2026-10-06T23:37:18.0605099+07:00,llama-server,8072,0,2298.9
2026-10-06T23:37:19.1190939+07:00,asr-worker-vulkan,5848,0,1039.7
2026-10-06T23:37:19.1190939+07:00,llama-server,8072,0,2299.2
2026-10-06T23:37:20.1779920+07:00,asr-worker-vulkan,5848,0,1039.7
2026-10-06T23:37:20.1779920+07:00,llama-server,8072,0,2299.2
2026-10-06T23:37:21.2461388+07:00,asr-worker-vulkan,5848,0,1039.7
2026-10-06T23:37:21.2461388+07:00,llama-server,8072,0,2299.2
2026-10-06T23:37:22.3067948+07:00,asr-worker-vulkan,5848,0,1039.7
2026-10-06T23:37:22.3067948+07:00,llama-server,8072,0,2299.2
2026-10-06T23:37:23.3637111+07:00,asr-worker-vulkan,5848,0,1039.7
2026-10-06T23:37:23.3637111+07:00,llama-server,8072,0,2299.2
2026-10-06T23:37:24.4391252+07:00,asr-worker-vulkan,5848,0,1039.7
2026-10-06T23:37:24.4391252+07:00,llama-server,8072,0,2299.2
2026-10-06T23:37:25.5029101+07:00,asr-worker-vulkan,5848,0,1039.7
2026-10-06T23:37:25.5029101+07:00,llama-server,8072,0,2299.2
2026-10-06T23:37:26.5663633+07:00,asr-worker-vulkan,5848,0,1039.7
2026-10-06T23:37:26.5663633+07:00,llama-server,8072,0,2299.2
2026-10-06T23:37:27.6289173+07:00,asr-worker-vulkan,5848,0,1039.7
2026-10-06T23:37:27.6289173+07:00,llama-server,8072,0,2299.2
2026-10-06T23:37:28.6894203+07:00,asr-worker-vulkan,5848,0,1039.7
2026-10-06T23:37:28.6894203+07:00,llama-server,8072,0,2299.2
2026-10-06T23:37:29.7597309+07:00,asr-worker-vulkan,5848,0,1039.7
2026-10-06T23:37:29.7597309+07:00,llama-server,8072,0,2299.2
2026-10-06T23:37:30.8020627+07:00,asr-worker-vulkan,5848,0,1039.7
2026-10-06T23:37:30.8020627+07:00,llama-server,8072,0,2299.2
2026-10-06T23:37:31.8639563+07:00,asr-worker-vulkan,5848,0,1039.7
2026-10-06T23:37:31.8639563+07:00,llama-server,8072,0,2299.2
2026-10-06T23:37:32.9198351+07:00,asr-worker-vulkan,5848,0,1039.7
2026-10-06T23:37:32.9198351+07:00,llama-server,8072,0,2299.2
2026-10-06T23:37:33.9673894+07:00,asr-worker-vulkan,5848,0,1039.7
2026-10-06T23:37:33.9673894+07:00,llama-server,8072,0,2299.2
2026-10-06T23:37:35.0260872+07:00,asr-worker-vulkan,5848,0,1039.7
2026-10-06T23:37:35.0260872+07:00,llama-server,8072,0,2299.2
2026-10-06T23:37:36.0830551+07:00,asr-worker-vulkan,5848,0,1039.7
2026-10-06T23:37:36.0830551+07:00,llama-server,8072,0,2299.2
2026-10-06T23:37:37.1464106+07:00,asr-worker-vulkan,5848,0,1039.7
2026-10-06T23:37:37.1464106+07:00,llama-server,8072,0,2299.2
2026-10-06T23:37:38.1926097+07:00,asr-worker-vulkan,5848,0,1039.7
2026-10-06T23:37:38.1926097+07:00,llama-server,8072,0,2299.2
2026-10-06T23:37:39.2519783+07:00,asr-worker-vulkan,5848,0,1039.7
2026-10-06T23:37:39.2519783+07:00,llama-server,8072,0,2299.2
2026-10-06T23:37:40.3283785+07:00,asr-worker-vulkan,5848,0,1039.7
2026-10-06T23:37:40.3283785+07:00,llama-server,8072,0,2299.2
2026-10-06T23:37:41.3901807+07:00,asr-worker-vulkan,5848,0,1039.7
2026-10-06T23:37:41.3901807+07:00,llama-server,8072,0,2299.2
2026-10-06T23:37:42.4507473+07:00,asr-worker-vulkan,5848,0,1039.7
2026-10-06T23:37:42.4507473+07:00,llama-server,8072,0,2299.2
2026-10-06T23:37:43.5245351+07:00,asr-worker-vulkan,5848,0,1039.7
2026-10-06T23:37:43.5245351+07:00,llama-server,8072,0,2299.2
2026-10-06T23:37:44.5829802+07:00,asr-worker-vulkan,5848,0,1039.7
2026-10-06T23:37:44.5829802+07:00,llama-server,8072,0,2299.2
2026-10-06T23:37:45.6616816+07:00,asr-worker-vulkan,5848,0,1039.7
2026-10-06T23:37:45.6616816+07:00,llama-server,8072,0,2299.2
2026-10-06T23:37:46.7051172+07:00,asr-worker-vulkan,5848,0,1039.7
2026-10-06T23:37:46.7051172+07:00,llama-server,8072,0,2299.2
2026-10-06T23:37:47.7668261+07:00,asr-worker-vulkan,5848,0,1039.7
2026-10-06T23:37:47.7668261+07:00,llama-server,8072,0,2299.2
2026-10-06T23:37:48.8248731+07:00,asr-worker-vulkan,5848,0,1039.7
2026-10-06T23:37:48.8248731+07:00,llama-server,8072,0,2299.2
2026-10-06T23:37:49.8669889+07:00,asr-worker-vulkan,5848,0,1039.7
2026-10-06T23:37:49.8669889+07:00,llama-server,8072,0,2299.2
2026-10-06T23:37:50.9269792+07:00,asr-worker-vulkan,5848,0,1039.7
2026-10-06T23:37:50.9269792+07:00,llama-server,8072,0,2299.2
2026-10-06T23:37:51.9737587+07:00,asr-worker-vulkan,5848,0,1039.7
2026-10-06T23:37:51.9737587+07:00,llama-server,8072,0,2299.2
2026-10-06T23:37:53.0183583+07:00,asr-worker-vulkan,5848,0,1039.7
2026-10-06T23:37:53.0183583+07:00,llama-server,8072,0,2299.2
2026-10-06T23:37:54.0794714+07:00,asr-worker-vulkan,5848,0,1039.7
2026-10-06T23:37:54.0794714+07:00,llama-server,8072,0,2299.2
2026-10-06T23:37:55.1384197+07:00,asr-worker-vulkan,5848,0,1039.7
2026-10-06T23:37:55.1384197+07:00,llama-server,8072,0,2299.2
2026-10-06T23:37:56.2048779+07:00,asr-worker-vulkan,5848,0,1039.7
2026-10-06T23:37:56.2048779+07:00,llama-server,8072,0,2299.2
2026-10-06T23:37:57.2652492+07:00,asr-worker-vulkan,5848,0,1039.7
2026-10-06T23:37:57.2652492+07:00,llama-server,8072,0,2299.2
2026-10-06T23:37:58.3261405+07:00,asr-worker-vulkan,5848,0,1039.7
2026-10-06T23:37:58.3261405+07:00,llama-server,8072,0,2299.2
2026-10-06T23:37:59.3763779+07:00,asr-worker-vulkan,5848,0,1039.7
2026-10-06T23:37:59.3763779+07:00,llama-server,8072,0,2299.2
2026-10-06T23:38:00.4256641+07:00,asr-worker-vulkan,5848,0,1039.7
2026-10-06T23:38:00.4256641+07:00,llama-server,8072,0,2299.2
2026-10-06T23:38:08.7762218+07:00,asr-worker-vulkan,13372,0,1036.6
2026-10-06T23:38:09.8402360+07:00,asr-worker-vulkan,13372,0,1038.9
2026-10-06T23:38:09.8402360+07:00,llama-server,17436,0,2076.8
2026-10-06T23:38:10.9002334+07:00,asr-worker-vulkan,13372,0,1038.9
2026-10-06T23:38:10.9002334+07:00,llama-server,17436,0,2275.6
2026-10-06T23:38:11.9630571+07:00,asr-worker-vulkan,13372,0,1038.9
2026-10-06T23:38:11.9630571+07:00,llama-server,17436,0,2275.6
2026-10-06T23:38:13.0225238+07:00,asr-worker-vulkan,13372,0,1038.9
2026-10-06T23:38:13.0225238+07:00,llama-server,17436,0,2275.6
2026-10-06T23:38:14.0967697+07:00,asr-worker-vulkan,13372,0,1038.9
2026-10-06T23:38:14.0967697+07:00,llama-server,17436,0,2275.6
2026-10-06T23:38:15.1528262+07:00,asr-worker-vulkan,13372,0,1038.9
2026-10-06T23:38:15.1528262+07:00,llama-server,17436,0,2275.6
2026-10-06T23:38:16.1983318+07:00,asr-worker-vulkan,13372,0,1038.9
2026-10-06T23:38:16.1983318+07:00,llama-server,17436,0,2275.6
2026-10-06T23:38:17.2562393+07:00,asr-worker-vulkan,13372,0,1038.9
2026-10-06T23:38:17.2562393+07:00,llama-server,17436,0,2275.6
2026-10-06T23:38:18.3183222+07:00,asr-worker-vulkan,13372,0,1039.5
2026-10-06T23:38:18.3183222+07:00,llama-server,17436,0,2276.4
2026-10-06T23:38:19.3781919+07:00,asr-worker-vulkan,13372,0,1039.5
2026-10-06T23:38:19.3781919+07:00,llama-server,17436,0,2278.7
2026-10-06T23:38:20.4379908+07:00,asr-worker-vulkan,13372,0,1039.5
2026-10-06T23:38:20.4379908+07:00,llama-server,17436,0,2278.7
2026-10-06T23:38:21.4978723+07:00,asr-worker-vulkan,13372,0,1039.7
2026-10-06T23:38:21.4978723+07:00,llama-server,17436,0,2278.7
2026-10-06T23:38:22.5530876+07:00,asr-worker-vulkan,13372,0,1039.7
2026-10-06T23:38:22.5530876+07:00,llama-server,17436,0,2278.7
2026-10-06T23:38:23.6147104+07:00,asr-worker-vulkan,13372,0,1039.7
2026-10-06T23:38:23.6147104+07:00,llama-server,17436,0,2278.7
2026-10-06T23:38:24.7048106+07:00,asr-worker-vulkan,13372,0,1039.7
2026-10-06T23:38:24.7048106+07:00,llama-server,17436,0,2280.2
2026-10-06T23:38:25.7651918+07:00,asr-worker-vulkan,13372,0,1039.7
2026-10-06T23:38:25.7651918+07:00,llama-server,17436,0,2280.2
2026-10-06T23:38:26.8249827+07:00,asr-worker-vulkan,13372,0,1039.7
2026-10-06T23:38:26.8249827+07:00,llama-server,17436,0,2280.2
2026-10-06T23:38:27.8709739+07:00,asr-worker-vulkan,13372,0,1039.7
2026-10-06T23:38:27.8709739+07:00,llama-server,17436,0,2280.2
2026-10-06T23:38:28.9323132+07:00,asr-worker-vulkan,13372,0,1039.7
2026-10-06T23:38:28.9323132+07:00,llama-server,17436,0,2280.2
2026-10-06T23:38:29.9948149+07:00,asr-worker-vulkan,13372,0,1039.7
2026-10-06T23:38:29.9948149+07:00,llama-server,17436,0,2283.1
2026-10-06T23:38:31.0711213+07:00,asr-worker-vulkan,13372,0,1039.7
2026-10-06T23:38:31.0711213+07:00,llama-server,17436,0,2283.1
2026-10-06T23:38:32.1311123+07:00,asr-worker-vulkan,13372,0,1039.7
2026-10-06T23:38:32.1311123+07:00,llama-server,17436,0,2283.1
2026-10-06T23:38:33.1762371+07:00,asr-worker-vulkan,13372,0,1039.7
2026-10-06T23:38:33.1762371+07:00,llama-server,17436,0,2283.1
2026-10-06T23:38:34.2208017+07:00,asr-worker-vulkan,13372,0,1039.7
2026-10-06T23:38:34.2208017+07:00,llama-server,17436,0,2283.1
2026-10-06T23:38:35.2827240+07:00,asr-worker-vulkan,13372,0,1039.7
2026-10-06T23:38:35.2827240+07:00,llama-server,17436,0,2283.6
2026-10-06T23:38:36.3498028+07:00,asr-worker-vulkan,13372,0,1039.7
2026-10-06T23:38:36.3498028+07:00,llama-server,17436,0,2283.6
2026-10-06T23:38:37.3967705+07:00,asr-worker-vulkan,13372,0,1039.7
2026-10-06T23:38:37.3967705+07:00,llama-server,17436,0,2285.2
2026-10-06T23:38:38.4620292+07:00,asr-worker-vulkan,13372,0,1039.7
2026-10-06T23:38:38.4620292+07:00,llama-server,17436,0,2285.2
2026-10-06T23:38:39.5244160+07:00,asr-worker-vulkan,13372,0,1039.7
2026-10-06T23:38:39.5244160+07:00,llama-server,17436,0,2285.2
2026-10-06T23:38:40.5980868+07:00,asr-worker-vulkan,13372,0,1039.7
2026-10-06T23:38:40.5980868+07:00,llama-server,17436,0,2285.2
2026-10-06T23:38:41.6600340+07:00,asr-worker-vulkan,13372,0,1039.7
2026-10-06T23:38:41.6600340+07:00,llama-server,17436,0,2285.2
2026-10-06T23:38:42.7192942+07:00,asr-worker-vulkan,13372,0,1039.7
2026-10-06T23:38:42.7192942+07:00,llama-server,17436,0,2285.2
2026-10-06T23:38:43.7788087+07:00,asr-worker-vulkan,13372,0,1039.7
2026-10-06T23:38:43.7788087+07:00,llama-server,17436,0,2285.2
2026-10-06T23:38:44.8387552+07:00,asr-worker-vulkan,13372,0,1039.7
2026-10-06T23:38:44.8387552+07:00,llama-server,17436,0,2285.2
2026-10-06T23:38:45.9118615+07:00,asr-worker-vulkan,13372,0,1039.7
2026-10-06T23:38:45.9118615+07:00,llama-server,17436,0,2286.4
2026-10-06T23:38:46.9749927+07:00,asr-worker-vulkan,13372,0,1039.7
2026-10-06T23:38:46.9749927+07:00,llama-server,17436,0,2286.9
2026-10-06T23:38:48.0374909+07:00,asr-worker-vulkan,13372,0,1039.7
2026-10-06T23:38:48.0374909+07:00,llama-server,17436,0,2286.9
2026-10-06T23:38:49.0958751+07:00,asr-worker-vulkan,13372,0,1039.7
2026-10-06T23:38:49.0958751+07:00,llama-server,17436,0,2286.9
2026-10-06T23:38:50.1393018+07:00,asr-worker-vulkan,13372,0,1039.7
2026-10-06T23:38:50.1393018+07:00,llama-server,17436,0,2286.9
2026-10-06T23:38:51.2007020+07:00,asr-worker-vulkan,13372,0,1039.7
2026-10-06T23:38:51.2007020+07:00,llama-server,17436,0,2286.9
2026-10-06T23:38:52.2696673+07:00,asr-worker-vulkan,13372,0,1039.7
2026-10-06T23:38:52.2696673+07:00,llama-server,17436,0,2294
2026-10-06T23:38:53.3312067+07:00,asr-worker-vulkan,13372,0,1039.7
2026-10-06T23:38:53.3312067+07:00,llama-server,17436,0,2294
2026-10-06T23:38:54.3933793+07:00,asr-worker-vulkan,13372,0,1039.7
2026-10-06T23:38:54.3933793+07:00,llama-server,17436,0,2294
2026-10-06T23:38:55.4572120+07:00,asr-worker-vulkan,13372,0,1039.7
2026-10-06T23:38:55.4572120+07:00,llama-server,17436,0,2294
2026-10-06T23:38:56.5162359+07:00,asr-worker-vulkan,13372,0,1039.7
2026-10-06T23:38:56.5162359+07:00,llama-server,17436,0,2294
2026-10-06T23:38:57.5628531+07:00,asr-worker-vulkan,13372,0,1039.7
2026-10-06T23:38:57.5628531+07:00,llama-server,17436,0,2294.2
2026-10-06T23:38:58.6286092+07:00,asr-worker-vulkan,13372,0,1039.7
2026-10-06T23:38:58.6286092+07:00,llama-server,17436,0,2294.2
2026-10-06T23:38:59.6910493+07:00,asr-worker-vulkan,13372,0,1039.7
2026-10-06T23:38:59.6910493+07:00,llama-server,17436,0,2294.2
2026-10-06T23:39:00.7474993+07:00,asr-worker-vulkan,13372,0,1039.7
2026-10-06T23:39:00.7474993+07:00,llama-server,17436,0,2295.5
2026-10-06T23:39:01.8078638+07:00,asr-worker-vulkan,13372,0,1039.7
2026-10-06T23:39:01.8078638+07:00,llama-server,17436,0,2296.7
2026-10-06T23:39:02.8687190+07:00,asr-worker-vulkan,13372,0,1039.7
2026-10-06T23:39:02.8687190+07:00,llama-server,17436,0,2296.7
2026-10-06T23:39:03.9134548+07:00,asr-worker-vulkan,13372,0,1039.7
2026-10-06T23:39:03.9134548+07:00,llama-server,17436,0,2296.7
2026-10-06T23:39:04.9717531+07:00,asr-worker-vulkan,13372,0,1039.7
2026-10-06T23:39:04.9717531+07:00,llama-server,17436,0,2296.9
2026-10-06T23:39:06.0341101+07:00,asr-worker-vulkan,13372,0,1039.7
2026-10-06T23:39:06.0341101+07:00,llama-server,17436,0,2297.2
2026-10-06T23:39:07.1111241+07:00,asr-worker-vulkan,13372,0,1039.7
2026-10-06T23:39:07.1111241+07:00,llama-server,17436,0,2297.2
2026-10-06T23:39:08.1678857+07:00,asr-worker-vulkan,13372,0,1039.7
2026-10-06T23:39:08.1678857+07:00,llama-server,17436,0,2297.2
2026-10-06T23:39:09.2304384+07:00,asr-worker-vulkan,13372,0,1039.7
2026-10-06T23:39:09.2304384+07:00,llama-server,17436,0,2297.2
2026-10-06T23:39:10.2924719+07:00,asr-worker-vulkan,13372,0,1039.7
2026-10-06T23:39:10.2924719+07:00,llama-server,17436,0,2297.3
2026-10-06T23:39:11.3522761+07:00,asr-worker-vulkan,13372,0,1039.7
2026-10-06T23:39:11.3522761+07:00,llama-server,17436,0,2297.3
2026-10-06T23:39:12.4145884+07:00,asr-worker-vulkan,13372,0,1039.7
2026-10-06T23:39:12.4145884+07:00,llama-server,17436,0,2297.3
2026-10-06T23:39:13.4731530+07:00,asr-worker-vulkan,13372,0,1039.7
2026-10-06T23:39:13.4731530+07:00,llama-server,17436,0,2297.3
2026-10-06T23:39:14.5358008+07:00,asr-worker-vulkan,13372,0,1039.7
2026-10-06T23:39:14.5358008+07:00,llama-server,17436,0,2297.3
2026-10-06T23:39:15.6008961+07:00,asr-worker-vulkan,13372,0,1039.7
2026-10-06T23:39:15.6008961+07:00,llama-server,17436,0,2297.3
2026-10-06T23:39:16.6606587+07:00,asr-worker-vulkan,13372,0,1039.7
2026-10-06T23:39:16.6606587+07:00,llama-server,17436,0,2297.4
2026-10-06T23:39:17.7381271+07:00,asr-worker-vulkan,13372,0,1039.7
2026-10-06T23:39:17.7381271+07:00,llama-server,17436,0,2297.4
2026-10-06T23:39:18.7997714+07:00,asr-worker-vulkan,13372,0,1039.7
2026-10-06T23:39:18.7997714+07:00,llama-server,17436,0,2297.4
2026-10-06T23:39:19.8510258+07:00,asr-worker-vulkan,13372,0,1039.7
2026-10-06T23:39:19.8510258+07:00,llama-server,17436,0,2297.4
2026-10-06T23:39:20.8930367+07:00,asr-worker-vulkan,13372,0,1039.7
2026-10-06T23:39:20.8930367+07:00,llama-server,17436,0,2297.4
2026-10-06T23:39:21.9547029+07:00,asr-worker-vulkan,13372,0,1039.7
2026-10-06T23:39:21.9547029+07:00,llama-server,17436,0,2297.7
2026-10-06T23:39:23.0285876+07:00,asr-worker-vulkan,13372,0,1039.7
2026-10-06T23:39:23.0285876+07:00,llama-server,17436,0,2297.7
2026-10-06T23:39:24.0864011+07:00,asr-worker-vulkan,13372,0,1039.7
2026-10-06T23:39:24.0864011+07:00,llama-server,17436,0,2297.7
2026-10-06T23:39:25.1327461+07:00,asr-worker-vulkan,13372,0,1039.7
2026-10-06T23:39:25.1327461+07:00,llama-server,17436,0,2297.7
2026-10-06T23:39:26.1750800+07:00,asr-worker-vulkan,13372,0,1039.7
2026-10-06T23:39:26.1750800+07:00,llama-server,17436,0,2297.7
2026-10-06T23:39:27.2239465+07:00,asr-worker-vulkan,13372,0,1039.7
2026-10-06T23:39:27.2239465+07:00,llama-server,17436,0,2297.9
2026-10-06T23:39:28.3024067+07:00,asr-worker-vulkan,13372,0,1039.7
2026-10-06T23:39:28.3024067+07:00,llama-server,17436,0,2297.9
2026-10-06T23:39:29.3629008+07:00,asr-worker-vulkan,13372,0,1039.7
2026-10-06T23:39:29.3629008+07:00,llama-server,17436,0,2297.9
2026-10-06T23:39:30.4249848+07:00,asr-worker-vulkan,13372,0,1039.7
2026-10-06T23:39:30.4249848+07:00,llama-server,17436,0,2297.9
2026-10-06T23:39:31.4864504+07:00,asr-worker-vulkan,13372,0,1039.7
2026-10-06T23:39:31.4864504+07:00,llama-server,17436,0,2298.2
2026-10-06T23:39:32.5481534+07:00,asr-worker-vulkan,13372,0,1039.7
2026-10-06T23:39:32.5481534+07:00,llama-server,17436,0,2298.2
2026-10-06T23:39:33.6071903+07:00,asr-worker-vulkan,13372,0,1039.7
2026-10-06T23:39:33.6071903+07:00,llama-server,17436,0,2298.2
2026-10-06T23:39:34.6683092+07:00,asr-worker-vulkan,13372,0,1039.7
2026-10-06T23:39:34.6683092+07:00,llama-server,17436,0,2298.2
2026-10-06T23:39:35.7177789+07:00,asr-worker-vulkan,13372,0,1039.7
2026-10-06T23:39:35.7177789+07:00,llama-server,17436,0,2298.2
2026-10-06T23:39:36.7797458+07:00,asr-worker-vulkan,13372,0,1039.7
2026-10-06T23:39:36.7797458+07:00,llama-server,17436,0,2298.2
2026-10-06T23:39:37.8477902+07:00,asr-worker-vulkan,13372,0,1039.7
2026-10-06T23:39:37.8477902+07:00,llama-server,17436,0,2298.2
2026-10-06T23:39:38.8972038+07:00,asr-worker-vulkan,13372,0,1039.7
2026-10-06T23:39:38.8972038+07:00,llama-server,17436,0,2298.2
2026-10-06T23:39:39.9556515+07:00,asr-worker-vulkan,13372,0,1039.7
2026-10-06T23:39:39.9556515+07:00,llama-server,17436,0,2298.4
2026-10-06T23:39:41.0179507+07:00,asr-worker-vulkan,13372,0,1039.7
2026-10-06T23:39:41.0179507+07:00,llama-server,17436,0,2298.4
2026-10-06T23:39:42.0765568+07:00,asr-worker-vulkan,13372,0,1039.7
2026-10-06T23:39:42.0765568+07:00,llama-server,17436,0,2298.4
2026-10-06T23:39:43.1367933+07:00,asr-worker-vulkan,13372,0,1039.7
2026-10-06T23:39:43.1367933+07:00,llama-server,17436,0,2298.4
2026-10-06T23:39:44.2108730+07:00,asr-worker-vulkan,13372,0,1039.7
2026-10-06T23:39:44.2108730+07:00,llama-server,17436,0,2298.4
2026-10-06T23:39:45.2688884+07:00,asr-worker-vulkan,13372,0,1039.7
2026-10-06T23:39:45.2688884+07:00,llama-server,17436,0,2298.4
2026-10-06T23:39:46.3315679+07:00,asr-worker-vulkan,13372,0,1039.7
2026-10-06T23:39:46.3315679+07:00,llama-server,17436,0,2298.4
2026-10-06T23:39:47.3902533+07:00,asr-worker-vulkan,13372,0,1039.7
2026-10-06T23:39:47.3902533+07:00,llama-server,17436,0,2298.4
2026-10-06T23:39:48.4493710+07:00,asr-worker-vulkan,13372,0,1039.7
2026-10-06T23:39:48.4493710+07:00,llama-server,17436,0,2298.4
2026-10-06T23:39:49.5250257+07:00,asr-worker-vulkan,13372,0,1039.7
2026-10-06T23:39:49.5250257+07:00,llama-server,17436,0,2298.4
2026-10-06T23:39:50.5871493+07:00,asr-worker-vulkan,13372,0,1039.7
2026-10-06T23:39:50.5871493+07:00,llama-server,17436,0,2298.4
2026-10-06T23:39:51.6483143+07:00,asr-worker-vulkan,13372,0,1039.7
2026-10-06T23:39:51.6483143+07:00,llama-server,17436,0,2298.4
2026-10-06T23:39:52.7063098+07:00,asr-worker-vulkan,13372,0,1039.7
2026-10-06T23:39:52.7063098+07:00,llama-server,17436,0,2298.4
2026-10-06T23:39:53.7626073+07:00,asr-worker-vulkan,13372,0,1039.7
2026-10-06T23:39:53.7626073+07:00,llama-server,17436,0,2298.4
2026-10-06T23:39:54.8253381+07:00,asr-worker-vulkan,13372,0,1039.7
2026-10-06T23:39:54.8253381+07:00,llama-server,17436,0,2298.4
2026-10-06T23:39:55.8828008+07:00,asr-worker-vulkan,13372,0,1039.7
2026-10-06T23:39:55.8828008+07:00,llama-server,17436,0,2298.4
2026-10-06T23:39:56.9427334+07:00,asr-worker-vulkan,13372,0,1039.7
2026-10-06T23:39:56.9427334+07:00,llama-server,17436,0,2298.4
2026-10-06T23:39:58.0055749+07:00,asr-worker-vulkan,13372,0,1039.7
2026-10-06T23:39:58.0055749+07:00,llama-server,17436,0,2298.4
2026-10-06T23:39:59.0748411+07:00,asr-worker-vulkan,13372,0,1039.7
2026-10-06T23:39:59.0748411+07:00,llama-server,17436,0,2298.4
2026-10-06T23:40:00.1198309+07:00,asr-worker-vulkan,13372,0,1039.7
2026-10-06T23:40:00.1198309+07:00,llama-server,17436,0,2298.4
2026-10-06T23:40:01.1968781+07:00,asr-worker-vulkan,13372,0,1039.7
2026-10-06T23:40:01.1968781+07:00,llama-server,17436,0,2298.4
2026-10-06T23:40:02.2372433+07:00,asr-worker-vulkan,13372,0,1039.7
2026-10-06T23:40:02.2372433+07:00,llama-server,17436,0,2298.4
2026-10-06T23:40:03.2816599+07:00,asr-worker-vulkan,13372,0,1039.7
2026-10-06T23:40:03.2816599+07:00,llama-server,17436,0,2298.4
2026-10-06T23:40:04.3417200+07:00,asr-worker-vulkan,13372,0,1039.7
2026-10-06T23:40:04.3417200+07:00,llama-server,17436,0,2298.4
2026-10-06T23:40:05.4219867+07:00,asr-worker-vulkan,13372,0,1039.7
2026-10-06T23:40:05.4219867+07:00,llama-server,17436,0,2298.4
2026-10-06T23:40:06.4844704+07:00,asr-worker-vulkan,13372,0,1039.7
2026-10-06T23:40:06.4844704+07:00,llama-server,17436,0,2298.4
2026-10-06T23:40:07.5447474+07:00,asr-worker-vulkan,13372,0,1039.7
2026-10-06T23:40:07.5447474+07:00,llama-server,17436,0,2298.4
2026-10-06T23:40:08.5897472+07:00,asr-worker-vulkan,13372,0,1039.7
2026-10-06T23:40:08.5897472+07:00,llama-server,17436,0,2298.4
2026-10-06T23:40:09.6377800+07:00,asr-worker-vulkan,13372,0,1039.7
2026-10-06T23:40:09.6377800+07:00,llama-server,17436,0,2298.4
2026-10-06T23:40:10.7119151+07:00,asr-worker-vulkan,13372,0,1039.7
2026-10-06T23:40:10.7119151+07:00,llama-server,17436,0,2298.4
2026-10-06T23:40:11.7763959+07:00,asr-worker-vulkan,13372,0,1039.7
2026-10-06T23:40:11.7763959+07:00,llama-server,17436,0,2298.4
2026-10-06T23:40:12.8339685+07:00,asr-worker-vulkan,13372,0,1039.7
2026-10-06T23:40:12.8339685+07:00,llama-server,17436,0,2298.4
2026-10-06T23:40:13.8944899+07:00,asr-worker-vulkan,13372,0,1039.7
2026-10-06T23:40:13.8944899+07:00,llama-server,17436,0,2298.4
2026-10-06T23:40:14.9509351+07:00,asr-worker-vulkan,13372,0,1039.7
2026-10-06T23:40:14.9509351+07:00,llama-server,17436,0,2298.4
2026-10-06T23:40:16.0117045+07:00,asr-worker-vulkan,13372,0,1039.7
2026-10-06T23:40:16.0117045+07:00,llama-server,17436,0,2298.4
2026-10-06T23:40:17.0728988+07:00,asr-worker-vulkan,13372,0,1039.7
2026-10-06T23:40:17.0728988+07:00,llama-server,17436,0,2298.4
2026-10-06T23:40:18.1114514+07:00,asr-worker-vulkan,13372,0,1039.7
2026-10-06T23:40:18.1114514+07:00,llama-server,17436,0,2298.4
2026-10-06T23:40:19.1587266+07:00,asr-worker-vulkan,13372,0,1039.7
2026-10-06T23:40:19.1587266+07:00,llama-server,17436,0,2298.4
2026-10-06T23:40:20.2210143+07:00,asr-worker-vulkan,13372,0,1039.7
2026-10-06T23:40:20.2210143+07:00,llama-server,17436,0,2298.4
2026-10-06T23:40:21.2823955+07:00,asr-worker-vulkan,13372,0,1039.7
2026-10-06T23:40:21.2823955+07:00,llama-server,17436,0,2298.4
2026-10-06T23:40:22.3427613+07:00,asr-worker-vulkan,13372,0,1039.7
2026-10-06T23:40:22.3427613+07:00,llama-server,17436,0,2298.5
2026-10-06T23:40:23.4012911+07:00,asr-worker-vulkan,13372,0,1039.7
2026-10-06T23:40:23.4012911+07:00,llama-server,17436,0,2298.5
2026-10-06T23:40:24.4556703+07:00,asr-worker-vulkan,13372,0,1039.7
2026-10-06T23:40:24.4556703+07:00,llama-server,17436,0,2298.5
2026-10-06T23:40:25.5184238+07:00,asr-worker-vulkan,13372,0,1039.7
2026-10-06T23:40:25.5184238+07:00,llama-server,17436,0,2298.5
2026-10-06T23:40:26.5956700+07:00,asr-worker-vulkan,13372,0,1039.7
2026-10-06T23:40:26.5956700+07:00,llama-server,17436,0,2298.5
2026-10-06T23:40:27.6561844+07:00,asr-worker-vulkan,13372,0,1039.7
2026-10-06T23:40:27.6561844+07:00,llama-server,17436,0,2298.5
2026-10-06T23:40:28.7003707+07:00,asr-worker-vulkan,13372,0,1039.7
2026-10-06T23:40:28.7003707+07:00,llama-server,17436,0,2298.5
2026-10-06T23:40:29.7446689+07:00,asr-worker-vulkan,13372,0,1039.7
2026-10-06T23:40:29.7446689+07:00,llama-server,17436,0,2298.5
2026-10-06T23:40:30.7880177+07:00,asr-worker-vulkan,13372,0,1039.7
2026-10-06T23:40:30.7880177+07:00,llama-server,17436,0,2298.5
2026-10-06T23:40:31.8664201+07:00,asr-worker-vulkan,13372,0,1039.7
2026-10-06T23:40:31.8664201+07:00,llama-server,17436,0,2298.5
2026-10-06T23:40:32.9111955+07:00,asr-worker-vulkan,13372,0,1039.7
2026-10-06T23:40:32.9111955+07:00,llama-server,17436,0,2298.5
2026-10-06T23:40:33.9703771+07:00,asr-worker-vulkan,13372,0,1039.7
2026-10-06T23:40:33.9703771+07:00,llama-server,17436,0,2298.5
2026-10-06T23:40:35.0365294+07:00,asr-worker-vulkan,13372,0,1039.7
2026-10-06T23:40:35.0365294+07:00,llama-server,17436,0,2298.5
2026-10-06T23:40:36.0933621+07:00,asr-worker-vulkan,13372,0,1039.7
2026-10-06T23:40:36.0933621+07:00,llama-server,17436,0,2298.8
2026-10-06T23:40:37.1656825+07:00,asr-worker-vulkan,13372,0,1039.7
2026-10-06T23:40:37.1656825+07:00,llama-server,17436,0,2298.8
2026-10-06T23:40:38.2261155+07:00,asr-worker-vulkan,13372,0,1039.7
2026-10-06T23:40:38.2261155+07:00,llama-server,17436,0,2298.8
2026-10-06T23:40:39.2688575+07:00,asr-worker-vulkan,13372,0,1039.7
2026-10-06T23:40:39.2688575+07:00,llama-server,17436,0,2298.8
2026-10-06T23:40:40.3322986+07:00,asr-worker-vulkan,13372,0,1039.7
2026-10-06T23:40:40.3322986+07:00,llama-server,17436,0,2298.8
2026-10-06T23:40:41.3752086+07:00,asr-worker-vulkan,13372,0,1039.7
2026-10-06T23:40:41.3752086+07:00,llama-server,17436,0,2298.8
2026-10-06T23:40:42.4523433+07:00,asr-worker-vulkan,13372,0,1039.7
2026-10-06T23:40:42.4523433+07:00,llama-server,17436,0,2298.8
2026-10-06T23:40:43.5128360+07:00,asr-worker-vulkan,13372,0,1039.7
2026-10-06T23:40:43.5128360+07:00,llama-server,17436,0,2298.8
2026-10-06T23:40:44.5709862+07:00,asr-worker-vulkan,13372,0,1039.7
2026-10-06T23:40:44.5709862+07:00,llama-server,17436,0,2298.8
2026-10-06T23:40:45.6150056+07:00,asr-worker-vulkan,13372,0,1039.7
2026-10-06T23:40:45.6150056+07:00,llama-server,17436,0,2298.8
2026-10-06T23:40:46.6610252+07:00,asr-worker-vulkan,13372,0,1039.7
2026-10-06T23:40:46.6610252+07:00,llama-server,17436,0,2298.8
2026-10-06T23:40:47.7239469+07:00,asr-worker-vulkan,13372,0,1039.7
2026-10-06T23:40:47.7239469+07:00,llama-server,17436,0,2298.8
2026-10-06T23:40:48.7740073+07:00,asr-worker-vulkan,13372,0,1039.7
2026-10-06T23:40:48.7740073+07:00,llama-server,17436,0,2298.8
2026-10-06T23:40:49.8211418+07:00,asr-worker-vulkan,13372,0,1039.7
2026-10-06T23:40:49.8211418+07:00,llama-server,17436,0,2299
2026-10-06T23:40:50.8889085+07:00,asr-worker-vulkan,13372,0,1039.7
2026-10-06T23:40:50.8889085+07:00,llama-server,17436,0,2299
2026-10-06T23:40:51.9506538+07:00,asr-worker-vulkan,13372,0,1039.7
2026-10-06T23:40:51.9506538+07:00,llama-server,17436,0,2299
2026-10-06T23:40:53.0306108+07:00,asr-worker-vulkan,13372,0,1039.7
2026-10-06T23:40:53.0306108+07:00,llama-server,17436,0,2299
2026-10-06T23:40:54.0842327+07:00,asr-worker-vulkan,13372,0,1039.7
2026-10-06T23:40:54.0842327+07:00,llama-server,17436,0,2299
2026-10-06T23:40:55.1453357+07:00,asr-worker-vulkan,13372,0,1039.7
2026-10-06T23:40:55.1453357+07:00,llama-server,17436,0,2299
2026-10-06T23:40:56.1931107+07:00,asr-worker-vulkan,13372,0,1039.7
2026-10-06T23:40:56.1931107+07:00,llama-server,17436,0,2299
2026-10-06T23:40:57.2573168+07:00,asr-worker-vulkan,13372,0,1039.7
2026-10-06T23:40:57.2573168+07:00,llama-server,17436,0,2299
2026-10-06T23:40:58.3158503+07:00,asr-worker-vulkan,13372,0,1039.7
2026-10-06T23:40:58.3158503+07:00,llama-server,17436,0,2299.3
2026-10-06T23:40:59.3806282+07:00,asr-worker-vulkan,13372,0,1039.7
2026-10-06T23:40:59.3806282+07:00,llama-server,17436,0,2299.3
2026-10-06T23:41:00.4340469+07:00,asr-worker-vulkan,13372,0,1039.7
2026-10-06T23:41:00.4340469+07:00,llama-server,17436,0,2299.3
2026-10-06T23:41:01.4936505+07:00,asr-worker-vulkan,13372,0,1039.7
2026-10-06T23:41:01.4936505+07:00,llama-server,17436,0,2299.3
2026-10-06T23:41:02.5563755+07:00,asr-worker-vulkan,13372,0,1039.7
2026-10-06T23:41:02.5563755+07:00,llama-server,17436,0,2299.3
2026-10-06T23:41:03.6145148+07:00,asr-worker-vulkan,13372,0,1039.7
2026-10-06T23:41:03.6145148+07:00,llama-server,17436,0,2299.3
2026-10-06T23:41:04.6736651+07:00,asr-worker-vulkan,13372,0,1039.7
2026-10-06T23:41:04.6736651+07:00,llama-server,17436,0,2299.3
2026-10-06T23:41:05.7335091+07:00,asr-worker-vulkan,13372,0,1039.7
2026-10-06T23:41:05.7335091+07:00,llama-server,17436,0,2299.3
2026-10-06T23:41:06.7805793+07:00,asr-worker-vulkan,13372,0,1039.7
2026-10-06T23:41:06.7805793+07:00,llama-server,17436,0,2299.3
2026-10-06T23:41:07.8303011+07:00,asr-worker-vulkan,13372,0,1039.7
2026-10-06T23:41:07.8303011+07:00,llama-server,17436,0,2299.3
2026-10-06T23:41:08.8948818+07:00,asr-worker-vulkan,13372,0,1039.7
2026-10-06T23:41:08.8948818+07:00,llama-server,17436,0,2299.6
2026-10-06T23:41:09.9423379+07:00,asr-worker-vulkan,13372,0,1039.7
2026-10-06T23:41:09.9423379+07:00,llama-server,17436,0,2299.6
2026-10-06T23:41:11.0072162+07:00,asr-worker-vulkan,13372,0,1039.7
2026-10-06T23:41:11.0072162+07:00,llama-server,17436,0,2299.6
2026-10-06T23:41:12.0706807+07:00,asr-worker-vulkan,13372,0,1039.7
2026-10-06T23:41:12.0706807+07:00,llama-server,17436,0,2299.6
2026-10-06T23:41:13.1420417+07:00,asr-worker-vulkan,13372,0,1039.7
2026-10-06T23:41:13.1420417+07:00,llama-server,17436,0,2299.6
2026-10-06T23:41:14.2214352+07:00,asr-worker-vulkan,13372,0,1039.7
2026-10-06T23:41:14.2214352+07:00,llama-server,17436,0,2299.6
2026-10-06T23:41:15.2826063+07:00,asr-worker-vulkan,13372,0,1039.7
2026-10-06T23:41:15.2826063+07:00,llama-server,17436,0,2299.6
2026-10-06T23:41:16.3431290+07:00,asr-worker-vulkan,13372,0,1039.7
2026-10-06T23:41:16.3431290+07:00,llama-server,17436,0,2299.6
2026-10-06T23:41:17.4031320+07:00,asr-worker-vulkan,13372,0,1039.7
2026-10-06T23:41:17.4031320+07:00,llama-server,17436,0,2299.8
2026-10-06T23:41:18.4670769+07:00,asr-worker-vulkan,13372,0,1039.7
2026-10-06T23:41:18.4670769+07:00,llama-server,17436,0,2299.8
2026-10-06T23:41:19.5398945+07:00,asr-worker-vulkan,13372,0,1039.7
2026-10-06T23:41:19.5398945+07:00,llama-server,17436,0,2299.8
2026-10-06T23:41:20.5838131+07:00,asr-worker-vulkan,13372,0,1039.7
2026-10-06T23:41:20.5838131+07:00,llama-server,17436,0,2299.8
2026-10-06T23:41:21.6273174+07:00,asr-worker-vulkan,13372,0,1039.7
2026-10-06T23:41:21.6273174+07:00,llama-server,17436,0,2299.8
2026-10-06T23:41:22.6847194+07:00,asr-worker-vulkan,13372,0,1039.7
2026-10-06T23:41:22.6847194+07:00,llama-server,17436,0,2299.8
2026-10-06T23:41:23.7457059+07:00,llama-server,17436,0,2300.1
2026-10-06T23:41:24.8029591+07:00,llama-server,17436,0,2300.1
2026-10-06T23:41:25.8659101+07:00,llama-server,17436,0,1024.6
