t_s,pid,name,rss_kib,cpu_s,os,host
0.0,47879,meeting-translator,119856,4.91,mac,707254bd1029
0.0,47892,com.apple.WebKit.GPU,41040,1.06,mac,707254bd1029
0.0,47893,com.apple.WebKit.Networking,11392,0.24,mac,707254bd1029
0.0,47894,com.apple.WebKit.WebContent,80912,2.04,mac,707254bd1029
0.0,47896,com.apple.WebKit.WebContent,83008,1.52,mac,707254bd1029
0.0,47898,asr-worker,684288,0.72,mac,707254bd1029
0.0,47903,llama-server,2062416,10.51,mac,707254bd1029
10.0,47879,meeting-translator,122128,5.78,mac,707254bd1029
10.0,47892,com.apple.WebKit.GPU,44464,1.26,mac,707254bd1029
10.0,47893,com.apple.WebKit.Networking,11408,0.28,mac,707254bd1029
10.0,47894,com.apple.WebKit.WebContent,80208,2.32,mac,707254bd1029
10.0,47896,com.apple.WebKit.WebContent,101936,1.89,mac,707254bd1029
10.0,47898,asr-worker,687392,0.90,mac,707254bd1029
10.0,47903,llama-server,2058960,14.32,mac,707254bd1029
20.0,47879,meeting-translator,125712,6.64,mac,707254bd1029
20.0,47892,com.apple.WebKit.GPU,46128,1.45,mac,707254bd1029
20.0,47893,com.apple.WebKit.Networking,11424,0.33,mac,707254bd1029
20.0,47894,com.apple.WebKit.WebContent,86352,2.66,mac,707254bd1029
20.0,47896,com.apple.WebKit.WebContent,109808,2.17,mac,707254bd1029
20.0,47898,asr-worker,687504,1.03,mac,707254bd1029
20.0,47903,llama-server,2066416,17.44,mac,707254bd1029
30.0,47879,meeting-translator,121296,7.47,mac,707254bd1029
30.0,47892,com.apple.WebKit.GPU,47664,1.63,mac,707254bd1029
30.0,47893,com.apple.WebKit.Networking,10384,0.37,mac,707254bd1029
30.0,47894,com.apple.WebKit.WebContent,85040,2.96,mac,707254bd1029
30.0,47896,com.apple.WebKit.WebContent,115728,2.45,mac,707254bd1029
30.0,47898,asr-worker,689584,1.16,mac,707254bd1029
30.0,47903,llama-server,2075968,20.70,mac,707254bd1029
40.0,47879,meeting-translator,120400,8.33,mac,707254bd1029
40.0,47892,com.apple.WebKit.GPU,47984,1.82,mac,707254bd1029
40.0,47893,com.apple.WebKit.Networking,10240,0.41,mac,707254bd1029
40.0,47894,com.apple.WebKit.WebContent,82976,3.24,mac,707254bd1029
40.0,47896,com.apple.WebKit.WebContent,91184,2.68,mac,707254bd1029
40.0,47898,asr-worker,689584,1.26,mac,707254bd1029
40.0,47903,llama-server,2084832,23.30,mac,707254bd1029
50.0,47879,meeting-translator,121424,9.22,mac,707254bd1029
50.0,47892,com.apple.WebKit.GPU,47200,1.99,mac,707254bd1029
50.0,47893,com.apple.WebKit.Networking,10240,0.45,mac,707254bd1029
50.0,47894,com.apple.WebKit.WebContent,78752,3.51,mac,707254bd1029
50.0,47896,com.apple.WebKit.WebContent,84208,2.93,mac,707254bd1029
50.0,47898,asr-worker,689216,1.33,mac,707254bd1029
50.0,47903,llama-server,2079536,25.11,mac,707254bd1029
60.0,47879,meeting-translator,120832,10.05,mac,707254bd1029
60.0,47892,com.apple.WebKit.GPU,51968,2.21,mac,707254bd1029
60.0,47893,com.apple.WebKit.Networking,10240,0.50,mac,707254bd1029
60.0,47894,com.apple.WebKit.WebContent,115728,4.07,mac,707254bd1029
60.0,47896,com.apple.WebKit.WebContent,84832,3.21,mac,707254bd1029
60.0,47898,asr-worker,683968,1.50,mac,707254bd1029
60.0,47903,llama-server,2064288,29.32,mac,707254bd1029
70.0,47879,meeting-translator,119888,10.93,mac,707254bd1029
70.0,47892,com.apple.WebKit.GPU,53744,2.41,mac,707254bd1029
70.0,47893,com.apple.WebKit.Networking,10240,0.54,mac,707254bd1029
70.0,47894,com.apple.WebKit.WebContent,99520,4.45,mac,707254bd1029
70.0,47896,com.apple.WebKit.WebContent,74032,3.52,mac,707254bd1029
70.0,47898,asr-worker,683872,1.63,mac,707254bd1029
70.0,47903,llama-server,2072560,31.88,mac,707254bd1029
80.0,47879,meeting-translator,119888,11.78,mac,707254bd1029
80.0,47892,com.apple.WebKit.GPU,52832,2.64,mac,707254bd1029
80.0,47893,com.apple.WebKit.Networking,10224,0.59,mac,707254bd1029
80.0,47894,com.apple.WebKit.WebContent,81632,4.72,mac,707254bd1029
80.0,47896,com.apple.WebKit.WebContent,77936,3.82,mac,707254bd1029
80.0,47898,asr-worker,683904,1.78,mac,707254bd1029
80.0,47903,llama-server,2090368,36.17,mac,707254bd1029
90.0,47879,meeting-translator,118448,12.63,mac,707254bd1029
90.0,47892,com.apple.WebKit.GPU,55296,2.83,mac,707254bd1029
90.0,47893,com.apple.WebKit.Networking,10176,0.63,mac,707254bd1029
90.0,47894,com.apple.WebKit.WebContent,73776,4.98,mac,707254bd1029
90.0,47896,com.apple.WebKit.WebContent,78672,4.06,mac,707254bd1029
90.0,47898,asr-worker,683792,1.88,mac,707254bd1029
90.0,47903,llama-server,2072736,38.49,mac,707254bd1029
100.0,47879,meeting-translator,120080,13.46,mac,707254bd1029
100.0,47892,com.apple.WebKit.GPU,56000,3.04,mac,707254bd1029
100.0,47893,com.apple.WebKit.Networking,10160,0.67,mac,707254bd1029
100.0,47894,com.apple.WebKit.WebContent,74352,5.24,mac,707254bd1029
100.0,47896,com.apple.WebKit.WebContent,89184,4.34,mac,707254bd1029
100.0,47898,asr-worker,683936,2.03,mac,707254bd1029
100.0,47903,llama-server,2082944,41.62,mac,707254bd1029
110.0,47879,meeting-translator,119872,14.32,mac,707254bd1029
110.0,47892,com.apple.WebKit.GPU,58080,3.27,mac,707254bd1029
110.0,47893,com.apple.WebKit.Networking,10112,0.71,mac,707254bd1029
110.0,47894,com.apple.WebKit.WebContent,74880,5.52,mac,707254bd1029
110.0,47896,com.apple.WebKit.WebContent,84864,4.65,mac,707254bd1029
110.0,47898,asr-worker,684256,2.18,mac,707254bd1029
110.0,47903,llama-server,2066704,44.64,mac,707254bd1029
120.0,47879,meeting-translator,119344,15.14,mac,707254bd1029
120.0,47892,com.apple.WebKit.GPU,58752,3.47,mac,707254bd1029
120.0,47893,com.apple.WebKit.Networking,10080,0.76,mac,707254bd1029
120.0,47894,com.apple.WebKit.WebContent,69776,5.77,mac,707254bd1029
120.0,47896,com.apple.WebKit.WebContent,72208,4.95,mac,707254bd1029
120.0,47898,asr-worker,684064,2.31,mac,707254bd1029
120.0,47903,llama-server,2061760,48.28,mac,707254bd1029
130.0,47879,meeting-translator,118864,16.00,mac,707254bd1029
130.0,47892,com.apple.WebKit.GPU,59520,3.69,mac,707254bd1029
130.0,47893,com.apple.WebKit.Networking,10112,0.80,mac,707254bd1029
130.0,47894,com.apple.WebKit.WebContent,70432,6.04,mac,707254bd1029
130.0,47896,com.apple.WebKit.WebContent,77040,5.21,mac,707254bd1029
130.0,47898,asr-worker,684288,2.48,mac,707254bd1029
130.0,47903,llama-server,2065232,50.72,mac,707254bd1029
140.0,47879,meeting-translator,118432,16.86,mac,707254bd1029
140.0,47892,com.apple.WebKit.GPU,60160,3.90,mac,707254bd1029
140.0,47893,com.apple.WebKit.Networking,10112,0.84,mac,707254bd1029
140.0,47894,com.apple.WebKit.WebContent,72720,6.30,mac,707254bd1029
140.0,47896,com.apple.WebKit.WebContent,81456,5.51,mac,707254bd1029
140.0,47898,asr-worker,684368,2.59,mac,707254bd1029
140.0,47903,llama-server,2070336,53.79,mac,707254bd1029
150.0,47879,meeting-translator,117760,17.72,mac,707254bd1029
150.0,47892,com.apple.WebKit.GPU,45152,4.10,mac,707254bd1029
150.0,47893,com.apple.WebKit.Networking,10112,0.88,mac,707254bd1029
150.0,47894,com.apple.WebKit.WebContent,70960,6.56,mac,707254bd1029
150.0,47896,com.apple.WebKit.WebContent,71520,5.81,mac,707254bd1029
150.0,47898,asr-worker,682160,2.71,mac,707254bd1029
150.0,47903,llama-server,2073056,56.05,mac,707254bd1029
160.0,47879,meeting-translator,119008,18.56,mac,707254bd1029
160.0,47892,com.apple.WebKit.GPU,47296,4.33,mac,707254bd1029
160.0,47893,com.apple.WebKit.Networking,10112,0.93,mac,707254bd1029
160.0,47894,com.apple.WebKit.WebContent,72544,6.84,mac,707254bd1029
160.0,47896,com.apple.WebKit.WebContent,72368,6.13,mac,707254bd1029
160.0,47898,asr-worker,682064,2.92,mac,707254bd1029
160.0,47903,llama-server,2083248,60.22,mac,707254bd1029
170.0,47879,meeting-translator,118912,19.41,mac,707254bd1029
170.0,47892,com.apple.WebKit.GPU,47584,4.55,mac,707254bd1029
170.0,47893,com.apple.WebKit.Networking,10112,0.97,mac,707254bd1029
170.0,47894,com.apple.WebKit.WebContent,73776,7.11,mac,707254bd1029
170.0,47896,com.apple.WebKit.WebContent,83360,6.42,mac,707254bd1029
170.0,47898,asr-worker,684176,3.07,mac,707254bd1029
170.0,47903,llama-server,2077440,63.20,mac,707254bd1029
180.0,47879,meeting-translator,118368,20.27,mac,707254bd1029
180.0,47892,com.apple.WebKit.GPU,46880,4.76,mac,707254bd1029
180.0,47893,com.apple.WebKit.Networking,10112,1.01,mac,707254bd1029
180.0,47894,com.apple.WebKit.WebContent,72656,7.38,mac,707254bd1029
180.0,47896,com.apple.WebKit.WebContent,84048,6.77,mac,707254bd1029
180.0,47898,asr-worker,683888,3.22,mac,707254bd1029
180.0,47903,llama-server,2068864,65.60,mac,707254bd1029
190.0,47879,meeting-translator,120048,21.15,mac,707254bd1029
190.0,47892,com.apple.WebKit.GPU,49008,4.98,mac,707254bd1029
190.0,47893,com.apple.WebKit.Networking,10112,1.06,mac,707254bd1029
190.0,47894,com.apple.WebKit.WebContent,74480,7.67,mac,707254bd1029
190.0,47896,com.apple.WebKit.WebContent,87600,7.08,mac,707254bd1029
190.0,47898,asr-worker,684512,3.36,mac,707254bd1029
190.0,47903,llama-server,2073840,68.74,mac,707254bd1029
200.0,47879,meeting-translator,120480,22.02,mac,707254bd1029
200.0,47892,com.apple.WebKit.GPU,49152,5.18,mac,707254bd1029
200.0,47893,com.apple.WebKit.Networking,10112,1.10,mac,707254bd1029
200.0,47894,com.apple.WebKit.WebContent,75200,7.96,mac,707254bd1029
200.0,47896,com.apple.WebKit.WebContent,88368,7.36,mac,707254bd1029
200.0,47898,asr-worker,684688,3.49,mac,707254bd1029
200.0,47903,llama-server,2077568,71.75,mac,707254bd1029
210.0,47879,meeting-translator,120480,22.89,mac,707254bd1029
210.0,47892,com.apple.WebKit.GPU,49440,5.40,mac,707254bd1029
210.0,47893,com.apple.WebKit.Networking,10112,1.15,mac,707254bd1029
210.0,47894,com.apple.WebKit.WebContent,75696,8.23,mac,707254bd1029
210.0,47896,com.apple.WebKit.WebContent,88096,7.67,mac,707254bd1029
210.0,47898,asr-worker,684768,3.61,mac,707254bd1029
210.0,47903,llama-server,2085952,74.88,mac,707254bd1029
220.0,47879,meeting-translator,121472,23.75,mac,707254bd1029
220.0,47892,com.apple.WebKit.GPU,50736,5.64,mac,707254bd1029
220.0,47893,com.apple.WebKit.Networking,10112,1.19,mac,707254bd1029
220.0,47894,com.apple.WebKit.WebContent,75264,8.49,mac,707254bd1029
220.0,47896,com.apple.WebKit.WebContent,90736,8.03,mac,707254bd1029
220.0,47898,asr-worker,686912,3.76,mac,707254bd1029
220.0,47903,llama-server,2101232,78.11,mac,707254bd1029
230.0,47879,meeting-translator,120624,24.60,mac,707254bd1029
230.0,47892,com.apple.WebKit.GPU,51488,5.86,mac,707254bd1029
230.0,47893,com.apple.WebKit.Networking,10304,1.24,mac,707254bd1029
230.0,47894,com.apple.WebKit.WebContent,75920,8.78,mac,707254bd1029
230.0,47896,com.apple.WebKit.WebContent,90480,8.38,mac,707254bd1029
230.0,47898,asr-worker,686800,3.86,mac,707254bd1029
230.0,47903,llama-server,2101840,81.44,mac,707254bd1029
240.0,47879,meeting-translator,120544,25.46,mac,707254bd1029
240.0,47892,com.apple.WebKit.GPU,51008,6.09,mac,707254bd1029
240.0,47893,com.apple.WebKit.Networking,10304,1.28,mac,707254bd1029
240.0,47894,com.apple.WebKit.WebContent,74576,9.04,mac,707254bd1029
240.0,47896,com.apple.WebKit.WebContent,81488,8.71,mac,707254bd1029
240.0,47898,asr-worker,686512,3.97,mac,707254bd1029
240.0,47903,llama-server,2083008,84.31,mac,707254bd1029
250.0,47879,meeting-translator,121296,26.33,mac,707254bd1029
250.0,47892,com.apple.WebKit.GPU,49968,6.29,mac,707254bd1029
250.0,47893,com.apple.WebKit.Networking,10288,1.33,mac,707254bd1029
250.0,47894,com.apple.WebKit.WebContent,76128,9.32,mac,707254bd1029
250.0,47896,com.apple.WebKit.WebContent,86224,9.07,mac,707254bd1029
250.0,47898,asr-worker,686832,4.08,mac,707254bd1029
250.0,47903,llama-server,2088480,88.31,mac,707254bd1029
260.0,47879,meeting-translator,121488,27.18,mac,707254bd1029
260.0,47892,com.apple.WebKit.GPU,47824,6.50,mac,707254bd1029
260.0,47893,com.apple.WebKit.Networking,10288,1.37,mac,707254bd1029
260.0,47894,com.apple.WebKit.WebContent,75840,9.58,mac,707254bd1029
260.0,47896,com.apple.WebKit.WebContent,85104,9.39,mac,707254bd1029
260.0,47898,asr-worker,686864,4.24,mac,707254bd1029
260.0,47903,llama-server,2096720,91.93,mac,707254bd1029
270.0,47879,meeting-translator,120432,28.04,mac,707254bd1029
270.0,47892,com.apple.WebKit.GPU,48496,6.73,mac,707254bd1029
270.0,47893,com.apple.WebKit.Networking,10288,1.41,mac,707254bd1029
270.0,47894,com.apple.WebKit.WebContent,79472,9.86,mac,707254bd1029
270.0,47896,com.apple.WebKit.WebContent,81504,9.73,mac,707254bd1029
270.0,47898,asr-worker,686896,4.35,mac,707254bd1029
270.0,47903,llama-server,2092224,95.17,mac,707254bd1029
280.0,47879,meeting-translator,120864,28.90,mac,707254bd1029
280.0,47892,com.apple.WebKit.GPU,47856,6.92,mac,707254bd1029
280.0,47893,com.apple.WebKit.Networking,10336,1.46,mac,707254bd1029
280.0,47894,com.apple.WebKit.WebContent,81824,10.15,mac,707254bd1029
280.0,47896,com.apple.WebKit.WebContent,87056,10.01,mac,707254bd1029
280.0,47898,asr-worker,689552,4.43,mac,707254bd1029
280.0,47903,llama-server,2101120,97.22,mac,707254bd1029
290.0,47879,meeting-translator,120400,29.76,mac,707254bd1029
290.0,47892,com.apple.WebKit.GPU,45968,7.16,mac,707254bd1029
290.0,47893,com.apple.WebKit.Networking,10320,1.50,mac,707254bd1029
290.0,47894,com.apple.WebKit.WebContent,73888,10.41,mac,707254bd1029
290.0,47896,com.apple.WebKit.WebContent,85360,10.40,mac,707254bd1029
290.0,47898,asr-worker,686608,4.60,mac,707254bd1029
290.0,47903,llama-server,2085568,100.92,mac,707254bd1029
300.0,47879,meeting-translator,116544,30.62,mac,707254bd1029
300.0,47892,com.apple.WebKit.GPU,44000,7.35,mac,707254bd1029
300.0,47893,com.apple.WebKit.Networking,10144,1.54,mac,707254bd1029
300.0,47894,com.apple.WebKit.WebContent,75952,10.72,mac,707254bd1029
300.0,47896,com.apple.WebKit.WebContent,83296,10.67,mac,707254bd1029
300.0,47898,asr-worker,684768,4.68,mac,707254bd1029
300.0,47903,llama-server,2068704,102.45,mac,707254bd1029
310.0,47879,meeting-translator,119616,31.47,mac,707254bd1029
310.0,47892,com.apple.WebKit.GPU,47184,7.57,mac,707254bd1029
310.0,47893,com.apple.WebKit.Networking,10336,1.59,mac,707254bd1029
310.0,47894,com.apple.WebKit.WebContent,77680,11.00,mac,707254bd1029
310.0,47896,com.apple.WebKit.WebContent,84992,10.98,mac,707254bd1029
310.0,47898,asr-worker,687072,4.80,mac,707254bd1029
310.0,47903,llama-server,2067808,105.93,mac,707254bd1029
320.0,47879,meeting-translator,121328,32.34,mac,707254bd1029
320.0,47892,com.apple.WebKit.GPU,49328,7.80,mac,707254bd1029
320.0,47893,com.apple.WebKit.Networking,10336,1.63,mac,707254bd1029
320.0,47894,com.apple.WebKit.WebContent,78048,11.26,mac,707254bd1029
320.0,47896,com.apple.WebKit.WebContent,86944,11.34,mac,707254bd1029
320.0,47898,asr-worker,687376,4.95,mac,707254bd1029
320.0,47903,llama-server,2077776,108.79,mac,707254bd1029
330.0,47879,meeting-translator,120592,33.20,mac,707254bd1029
330.0,47892,com.apple.WebKit.GPU,46224,8.07,mac,707254bd1029
330.0,47893,com.apple.WebKit.Networking,10304,1.67,mac,707254bd1029
330.0,47894,com.apple.WebKit.WebContent,73008,11.52,mac,707254bd1029
330.0,47896,com.apple.WebKit.WebContent,85616,11.70,mac,707254bd1029
330.0,47898,asr-worker,682640,5.13,mac,707254bd1029
330.0,47903,llama-server,2054896,112.25,mac,707254bd1029
340.0,47879,meeting-translator,120816,34.03,mac,707254bd1029
340.0,47892,com.apple.WebKit.GPU,46096,8.20,mac,707254bd1029
340.0,47893,com.apple.WebKit.Networking,10304,1.70,mac,707254bd1029
340.0,47894,com.apple.WebKit.WebContent,73232,11.74,mac,707254bd1029
340.0,47896,com.apple.WebKit.WebContent,85856,11.94,mac,707254bd1029
340.0,47898,asr-worker,678704,5.20,mac,707254bd1029
340.0,47903,llama-server,2051840,113.45,mac,707254bd1029
350.0,47879,meeting-translator,120320,34.85,mac,707254bd1029
350.0,47892,com.apple.WebKit.GPU,42992,8.32,mac,707254bd1029
350.0,47893,com.apple.WebKit.Networking,10448,1.73,mac,707254bd1029
350.0,47894,com.apple.WebKit.WebContent,71936,11.94,mac,707254bd1029
350.0,47896,com.apple.WebKit.WebContent,71872,12.14,mac,707254bd1029
350.0,47898,asr-worker,682256,5.24,mac,707254bd1029
350.0,47903,llama-server,2038512,113.95,mac,707254bd1029
360.0,47879,meeting-translator,121008,35.71,mac,707254bd1029
360.0,47892,com.apple.WebKit.GPU,44720,8.52,mac,707254bd1029
360.0,47893,com.apple.WebKit.Networking,10480,1.77,mac,707254bd1029
360.0,47894,com.apple.WebKit.WebContent,72064,12.21,mac,707254bd1029
360.0,47896,com.apple.WebKit.WebContent,79792,12.45,mac,707254bd1029
360.0,47898,asr-worker,685280,5.35,mac,707254bd1029
360.0,47903,llama-server,2049024,116.68,mac,707254bd1029
370.0,47879,meeting-translator,121616,36.60,mac,707254bd1029
370.0,47892,com.apple.WebKit.GPU,45168,8.71,mac,707254bd1029
370.0,47893,com.apple.WebKit.Networking,10480,1.81,mac,707254bd1029
370.0,47894,com.apple.WebKit.WebContent,73968,12.47,mac,707254bd1029
370.0,47896,com.apple.WebKit.WebContent,86144,12.75,mac,707254bd1029
370.0,47898,asr-worker,684992,5.47,mac,707254bd1029
370.0,47903,llama-server,2059264,119.08,mac,707254bd1029
380.0,47879,meeting-translator,121904,37.45,mac,707254bd1029
380.0,47892,com.apple.WebKit.GPU,46464,8.92,mac,707254bd1029
380.0,47893,com.apple.WebKit.Networking,10448,1.86,mac,707254bd1029
380.0,47894,com.apple.WebKit.WebContent,73376,12.74,mac,707254bd1029
380.0,47896,com.apple.WebKit.WebContent,87344,13.13,mac,707254bd1029
380.0,47898,asr-worker,687168,5.63,mac,707254bd1029
380.0,47903,llama-server,2070576,122.14,mac,707254bd1029
390.0,47879,meeting-translator,121760,38.30,mac,707254bd1029
390.0,47892,com.apple.WebKit.GPU,46352,9.11,mac,707254bd1029
390.0,47893,com.apple.WebKit.Networking,10416,1.90,mac,707254bd1029
390.0,47894,com.apple.WebKit.WebContent,73152,13.00,mac,707254bd1029
390.0,47896,com.apple.WebKit.WebContent,86320,13.48,mac,707254bd1029
390.0,47898,asr-worker,687152,5.76,mac,707254bd1029
390.0,47903,llama-server,2074304,124.86,mac,707254bd1029
400.0,47879,meeting-translator,121232,39.14,mac,707254bd1029
400.0,47892,com.apple.WebKit.GPU,46592,9.32,mac,707254bd1029
400.0,47893,com.apple.WebKit.Networking,10416,1.94,mac,707254bd1029
400.0,47894,com.apple.WebKit.WebContent,73216,13.26,mac,707254bd1029
400.0,47896,com.apple.WebKit.WebContent,87536,13.87,mac,707254bd1029
400.0,47898,asr-worker,687024,5.91,mac,707254bd1029
400.0,47903,llama-server,2088592,127.86,mac,707254bd1029
410.0,47879,meeting-translator,120896,39.99,mac,707254bd1029
410.0,47892,com.apple.WebKit.GPU,47344,9.53,mac,707254bd1029
410.0,47893,com.apple.WebKit.Networking,10400,1.98,mac,707254bd1029
410.0,47894,com.apple.WebKit.WebContent,72112,13.52,mac,707254bd1029
410.0,47896,com.apple.WebKit.WebContent,91872,14.22,mac,707254bd1029
410.0,47898,asr-worker,687008,6.02,mac,707254bd1029
410.0,47903,llama-server,2092928,130.26,mac,707254bd1029
420.0,47879,meeting-translator,120704,40.83,mac,707254bd1029
420.0,47892,com.apple.WebKit.GPU,48640,9.73,mac,707254bd1029
420.0,47893,com.apple.WebKit.Networking,10432,2.03,mac,707254bd1029
420.0,47894,com.apple.WebKit.WebContent,71840,13.78,mac,707254bd1029
420.0,47896,com.apple.WebKit.WebContent,89360,14.59,mac,707254bd1029
420.0,47898,asr-worker,685104,6.15,mac,707254bd1029
420.0,47903,llama-server,2087424,132.87,mac,707254bd1029
430.0,47879,meeting-translator,121824,41.72,mac,707254bd1029
430.0,47892,com.apple.WebKit.GPU,49792,9.97,mac,707254bd1029
430.0,47893,com.apple.WebKit.Networking,10432,2.07,mac,707254bd1029
430.0,47894,com.apple.WebKit.WebContent,73296,14.05,mac,707254bd1029
430.0,47896,com.apple.WebKit.WebContent,90864,14.98,mac,707254bd1029
430.0,47898,asr-worker,686992,6.33,mac,707254bd1029
430.0,47903,llama-server,2100896,136.45,mac,707254bd1029
440.0,47879,meeting-translator,122384,42.59,mac,707254bd1029
440.0,47892,com.apple.WebKit.GPU,50128,10.18,mac,707254bd1029
440.0,47893,com.apple.WebKit.Networking,12448,2.14,mac,707254bd1029
440.0,47894,com.apple.WebKit.WebContent,99728,14.40,mac,707254bd1029
440.0,47896,com.apple.WebKit.WebContent,89376,15.32,mac,707254bd1029
440.0,47898,asr-worker,686672,6.41,mac,707254bd1029
440.0,47903,llama-server,2097168,138.14,mac,707254bd1029
450.0,47879,meeting-translator,123104,43.55,mac,707254bd1029
450.0,47892,com.apple.WebKit.GPU,50208,10.46,mac,707254bd1029
450.0,47893,com.apple.WebKit.Networking,13776,2.34,mac,707254bd1029
450.0,47894,com.apple.WebKit.WebContent,102048,14.86,mac,707254bd1029
450.0,47896,com.apple.WebKit.WebContent,89600,15.68,mac,707254bd1029
450.0,47898,asr-worker,687552,6.52,mac,707254bd1029
450.0,47903,llama-server,2104032,141.01,mac,707254bd1029
460.0,47879,meeting-translator,122944,44.53,mac,707254bd1029
460.0,47892,com.apple.WebKit.GPU,50160,10.75,mac,707254bd1029
460.0,47893,com.apple.WebKit.Networking,14016,2.56,mac,707254bd1029
460.0,47894,com.apple.WebKit.WebContent,100880,15.26,mac,707254bd1029
460.0,47896,com.apple.WebKit.WebContent,89552,16.08,mac,707254bd1029
460.0,47898,asr-worker,685088,6.65,mac,707254bd1029
460.0,47903,llama-server,2105952,144.22,mac,707254bd1029
470.0,47879,meeting-translator,121904,45.49,mac,707254bd1029
470.0,47892,com.apple.WebKit.GPU,49568,11.02,mac,707254bd1029
470.0,47893,com.apple.WebKit.Networking,14016,2.78,mac,707254bd1029
470.0,47894,com.apple.WebKit.WebContent,98784,15.63,mac,707254bd1029
470.0,47896,com.apple.WebKit.WebContent,89120,16.47,mac,707254bd1029
470.0,47898,asr-worker,685392,6.78,mac,707254bd1029
470.0,47903,llama-server,2104736,147.18,mac,707254bd1029
480.0,47879,meeting-translator,120912,46.45,mac,707254bd1029
480.0,47892,com.apple.WebKit.GPU,50416,11.34,mac,707254bd1029
480.0,47893,com.apple.WebKit.Networking,13856,3.01,mac,707254bd1029
480.0,47894,com.apple.WebKit.WebContent,90176,16.04,mac,707254bd1029
480.0,47896,com.apple.WebKit.WebContent,87888,16.95,mac,707254bd1029
480.0,47898,asr-worker,683008,6.94,mac,707254bd1029
480.0,47903,llama-server,2102864,151.76,mac,707254bd1029
490.0,47879,meeting-translator,120832,47.45,mac,707254bd1029
490.0,47892,com.apple.WebKit.GPU,50736,11.63,mac,707254bd1029
490.0,47893,com.apple.WebKit.Networking,14048,3.23,mac,707254bd1029
490.0,47894,com.apple.WebKit.WebContent,92688,16.43,mac,707254bd1029
490.0,47896,com.apple.WebKit.WebContent,88624,17.34,mac,707254bd1029
490.0,47898,asr-worker,682976,7.03,mac,707254bd1029
490.0,47903,llama-server,2098240,154.72,mac,707254bd1029
500.0,47879,meeting-translator,121504,48.41,mac,707254bd1029
500.0,47892,com.apple.WebKit.GPU,50480,11.92,mac,707254bd1029
500.0,47893,com.apple.WebKit.Networking,14064,3.43,mac,707254bd1029
500.0,47894,com.apple.WebKit.WebContent,95072,16.88,mac,707254bd1029
500.0,47896,com.apple.WebKit.WebContent,88176,17.71,mac,707254bd1029
500.0,47898,asr-worker,683344,7.18,mac,707254bd1029
500.0,47903,llama-server,2107328,157.89,mac,707254bd1029
510.0,47879,meeting-translator,121456,49.38,mac,707254bd1029
510.0,47892,com.apple.WebKit.GPU,48400,12.20,mac,707254bd1029
510.0,47893,com.apple.WebKit.Networking,14016,3.65,mac,707254bd1029
510.0,47894,com.apple.WebKit.WebContent,94592,17.27,mac,707254bd1029
510.0,47896,com.apple.WebKit.WebContent,88608,18.08,mac,707254bd1029
510.0,47898,asr-worker,683328,7.29,mac,707254bd1029
510.0,47903,llama-server,2116448,161.11,mac,707254bd1029
520.0,47879,meeting-translator,122096,50.33,mac,707254bd1029
520.0,47892,com.apple.WebKit.GPU,48656,12.52,mac,707254bd1029
520.0,47893,com.apple.WebKit.Networking,14144,3.87,mac,707254bd1029
520.0,47894,com.apple.WebKit.WebContent,94096,17.64,mac,707254bd1029
520.0,47896,com.apple.WebKit.WebContent,90784,18.51,mac,707254bd1029
520.0,47898,asr-worker,683312,7.46,mac,707254bd1029
520.0,47903,llama-server,2121696,165.40,mac,707254bd1029
530.0,47879,meeting-translator,121520,51.31,mac,707254bd1029
530.0,47892,com.apple.WebKit.GPU,48160,12.78,mac,707254bd1029
530.0,47893,com.apple.WebKit.Networking,14080,4.07,mac,707254bd1029
530.0,47894,com.apple.WebKit.WebContent,91856,18.00,mac,707254bd1029
530.0,47896,com.apple.WebKit.WebContent,90688,18.86,mac,707254bd1029
530.0,47898,asr-worker,683584,7.56,mac,707254bd1029
530.0,47903,llama-server,2113776,167.68,mac,707254bd1029
540.0,47879,meeting-translator,120816,52.28,mac,707254bd1029
540.0,47892,com.apple.WebKit.GPU,48048,13.06,mac,707254bd1029
540.0,47893,com.apple.WebKit.Networking,14000,4.28,mac,707254bd1029
540.0,47894,com.apple.WebKit.WebContent,100448,18.42,mac,707254bd1029
540.0,47896,com.apple.WebKit.WebContent,87360,19.23,mac,707254bd1029
540.0,47898,asr-worker,681808,7.69,mac,707254bd1029
540.0,47903,llama-server,2094832,170.36,mac,707254bd1029
550.0,47879,meeting-translator,121504,53.27,mac,707254bd1029
550.0,47892,com.apple.WebKit.GPU,47552,13.37,mac,707254bd1029
550.0,47893,com.apple.WebKit.Networking,13888,4.50,mac,707254bd1029
550.0,47894,com.apple.WebKit.WebContent,86896,18.90,mac,707254bd1029
550.0,47896,com.apple.WebKit.WebContent,88896,19.65,mac,707254bd1029
550.0,47898,asr-worker,681776,7.83,mac,707254bd1029
550.0,47903,llama-server,2108160,174.10,mac,707254bd1029
560.0,47879,meeting-translator,121648,54.25,mac,707254bd1029
560.0,47892,com.apple.WebKit.GPU,47408,13.67,mac,707254bd1029
560.0,47893,com.apple.WebKit.Networking,13904,4.73,mac,707254bd1029
560.0,47894,com.apple.WebKit.WebContent,73184,19.27,mac,707254bd1029
560.0,47896,com.apple.WebKit.WebContent,88800,20.05,mac,707254bd1029
560.0,47898,asr-worker,683232,7.99,mac,707254bd1029
560.0,47903,llama-server,2119824,178.17,mac,707254bd1029
570.0,47879,meeting-translator,121760,55.22,mac,707254bd1029
570.0,47892,com.apple.WebKit.GPU,47488,13.95,mac,707254bd1029
570.0,47893,com.apple.WebKit.Networking,13920,4.93,mac,707254bd1029
570.0,47894,com.apple.WebKit.WebContent,73248,19.63,mac,707254bd1029
570.0,47896,com.apple.WebKit.WebContent,88912,20.46,mac,707254bd1029
570.0,47898,asr-worker,685360,8.12,mac,707254bd1029
570.0,47903,llama-server,2127984,180.42,mac,707254bd1029
580.0,47879,meeting-translator,121744,56.20,mac,707254bd1029
580.0,47892,com.apple.WebKit.GPU,47488,14.24,mac,707254bd1029
580.0,47893,com.apple.WebKit.Networking,13776,5.13,mac,707254bd1029
580.0,47894,com.apple.WebKit.WebContent,72624,19.99,mac,707254bd1029
580.0,47896,com.apple.WebKit.WebContent,87520,20.86,mac,707254bd1029
580.0,47898,asr-worker,685408,8.24,mac,707254bd1029
580.0,47903,llama-server,2126880,183.33,mac,707254bd1029
590.0,47879,meeting-translator,120832,57.17,mac,707254bd1029
590.0,47892,com.apple.WebKit.GPU,47472,14.54,mac,707254bd1029
590.0,47893,com.apple.WebKit.Networking,13744,5.36,mac,707254bd1029
590.0,47894,com.apple.WebKit.WebContent,69024,20.36,mac,707254bd1029
590.0,47896,com.apple.WebKit.WebContent,88064,21.27,mac,707254bd1029
590.0,47898,asr-worker,685296,8.37,mac,707254bd1029
590.0,47903,llama-server,2108576,186.70,mac,707254bd1029
600.0,47879,meeting-translator,119952,58.11,mac,707254bd1029
600.0,47892,com.apple.WebKit.GPU,47216,14.83,mac,707254bd1029
600.0,47893,com.apple.WebKit.Networking,13632,5.57,mac,707254bd1029
600.0,47894,com.apple.WebKit.WebContent,68784,20.72,mac,707254bd1029
600.0,47896,com.apple.WebKit.WebContent,75728,21.69,mac,707254bd1029
600.0,47898,asr-worker,685184,8.49,mac,707254bd1029
600.0,47903,llama-server,2085200,189.58,mac,707254bd1029
610.0,47879,meeting-translator,121552,59.12,mac,707254bd1029
610.0,47892,com.apple.WebKit.GPU,46768,15.12,mac,707254bd1029
610.0,47893,com.apple.WebKit.Networking,13680,5.77,mac,707254bd1029
610.0,47894,com.apple.WebKit.WebContent,69936,21.09,mac,707254bd1029
610.0,47896,com.apple.WebKit.WebContent,83824,22.05,mac,707254bd1029
610.0,47898,asr-worker,685024,8.60,mac,707254bd1029
610.0,47903,llama-server,2086336,191.94,mac,707254bd1029
620.0,47879,meeting-translator,121728,60.08,mac,707254bd1029
620.0,47892,com.apple.WebKit.GPU,49584,15.40,mac,707254bd1029
620.0,47893,com.apple.WebKit.Networking,13744,6.00,mac,707254bd1029
620.0,47894,com.apple.WebKit.WebContent,71664,21.48,mac,707254bd1029
620.0,47896,com.apple.WebKit.WebContent,92032,22.50,mac,707254bd1029
620.0,47898,asr-worker,687520,8.70,mac,707254bd1029
620.0,47903,llama-server,2093808,196.59,mac,707254bd1029
630.0,47879,meeting-translator,121296,61.04,mac,707254bd1029
630.0,47892,com.apple.WebKit.GPU,46240,15.70,mac,707254bd1029
630.0,47893,com.apple.WebKit.Networking,13952,6.24,mac,707254bd1029
630.0,47894,com.apple.WebKit.WebContent,69232,21.85,mac,707254bd1029
630.0,47896,com.apple.WebKit.WebContent,94176,22.94,mac,707254bd1029
630.0,47898,asr-worker,689488,8.85,mac,707254bd1029
630.0,47903,llama-server,2086048,201.34,mac,707254bd1029
640.0,47879,meeting-translator,120656,62.01,mac,707254bd1029
640.0,47892,com.apple.WebKit.GPU,49616,15.99,mac,707254bd1029
640.0,47893,com.apple.WebKit.Networking,13888,6.45,mac,707254bd1029
640.0,47894,com.apple.WebKit.WebContent,70944,22.22,mac,707254bd1029
640.0,47896,com.apple.WebKit.WebContent,94176,23.34,mac,707254bd1029
640.0,47898,asr-worker,690048,8.95,mac,707254bd1029
640.0,47903,llama-server,2087568,204.23,mac,707254bd1029
650.0,47879,meeting-translator,120752,62.98,mac,707254bd1029
650.0,47892,com.apple.WebKit.GPU,49536,16.26,mac,707254bd1029
650.0,47893,com.apple.WebKit.Networking,13872,6.65,mac,707254bd1029
650.0,47894,com.apple.WebKit.WebContent,70576,22.56,mac,707254bd1029
650.0,47896,com.apple.WebKit.WebContent,94272,23.70,mac,707254bd1029
650.0,47898,asr-worker,686016,9.04,mac,707254bd1029
650.0,47903,llama-server,2102832,206.14,mac,707254bd1029
660.0,47879,meeting-translator,117984,63.94,mac,707254bd1029
660.0,47892,com.apple.WebKit.GPU,43904,16.56,mac,707254bd1029
660.0,47893,com.apple.WebKit.Networking,13872,6.87,mac,707254bd1029
660.0,47894,com.apple.WebKit.WebContent,67264,22.92,mac,707254bd1029
660.0,47896,com.apple.WebKit.WebContent,86128,24.13,mac,707254bd1029
660.0,47898,asr-worker,688496,9.19,mac,707254bd1029
660.0,47903,llama-server,2078176,210.12,mac,707254bd1029
670.0,47879,meeting-translator,121584,64.92,mac,707254bd1029
670.0,47892,com.apple.WebKit.GPU,47760,16.85,mac,707254bd1029
670.0,47893,com.apple.WebKit.Networking,13952,7.10,mac,707254bd1029
670.0,47894,com.apple.WebKit.WebContent,71024,23.32,mac,707254bd1029
670.0,47896,com.apple.WebKit.WebContent,89216,24.54,mac,707254bd1029
670.0,47898,asr-worker,686816,9.27,mac,707254bd1029
670.0,47903,llama-server,2077360,213.90,mac,707254bd1029
680.0,47879,meeting-translator,121280,65.89,mac,707254bd1029
680.0,47892,com.apple.WebKit.GPU,47328,17.12,mac,707254bd1029
680.0,47893,com.apple.WebKit.Networking,13808,7.30,mac,707254bd1029
680.0,47894,com.apple.WebKit.WebContent,70032,23.69,mac,707254bd1029
680.0,47896,com.apple.WebKit.WebContent,83520,24.92,mac,707254bd1029
680.0,47898,asr-worker,686576,9.39,mac,707254bd1029
680.0,47903,llama-server,2098256,216.33,mac,707254bd1029
690.0,47879,meeting-translator,116048,66.84,mac,707254bd1029
690.0,47892,com.apple.WebKit.GPU,47216,17.43,mac,707254bd1029
690.0,47893,com.apple.WebKit.Networking,13568,7.52,mac,707254bd1029
690.0,47894,com.apple.WebKit.WebContent,66896,24.07,mac,707254bd1029
690.0,47896,com.apple.WebKit.WebContent,88608,25.34,mac,707254bd1029
690.0,47898,asr-worker,681408,9.52,mac,707254bd1029
690.0,47903,llama-server,2077472,219.81,mac,707254bd1029
700.0,47879,meeting-translator,114624,67.78,mac,707254bd1029
700.0,47892,com.apple.WebKit.GPU,44560,17.74,mac,707254bd1029
700.0,47893,com.apple.WebKit.Networking,13584,7.75,mac,707254bd1029
700.0,47894,com.apple.WebKit.WebContent,63840,24.44,mac,707254bd1029
700.0,47896,com.apple.WebKit.WebContent,75856,25.84,mac,707254bd1029
700.0,47898,asr-worker,679504,9.67,mac,707254bd1029
700.0,47903,llama-server,2073104,224.26,mac,707254bd1029
710.0,47879,meeting-translator,120000,68.74,mac,707254bd1029
710.0,47892,com.apple.WebKit.GPU,48432,17.99,mac,707254bd1029
710.0,47893,com.apple.WebKit.Networking,13936,7.96,mac,707254bd1029
710.0,47894,com.apple.WebKit.WebContent,65680,24.80,mac,707254bd1029
710.0,47896,com.apple.WebKit.WebContent,98192,26.24,mac,707254bd1029
710.0,47898,asr-worker,684048,9.73,mac,707254bd1029
710.0,47903,llama-server,2079264,226.32,mac,707254bd1029
720.0,47879,meeting-translator,120560,69.70,mac,707254bd1029
720.0,47892,com.apple.WebKit.GPU,45312,18.36,mac,707254bd1029
720.0,47893,com.apple.WebKit.Networking,14048,8.22,mac,707254bd1029
720.0,47894,com.apple.WebKit.WebContent,65280,25.18,mac,707254bd1029
720.0,47896,com.apple.WebKit.WebContent,92608,26.77,mac,707254bd1029
720.0,47898,asr-worker,683408,9.86,mac,707254bd1029
720.0,47903,llama-server,2090624,231.90,mac,707254bd1029
730.0,47879,meeting-translator,121968,70.67,mac,707254bd1029
730.0,47892,com.apple.WebKit.GPU,48384,18.66,mac,707254bd1029
730.0,47893,com.apple.WebKit.Networking,14032,8.43,mac,707254bd1029
730.0,47894,com.apple.WebKit.WebContent,70576,25.56,mac,707254bd1029
730.0,47896,com.apple.WebKit.WebContent,93872,27.19,mac,707254bd1029
730.0,47898,asr-worker,685328,10.00,mac,707254bd1029
730.0,47903,llama-server,2102992,234.82,mac,707254bd1029
740.0,47879,meeting-translator,122496,71.65,mac,707254bd1029
740.0,47892,com.apple.WebKit.GPU,46496,18.81,mac,707254bd1029
740.0,47893,com.apple.WebKit.Networking,13824,8.59,mac,707254bd1029
740.0,47894,com.apple.WebKit.WebContent,71008,25.86,mac,707254bd1029
740.0,47896,com.apple.WebKit.WebContent,88336,27.40,mac,707254bd1029
740.0,47898,asr-worker,681248,10.01,mac,707254bd1029
740.0,47903,llama-server,2098448,235.01,mac,707254bd1029
750.0,47879,meeting-translator,117424,72.58,mac,707254bd1029
750.0,47892,com.apple.WebKit.GPU,36032,19.01,mac,707254bd1029
750.0,47893,com.apple.WebKit.Networking,12848,8.76,mac,707254bd1029
750.0,47894,com.apple.WebKit.WebContent,68448,26.18,mac,707254bd1029
750.0,47896,com.apple.WebKit.WebContent,81088,27.65,mac,707254bd1029
750.0,47898,asr-worker,678992,10.01,mac,707254bd1029
750.0,47903,llama-server,2063264,235.04,mac,707254bd1029
760.0,47879,meeting-translator,122000,73.55,mac,707254bd1029
760.0,47892,com.apple.WebKit.GPU,49408,19.28,mac,707254bd1029
760.0,47893,com.apple.WebKit.Networking,13680,8.95,mac,707254bd1029
760.0,47894,com.apple.WebKit.WebContent,69360,26.52,mac,707254bd1029
760.0,47896,com.apple.WebKit.WebContent,81760,28.03,mac,707254bd1029
760.0,47898,asr-worker,685200,10.12,mac,707254bd1029
760.0,47903,llama-server,2062368,236.79,mac,707254bd1029
770.0,47879,meeting-translator,125552,74.52,mac,707254bd1029
770.0,47892,com.apple.WebKit.GPU,47744,19.59,mac,707254bd1029
770.0,47893,com.apple.WebKit.Networking,13920,9.16,mac,707254bd1029
770.0,47894,com.apple.WebKit.WebContent,69472,26.88,mac,707254bd1029
770.0,47896,com.apple.WebKit.WebContent,89200,28.47,mac,707254bd1029
770.0,47898,asr-worker,687808,10.32,mac,707254bd1029
770.0,47903,llama-server,2069408,240.23,mac,707254bd1029
780.0,47879,meeting-translator,122928,75.49,mac,707254bd1029
780.0,47892,com.apple.WebKit.GPU,47216,19.89,mac,707254bd1029
780.0,47893,com.apple.WebKit.Networking,13728,9.40,mac,707254bd1029
780.0,47894,com.apple.WebKit.WebContent,67520,27.27,mac,707254bd1029
780.0,47896,com.apple.WebKit.WebContent,85040,28.93,mac,707254bd1029
780.0,47898,asr-worker,686032,10.44,mac,707254bd1029
780.0,47903,llama-server,2063040,245.08,mac,707254bd1029
790.0,47879,meeting-translator,124800,76.47,mac,707254bd1029
790.0,47892,com.apple.WebKit.GPU,47664,20.18,mac,707254bd1029
790.0,47893,com.apple.WebKit.Networking,13776,9.61,mac,707254bd1029
790.0,47894,com.apple.WebKit.WebContent,71600,27.65,mac,707254bd1029
790.0,47896,com.apple.WebKit.WebContent,86512,29.37,mac,707254bd1029
790.0,47898,asr-worker,688800,10.57,mac,707254bd1029
790.0,47903,llama-server,2078032,248.20,mac,707254bd1029
800.0,47879,meeting-translator,121376,77.44,mac,707254bd1029
800.0,47892,com.apple.WebKit.GPU,45792,20.48,mac,707254bd1029
800.0,47893,com.apple.WebKit.Networking,13760,9.83,mac,707254bd1029
800.0,47894,com.apple.WebKit.WebContent,69120,28.02,mac,707254bd1029
800.0,47896,com.apple.WebKit.WebContent,86704,29.81,mac,707254bd1029
800.0,47898,asr-worker,688768,10.71,mac,707254bd1029
800.0,47903,llama-server,2094208,251.42,mac,707254bd1029
810.0,47879,meeting-translator,118080,78.41,mac,707254bd1029
810.0,47892,com.apple.WebKit.GPU,48384,20.76,mac,707254bd1029
810.0,47893,com.apple.WebKit.Networking,13776,10.04,mac,707254bd1029
810.0,47894,com.apple.WebKit.WebContent,73936,28.41,mac,707254bd1029
810.0,47896,com.apple.WebKit.WebContent,85440,30.22,mac,707254bd1029
810.0,47898,asr-worker,686048,10.80,mac,707254bd1029
810.0,47903,llama-server,2092896,253.90,mac,707254bd1029
820.0,47879,meeting-translator,118112,79.37,mac,707254bd1029
820.0,47892,com.apple.WebKit.GPU,45648,21.07,mac,707254bd1029
820.0,47893,com.apple.WebKit.Networking,13776,10.26,mac,707254bd1029
820.0,47894,com.apple.WebKit.WebContent,75072,28.83,mac,707254bd1029
820.0,47896,com.apple.WebKit.WebContent,87152,30.74,mac,707254bd1029
820.0,47898,asr-worker,686960,11.00,mac,707254bd1029
820.0,47903,llama-server,2104176,258.42,mac,707254bd1029
830.0,47879,meeting-translator,119616,80.36,mac,707254bd1029
830.0,47892,com.apple.WebKit.GPU,45728,21.37,mac,707254bd1029
830.0,47893,com.apple.WebKit.Networking,13568,10.47,mac,707254bd1029
830.0,47894,com.apple.WebKit.WebContent,69984,29.19,mac,707254bd1029
830.0,47896,com.apple.WebKit.WebContent,87296,31.19,mac,707254bd1029
830.0,47898,asr-worker,687024,11.11,mac,707254bd1029
830.0,47903,llama-server,2102256,261.47,mac,707254bd1029
840.0,47879,meeting-translator,120592,81.34,mac,707254bd1029
840.0,47892,com.apple.WebKit.GPU,47696,21.67,mac,707254bd1029
840.0,47893,com.apple.WebKit.Networking,13744,10.70,mac,707254bd1029
840.0,47894,com.apple.WebKit.WebContent,64848,29.55,mac,707254bd1029
840.0,47896,com.apple.WebKit.WebContent,88768,31.64,mac,707254bd1029
840.0,47898,asr-worker,685344,11.25,mac,707254bd1029
840.0,47903,llama-server,2075856,264.83,mac,707254bd1029
850.0,47879,meeting-translator,121456,82.34,mac,707254bd1029
850.0,47892,com.apple.WebKit.GPU,48688,21.96,mac,707254bd1029
850.0,47893,com.apple.WebKit.Networking,13776,10.93,mac,707254bd1029
850.0,47894,com.apple.WebKit.WebContent,67504,29.93,mac,707254bd1029
850.0,47896,com.apple.WebKit.WebContent,89008,32.08,mac,707254bd1029
850.0,47898,asr-worker,685232,11.38,mac,707254bd1029
850.0,47903,llama-server,2083184,268.59,mac,707254bd1029
860.0,47879,meeting-translator,111152,83.29,mac,707254bd1029
860.0,47892,com.apple.WebKit.GPU,41792,22.25,mac,707254bd1029
860.0,47893,com.apple.WebKit.Networking,12848,11.14,mac,707254bd1029
860.0,47894,com.apple.WebKit.WebContent,68128,30.30,mac,707254bd1029
860.0,47896,com.apple.WebKit.WebContent,72496,32.54,mac,707254bd1029
860.0,47898,asr-worker,675472,11.53,mac,707254bd1029
860.0,47903,llama-server,2069440,272.11,mac,707254bd1029
870.0,47879,meeting-translator,113712,84.25,mac,707254bd1029
870.0,47892,com.apple.WebKit.GPU,45456,22.55,mac,707254bd1029
870.0,47893,com.apple.WebKit.Networking,13840,11.37,mac,707254bd1029
870.0,47894,com.apple.WebKit.WebContent,66800,30.66,mac,707254bd1029
870.0,47896,com.apple.WebKit.WebContent,87088,33.03,mac,707254bd1029
870.0,47898,asr-worker,686176,11.68,mac,707254bd1029
870.0,47903,llama-server,2054400,275.86,mac,707254bd1029
880.0,47879,meeting-translator,117696,85.22,mac,707254bd1029
880.0,47892,com.apple.WebKit.GPU,47200,22.84,mac,707254bd1029
880.0,47893,com.apple.WebKit.Networking,13584,11.59,mac,707254bd1029
880.0,47894,com.apple.WebKit.WebContent,64576,31.02,mac,707254bd1029
880.0,47896,com.apple.WebKit.WebContent,88976,33.51,mac,707254bd1029
880.0,47898,asr-worker,686048,11.82,mac,707254bd1029
880.0,47903,llama-server,2069280,279.14,mac,707254bd1029
890.0,47879,meeting-translator,120576,86.19,mac,707254bd1029
890.0,47892,com.apple.WebKit.GPU,41664,23.12,mac,707254bd1029
890.0,47893,com.apple.WebKit.Networking,13808,11.80,mac,707254bd1029
890.0,47894,com.apple.WebKit.WebContent,63488,31.37,mac,707254bd1029
890.0,47896,com.apple.WebKit.WebContent,83456,33.94,mac,707254bd1029
890.0,47898,asr-worker,688912,11.96,mac,707254bd1029
890.0,47903,llama-server,2070816,282.10,mac,707254bd1029
900.0,47879,meeting-translator,120640,87.16,mac,707254bd1029
900.0,47892,com.apple.WebKit.GPU,43664,23.41,mac,707254bd1029
900.0,47893,com.apple.WebKit.Networking,13760,12.03,mac,707254bd1029
900.0,47894,com.apple.WebKit.WebContent,68096,31.75,mac,707254bd1029
900.0,47896,com.apple.WebKit.WebContent,87984,34.42,mac,707254bd1029
900.0,47898,asr-worker,688928,12.13,mac,707254bd1029
900.0,47903,llama-server,2083936,285.79,mac,707254bd1029
910.0,47879,meeting-translator,120480,88.15,mac,707254bd1029
910.0,47892,com.apple.WebKit.GPU,44576,23.68,mac,707254bd1029
910.0,47893,com.apple.WebKit.Networking,13648,12.23,mac,707254bd1029
910.0,47894,com.apple.WebKit.WebContent,69072,32.11,mac,707254bd1029
910.0,47896,com.apple.WebKit.WebContent,83840,34.87,mac,707254bd1029
910.0,47898,asr-worker,688768,12.23,mac,707254bd1029
910.0,47903,llama-server,2085104,287.85,mac,707254bd1029
920.0,47879,meeting-translator,119968,89.11,mac,707254bd1029
920.0,47892,com.apple.WebKit.GPU,44928,23.97,mac,707254bd1029
920.0,47893,com.apple.WebKit.Networking,13632,12.45,mac,707254bd1029
920.0,47894,com.apple.WebKit.WebContent,69584,32.46,mac,707254bd1029
920.0,47896,com.apple.WebKit.WebContent,90000,35.38,mac,707254bd1029
920.0,47898,asr-worker,689024,12.38,mac,707254bd1029
920.0,47903,llama-server,2088864,291.07,mac,707254bd1029
930.0,47879,meeting-translator,117648,90.07,mac,707254bd1029
930.0,47892,com.apple.WebKit.GPU,45104,24.27,mac,707254bd1029
930.0,47893,com.apple.WebKit.Networking,13680,12.66,mac,707254bd1029
930.0,47894,com.apple.WebKit.WebContent,68032,32.81,mac,707254bd1029
930.0,47896,com.apple.WebKit.WebContent,87424,35.85,mac,707254bd1029
930.0,47898,asr-worker,686688,12.54,mac,707254bd1029
930.0,47903,llama-server,2081008,294.11,mac,707254bd1029
940.0,47879,meeting-translator,119600,91.05,mac,707254bd1029
940.0,47892,com.apple.WebKit.GPU,45648,24.54,mac,707254bd1029
940.0,47893,com.apple.WebKit.Networking,13392,12.87,mac,707254bd1029
940.0,47894,com.apple.WebKit.WebContent,68352,33.18,mac,707254bd1029
940.0,47896,com.apple.WebKit.WebContent,87008,36.30,mac,707254bd1029
940.0,47898,asr-worker,686656,12.66,mac,707254bd1029
940.0,47903,llama-server,2083616,296.98,mac,707254bd1029
950.0,47879,meeting-translator,120800,92.01,mac,707254bd1029
950.0,47892,com.apple.WebKit.GPU,43792,24.84,mac,707254bd1029
950.0,47893,com.apple.WebKit.Networking,13728,13.09,mac,707254bd1029
950.0,47894,com.apple.WebKit.WebContent,68848,33.54,mac,707254bd1029
950.0,47896,com.apple.WebKit.WebContent,86832,36.76,mac,707254bd1029
950.0,47898,asr-worker,684880,12.80,mac,707254bd1029
950.0,47903,llama-server,2091376,300.82,mac,707254bd1029
960.0,47879,meeting-translator,120560,92.95,mac,707254bd1029
960.0,47892,com.apple.WebKit.GPU,43952,25.11,mac,707254bd1029
960.0,47893,com.apple.WebKit.Networking,13840,13.29,mac,707254bd1029
960.0,47894,com.apple.WebKit.WebContent,63328,33.88,mac,707254bd1029
960.0,47896,com.apple.WebKit.WebContent,86848,37.18,mac,707254bd1029
960.0,47898,asr-worker,684848,12.92,mac,707254bd1029
960.0,47903,llama-server,2077152,303.30,mac,707254bd1029
970.0,47879,meeting-translator,117536,93.94,mac,707254bd1029
970.0,47892,com.apple.WebKit.GPU,45136,25.45,mac,707254bd1029
970.0,47893,com.apple.WebKit.Networking,13696,13.52,mac,707254bd1029
970.0,47894,com.apple.WebKit.WebContent,71936,34.30,mac,707254bd1029
970.0,47896,com.apple.WebKit.WebContent,87264,37.71,mac,707254bd1029
970.0,47898,asr-worker,680352,13.11,mac,707254bd1029
970.0,47903,llama-server,2066544,307.17,mac,707254bd1029
980.0,47879,meeting-translator,116608,94.91,mac,707254bd1029
980.0,47892,com.apple.WebKit.GPU,45936,25.74,mac,707254bd1029
980.0,47893,com.apple.WebKit.Networking,13808,13.73,mac,707254bd1029
980.0,47894,com.apple.WebKit.WebContent,72096,34.66,mac,707254bd1029
980.0,47896,com.apple.WebKit.WebContent,88960,38.22,mac,707254bd1029
980.0,47898,asr-worker,682704,13.28,mac,707254bd1029
980.0,47903,llama-server,2071584,310.85,mac,707254bd1029
990.0,47879,meeting-translator,115600,95.88,mac,707254bd1029
990.0,47892,com.apple.WebKit.GPU,46240,26.03,mac,707254bd1029
990.0,47893,com.apple.WebKit.Networking,13728,13.96,mac,707254bd1029
990.0,47894,com.apple.WebKit.WebContent,69808,35.02,mac,707254bd1029
990.0,47896,com.apple.WebKit.WebContent,84592,38.75,mac,707254bd1029
990.0,47898,asr-worker,682624,13.39,mac,707254bd1029
990.0,47903,llama-server,2063392,314.50,mac,707254bd1029
1000.0,47879,meeting-translator,117248,96.83,mac,707254bd1029
1000.0,47892,com.apple.WebKit.GPU,45984,26.29,mac,707254bd1029
1000.0,47893,com.apple.WebKit.Networking,13616,14.16,mac,707254bd1029
1000.0,47894,com.apple.WebKit.WebContent,69808,35.37,mac,707254bd1029
1000.0,47896,com.apple.WebKit.WebContent,88144,39.22,mac,707254bd1029
1000.0,47898,asr-worker,684192,13.49,mac,707254bd1029
1000.0,47903,llama-server,2061392,317.25,mac,707254bd1029
1010.0,47879,meeting-translator,119648,97.79,mac,707254bd1029
1010.0,47892,com.apple.WebKit.GPU,46496,26.60,mac,707254bd1029
1010.0,47893,com.apple.WebKit.Networking,13472,14.40,mac,707254bd1029
1010.0,47894,com.apple.WebKit.WebContent,65232,35.73,mac,707254bd1029
1010.0,47896,com.apple.WebKit.WebContent,93760,39.75,mac,707254bd1029
1010.0,47898,asr-worker,686640,13.67,mac,707254bd1029
1010.0,47903,llama-server,2071120,321.61,mac,707254bd1029
1020.0,47879,meeting-translator,119872,98.74,mac,707254bd1029
1020.0,47892,com.apple.WebKit.GPU,42784,26.87,mac,707254bd1029
1020.0,47893,com.apple.WebKit.Networking,13728,14.60,mac,707254bd1029
1020.0,47894,com.apple.WebKit.WebContent,64016,36.07,mac,707254bd1029
1020.0,47896,com.apple.WebKit.WebContent,87408,40.17,mac,707254bd1029
1020.0,47898,asr-worker,686608,13.81,mac,707254bd1029
1020.0,47903,llama-server,2061072,324.18,mac,707254bd1029
1030.0,47879,meeting-translator,120416,99.75,mac,707254bd1029
1030.0,47892,com.apple.WebKit.GPU,44400,27.19,mac,707254bd1029
1030.0,47893,com.apple.WebKit.Networking,13680,14.82,mac,707254bd1029
1030.0,47894,com.apple.WebKit.WebContent,67792,36.45,mac,707254bd1029
1030.0,47896,com.apple.WebKit.WebContent,90128,40.72,mac,707254bd1029
1030.0,47898,asr-worker,688768,14.00,mac,707254bd1029
1030.0,47903,llama-server,2077040,328.04,mac,707254bd1029
1040.0,47879,meeting-translator,120016,100.71,mac,707254bd1029
1040.0,47892,com.apple.WebKit.GPU,45392,27.49,mac,707254bd1029
1040.0,47893,com.apple.WebKit.Networking,13760,15.04,mac,707254bd1029
1040.0,47894,com.apple.WebKit.WebContent,71968,36.83,mac,707254bd1029
1040.0,47896,com.apple.WebKit.WebContent,89696,41.22,mac,707254bd1029
1040.0,47898,asr-worker,688704,14.15,mac,707254bd1029
1040.0,47903,llama-server,2079792,331.54,mac,707254bd1029
1050.0,47879,meeting-translator,117056,101.68,mac,707254bd1029
1050.0,47892,com.apple.WebKit.GPU,44848,27.79,mac,707254bd1029
1050.0,47893,com.apple.WebKit.Networking,13616,15.25,mac,707254bd1029
1050.0,47894,com.apple.WebKit.WebContent,69136,37.19,mac,707254bd1029
1050.0,47896,com.apple.WebKit.WebContent,87232,41.73,mac,707254bd1029
1050.0,47898,asr-worker,686336,14.29,mac,707254bd1029
1050.0,47903,llama-server,2067504,335.00,mac,707254bd1029
1060.0,47879,meeting-translator,117648,102.66,mac,707254bd1029
1060.0,47892,com.apple.WebKit.GPU,44688,28.06,mac,707254bd1029
1060.0,47893,com.apple.WebKit.Networking,13616,15.46,mac,707254bd1029
1060.0,47894,com.apple.WebKit.WebContent,69248,37.55,mac,707254bd1029
1060.0,47896,com.apple.WebKit.WebContent,89408,42.21,mac,707254bd1029
1060.0,47898,asr-worker,686096,14.40,mac,707254bd1029
1060.0,47903,llama-server,2071232,337.37,mac,707254bd1029
1070.0,47879,meeting-translator,119568,103.62,mac,707254bd1029
1070.0,47892,com.apple.WebKit.GPU,44192,28.35,mac,707254bd1029
1070.0,47893,com.apple.WebKit.Networking,13408,15.67,mac,707254bd1029
1070.0,47894,com.apple.WebKit.WebContent,68896,37.90,mac,707254bd1029
1070.0,47896,com.apple.WebKit.WebContent,93504,42.73,mac,707254bd1029
1070.0,47898,asr-worker,686864,14.54,mac,707254bd1029
1070.0,47903,llama-server,2078848,340.91,mac,707254bd1029
1080.0,47879,meeting-translator,117344,104.58,mac,707254bd1029
1080.0,47892,com.apple.WebKit.GPU,43760,28.62,mac,707254bd1029
1080.0,47893,com.apple.WebKit.Networking,13728,15.87,mac,707254bd1029
1080.0,47894,com.apple.WebKit.WebContent,63456,38.25,mac,707254bd1029
1080.0,47896,com.apple.WebKit.WebContent,87968,43.15,mac,707254bd1029
1080.0,47898,asr-worker,686864,14.64,mac,707254bd1029
1080.0,47903,llama-server,2060608,343.03,mac,707254bd1029
1090.0,47879,meeting-translator,120224,105.58,mac,707254bd1029
1090.0,47892,com.apple.WebKit.GPU,46160,28.91,mac,707254bd1029
1090.0,47893,com.apple.WebKit.Networking,13792,16.09,mac,707254bd1029
1090.0,47894,com.apple.WebKit.WebContent,66272,38.61,mac,707254bd1029
1090.0,47896,com.apple.WebKit.WebContent,88864,43.63,mac,707254bd1029
1090.0,47898,asr-worker,687264,14.75,mac,707254bd1029
1090.0,47903,llama-server,2071152,345.84,mac,707254bd1029
1100.0,47879,meeting-translator,121600,106.55,mac,707254bd1029
1100.0,47892,com.apple.WebKit.GPU,46992,29.19,mac,707254bd1029
1100.0,47893,com.apple.WebKit.Networking,13808,16.30,mac,707254bd1029
1100.0,47894,com.apple.WebKit.WebContent,71040,39.00,mac,707254bd1029
1100.0,47896,com.apple.WebKit.WebContent,89264,44.13,mac,707254bd1029
1100.0,47898,asr-worker,687328,14.88,mac,707254bd1029
1100.0,47903,llama-server,2085008,348.63,mac,707254bd1029
1110.0,47879,meeting-translator,121120,107.52,mac,707254bd1029
1110.0,47892,com.apple.WebKit.GPU,44976,29.45,mac,707254bd1029
1110.0,47893,com.apple.WebKit.Networking,13616,16.50,mac,707254bd1029
1110.0,47894,com.apple.WebKit.WebContent,69984,39.35,mac,707254bd1029
1110.0,47896,com.apple.WebKit.WebContent,88656,44.61,mac,707254bd1029
1110.0,47898,asr-worker,686960,14.98,mac,707254bd1029
1110.0,47903,llama-server,2078656,351.01,mac,707254bd1029
1120.0,47879,meeting-translator,120912,108.47,mac,707254bd1029
1120.0,47892,com.apple.WebKit.GPU,44320,29.72,mac,707254bd1029
1120.0,47893,com.apple.WebKit.Networking,13744,16.73,mac,707254bd1029
1120.0,47894,com.apple.WebKit.WebContent,70208,39.71,mac,707254bd1029
1120.0,47896,com.apple.WebKit.WebContent,88512,45.16,mac,707254bd1029
1120.0,47898,asr-worker,687040,15.11,mac,707254bd1029
1120.0,47903,llama-server,2089696,355.32,mac,707254bd1029
1130.0,47879,meeting-translator,123904,109.43,mac,707254bd1029
1130.0,47892,com.apple.WebKit.GPU,44704,30.03,mac,707254bd1029
1130.0,47893,com.apple.WebKit.Networking,13456,16.95,mac,707254bd1029
1130.0,47894,com.apple.WebKit.WebContent,69536,40.06,mac,707254bd1029
1130.0,47896,com.apple.WebKit.WebContent,91008,45.69,mac,707254bd1029
1130.0,47898,asr-worker,684048,15.24,mac,707254bd1029
1130.0,47903,llama-server,2092800,358.97,mac,707254bd1029
1140.0,47879,meeting-translator,120192,110.39,mac,707254bd1029
1140.0,47892,com.apple.WebKit.GPU,43776,30.32,mac,707254bd1029
1140.0,47893,com.apple.WebKit.Networking,13264,17.17,mac,707254bd1029
1140.0,47894,com.apple.WebKit.WebContent,64288,40.42,mac,707254bd1029
1140.0,47896,com.apple.WebKit.WebContent,86384,46.23,mac,707254bd1029
1140.0,47898,asr-worker,684272,15.39,mac,707254bd1029
1140.0,47903,llama-server,2071920,362.41,mac,707254bd1029
1150.0,47879,meeting-translator,119904,111.40,mac,707254bd1029
1150.0,47892,com.apple.WebKit.GPU,48464,30.62,mac,707254bd1029
1150.0,47893,com.apple.WebKit.Networking,13632,17.39,mac,707254bd1029
1150.0,47894,com.apple.WebKit.WebContent,69888,40.80,mac,707254bd1029
1150.0,47896,com.apple.WebKit.WebContent,96480,46.73,mac,707254bd1029
1150.0,47898,asr-worker,683104,15.54,mac,707254bd1029
1150.0,47903,llama-server,2083216,365.57,mac,707254bd1029
1160.0,47879,meeting-translator,120192,112.34,mac,707254bd1029
1160.0,47892,com.apple.WebKit.GPU,48416,30.89,mac,707254bd1029
1160.0,47893,com.apple.WebKit.Networking,13616,17.60,mac,707254bd1029
1160.0,47894,com.apple.WebKit.WebContent,70384,41.15,mac,707254bd1029
1160.0,47896,com.apple.WebKit.WebContent,96688,47.28,mac,707254bd1029
1160.0,47898,asr-worker,685136,15.68,mac,707254bd1029
1160.0,47903,llama-server,2083200,368.48,mac,707254bd1029
1170.0,47879,meeting-translator,120688,113.29,mac,707254bd1029
1170.0,47892,com.apple.WebKit.GPU,46560,31.18,mac,707254bd1029
1170.0,47893,com.apple.WebKit.Networking,13488,17.82,mac,707254bd1029
1170.0,47894,com.apple.WebKit.WebContent,69920,41.50,mac,707254bd1029
1170.0,47896,com.apple.WebKit.WebContent,92896,47.83,mac,707254bd1029
1170.0,47898,asr-worker,687232,15.81,mac,707254bd1029
1170.0,47903,llama-server,2080944,372.14,mac,707254bd1029
1180.0,47879,meeting-translator,117824,114.23,mac,707254bd1029
1180.0,47892,com.apple.WebKit.GPU,44416,31.42,mac,707254bd1029
1180.0,47893,com.apple.WebKit.Networking,13664,18.00,mac,707254bd1029
1180.0,47894,com.apple.WebKit.WebContent,69248,41.85,mac,707254bd1029
1180.0,47896,com.apple.WebKit.WebContent,90864,48.24,mac,707254bd1029
1180.0,47898,asr-worker,676656,15.84,mac,707254bd1029
1180.0,47903,llama-server,2062112,372.94,mac,707254bd1029
1190.0,47879,meeting-translator,118256,115.16,mac,707254bd1029
1190.0,47892,com.apple.WebKit.GPU,47056,31.70,mac,707254bd1029
1190.0,47893,com.apple.WebKit.Networking,13392,18.20,mac,707254bd1029
1190.0,47894,com.apple.WebKit.WebContent,67360,42.21,mac,707254bd1029
1190.0,47896,com.apple.WebKit.WebContent,88160,48.73,mac,707254bd1029
1190.0,47898,asr-worker,684848,15.91,mac,707254bd1029
1190.0,47903,llama-server,2055600,374.43,mac,707254bd1029
1200.0,47879,meeting-translator,118496,116.13,mac,707254bd1029
1200.0,47892,com.apple.WebKit.GPU,48128,32.00,mac,707254bd1029
1200.0,47893,com.apple.WebKit.Networking,13744,18.42,mac,707254bd1029
1200.0,47894,com.apple.WebKit.WebContent,67680,42.56,mac,707254bd1029
1200.0,47896,com.apple.WebKit.WebContent,88896,49.35,mac,707254bd1029
1200.0,47898,asr-worker,680800,16.07,mac,707254bd1029
1200.0,47903,llama-server,2061360,378.19,mac,707254bd1029
1210.0,47879,meeting-translator,120496,117.12,mac,707254bd1029
1210.0,47892,com.apple.WebKit.GPU,47520,32.30,mac,707254bd1029
1210.0,47893,com.apple.WebKit.Networking,13760,18.64,mac,707254bd1029
1210.0,47894,com.apple.WebKit.WebContent,67712,42.93,mac,707254bd1029
1210.0,47896,com.apple.WebKit.WebContent,97072,49.95,mac,707254bd1029
1210.0,47898,asr-worker,687200,16.20,mac,707254bd1029
1210.0,47903,llama-server,2062624,381.01,mac,707254bd1029
1220.0,47879,meeting-translator,119584,118.07,mac,707254bd1029
1220.0,47892,com.apple.WebKit.GPU,44944,32.59,mac,707254bd1029
1220.0,47893,com.apple.WebKit.Networking,13728,18.86,mac,707254bd1029
1220.0,47894,com.apple.WebKit.WebContent,69088,43.30,mac,707254bd1029
1220.0,47896,com.apple.WebKit.WebContent,98784,50.48,mac,707254bd1029
1220.0,47898,asr-worker,682944,16.34,mac,707254bd1029
1220.0,47903,llama-server,2054576,384.71,mac,707254bd1029
1230.0,47879,meeting-translator,115904,119.03,mac,707254bd1029
1230.0,47892,com.apple.WebKit.GPU,42528,32.74,mac,707254bd1029
1230.0,47893,com.apple.WebKit.Networking,13440,19.02,mac,707254bd1029
1230.0,47894,com.apple.WebKit.WebContent,66560,43.60,mac,707254bd1029
1230.0,47896,com.apple.WebKit.WebContent,86384,50.71,mac,707254bd1029
1230.0,47898,asr-worker,682576,16.38,mac,707254bd1029
1230.0,47903,llama-server,2052032,385.39,mac,707254bd1029
1240.0,47879,meeting-translator,117232,119.99,mac,707254bd1029
1240.0,47892,com.apple.WebKit.GPU,47472,33.02,mac,707254bd1029
1240.0,47893,com.apple.WebKit.Networking,13712,19.23,mac,707254bd1029
1240.0,47894,com.apple.WebKit.WebContent,66784,43.98,mac,707254bd1029
1240.0,47896,com.apple.WebKit.WebContent,93664,51.22,mac,707254bd1029
1240.0,47898,asr-worker,684960,16.50,mac,707254bd1029
1240.0,47903,llama-server,2054176,388.17,mac,707254bd1029
1250.0,47879,meeting-translator,116496,120.96,mac,707254bd1029
1250.0,47892,com.apple.WebKit.GPU,47248,33.28,mac,707254bd1029
1250.0,47893,com.apple.WebKit.Networking,13696,19.44,mac,707254bd1029
1250.0,47894,com.apple.WebKit.WebContent,66016,44.33,mac,707254bd1029
1250.0,47896,com.apple.WebKit.WebContent,91920,51.76,mac,707254bd1029
1250.0,47898,asr-worker,684672,16.62,mac,707254bd1029
1250.0,47903,llama-server,2067120,390.94,mac,707254bd1029
1260.0,47879,meeting-translator,118176,121.94,mac,707254bd1029
1260.0,47892,com.apple.WebKit.GPU,42608,33.57,mac,707254bd1029
1260.0,47893,com.apple.WebKit.Networking,13600,19.65,mac,707254bd1029
1260.0,47894,com.apple.WebKit.WebContent,69232,44.70,mac,707254bd1029
1260.0,47896,com.apple.WebKit.WebContent,82576,52.31,mac,707254bd1029
1260.0,47898,asr-worker,682928,16.73,mac,707254bd1029
1260.0,47903,llama-server,2070080,393.89,mac,707254bd1029
1270.0,47879,meeting-translator,118880,122.93,mac,707254bd1029
1270.0,47892,com.apple.WebKit.GPU,42736,33.85,mac,707254bd1029
1270.0,47893,com.apple.WebKit.Networking,13712,19.86,mac,707254bd1029
1270.0,47894,com.apple.WebKit.WebContent,69024,45.07,mac,707254bd1029
1270.0,47896,com.apple.WebKit.WebContent,88272,52.81,mac,707254bd1029
1270.0,47898,asr-worker,685424,16.85,mac,707254bd1029
1270.0,47903,llama-server,2063248,396.19,mac,707254bd1029
1280.0,47879,meeting-translator,118624,123.90,mac,707254bd1029
1280.0,47892,com.apple.WebKit.GPU,42592,34.11,mac,707254bd1029
1280.0,47893,com.apple.WebKit.Networking,13776,20.06,mac,707254bd1029
1280.0,47894,com.apple.WebKit.WebContent,69392,45.44,mac,707254bd1029
1280.0,47896,com.apple.WebKit.WebContent,87664,53.30,mac,707254bd1029
1280.0,47898,asr-worker,685328,16.96,mac,707254bd1029
1280.0,47903,llama-server,2069632,398.43,mac,707254bd1029
1290.0,47879,meeting-translator,117520,124.84,mac,707254bd1029
1290.0,47892,com.apple.WebKit.GPU,44064,34.40,mac,707254bd1029
1290.0,47893,com.apple.WebKit.Networking,13696,20.28,mac,707254bd1029
1290.0,47894,com.apple.WebKit.WebContent,64592,45.79,mac,707254bd1029
1290.0,47896,com.apple.WebKit.WebContent,83424,53.88,mac,707254bd1029
1290.0,47898,asr-worker,687600,17.11,mac,707254bd1029
1290.0,47903,llama-server,2059328,401.82,mac,707254bd1029
1300.0,47879,meeting-translator,118400,125.82,mac,707254bd1029
1300.0,47892,com.apple.WebKit.GPU,47696,34.72,mac,707254bd1029
1300.0,47893,com.apple.WebKit.Networking,13664,20.49,mac,707254bd1029
1300.0,47894,com.apple.WebKit.WebContent,65392,46.14,mac,707254bd1029
1300.0,47896,com.apple.WebKit.WebContent,87984,54.45,mac,707254bd1029
1300.0,47898,asr-worker,687664,17.26,mac,707254bd1029
1300.0,47903,llama-server,2064944,405.13,mac,707254bd1029
1310.0,47879,meeting-translator,118432,126.80,mac,707254bd1029
1310.0,47892,com.apple.WebKit.GPU,46880,34.99,mac,707254bd1029
1310.0,47893,com.apple.WebKit.Networking,13632,20.70,mac,707254bd1029
1310.0,47894,com.apple.WebKit.WebContent,65104,46.49,mac,707254bd1029
1310.0,47896,com.apple.WebKit.WebContent,88288,54.98,mac,707254bd1029
1310.0,47898,asr-worker,687488,17.37,mac,707254bd1029
1310.0,47903,llama-server,2068688,407.70,mac,707254bd1029
1320.0,47879,meeting-translator,116416,127.78,mac,707254bd1029
1320.0,47892,com.apple.WebKit.GPU,43824,35.31,mac,707254bd1029
1320.0,47893,com.apple.WebKit.Networking,13568,20.92,mac,707254bd1029
1320.0,47894,com.apple.WebKit.WebContent,62912,46.85,mac,707254bd1029
1320.0,47896,com.apple.WebKit.WebContent,89760,55.61,mac,707254bd1029
1320.0,47898,asr-worker,684928,17.57,mac,707254bd1029
1320.0,47903,llama-server,2071136,411.80,mac,707254bd1029
1330.0,47879,meeting-translator,119136,128.77,mac,707254bd1029
1330.0,47892,com.apple.WebKit.GPU,46368,35.60,mac,707254bd1029
1330.0,47893,com.apple.WebKit.Networking,13584,21.13,mac,707254bd1029
1330.0,47894,com.apple.WebKit.WebContent,69856,47.23,mac,707254bd1029
1330.0,47896,com.apple.WebKit.WebContent,91168,56.15,mac,707254bd1029
1330.0,47898,asr-worker,685472,17.70,mac,707254bd1029
1330.0,47903,llama-server,2077904,414.51,mac,707254bd1029
1340.0,47879,meeting-translator,119536,129.75,mac,707254bd1029
1340.0,47892,com.apple.WebKit.GPU,49280,35.88,mac,707254bd1029
1340.0,47893,com.apple.WebKit.Networking,13568,21.35,mac,707254bd1029
1340.0,47894,com.apple.WebKit.WebContent,70784,47.59,mac,707254bd1029
1340.0,47896,com.apple.WebKit.WebContent,89808,56.71,mac,707254bd1029
1340.0,47898,asr-worker,685488,17.80,mac,707254bd1029
1340.0,47903,llama-server,2075936,417.06,mac,707254bd1029
1350.0,47879,meeting-translator,119536,130.73,mac,707254bd1029
1350.0,47892,com.apple.WebKit.GPU,48192,36.16,mac,707254bd1029
1350.0,47893,com.apple.WebKit.Networking,13536,21.57,mac,707254bd1029
1350.0,47894,com.apple.WebKit.WebContent,69552,47.95,mac,707254bd1029
1350.0,47896,com.apple.WebKit.WebContent,89632,57.29,mac,707254bd1029
1350.0,47898,asr-worker,685008,17.95,mac,707254bd1029
1350.0,47903,llama-server,2092864,420.50,mac,707254bd1029
1360.0,47879,meeting-translator,119168,131.67,mac,707254bd1029
1360.0,47892,com.apple.WebKit.GPU,47392,36.44,mac,707254bd1029
1360.0,47893,com.apple.WebKit.Networking,13472,21.78,mac,707254bd1029
1360.0,47894,com.apple.WebKit.WebContent,70016,48.29,mac,707254bd1029
1360.0,47896,com.apple.WebKit.WebContent,93808,57.87,mac,707254bd1029
1360.0,47898,asr-worker,684944,18.08,mac,707254bd1029
1360.0,47903,llama-server,2098416,423.68,mac,707254bd1029
1370.0,47879,meeting-translator,119088,132.63,mac,707254bd1029
1370.0,47892,com.apple.WebKit.GPU,46448,36.73,mac,707254bd1029
1370.0,47893,com.apple.WebKit.Networking,13424,21.99,mac,707254bd1029
1370.0,47894,com.apple.WebKit.WebContent,71392,48.66,mac,707254bd1029
1370.0,47896,com.apple.WebKit.WebContent,90624,58.42,mac,707254bd1029
1370.0,47898,asr-worker,684816,18.21,mac,707254bd1029
1370.0,47903,llama-server,2078176,426.59,mac,707254bd1029
1380.0,47879,meeting-translator,116560,133.57,mac,707254bd1029
1380.0,47892,com.apple.WebKit.GPU,46672,37.01,mac,707254bd1029
1380.0,47893,com.apple.WebKit.Networking,13472,22.19,mac,707254bd1029
1380.0,47894,com.apple.WebKit.WebContent,65296,49.01,mac,707254bd1029
1380.0,47896,com.apple.WebKit.WebContent,91216,58.93,mac,707254bd1029
1380.0,47898,asr-worker,684512,18.32,mac,707254bd1029
1380.0,47903,llama-server,2070208,428.55,mac,707254bd1029
1390.0,47879,meeting-translator,120288,134.57,mac,707254bd1029
1390.0,47892,com.apple.WebKit.GPU,47536,37.28,mac,707254bd1029
1390.0,47893,com.apple.WebKit.Networking,13728,22.41,mac,707254bd1029
1390.0,47894,com.apple.WebKit.WebContent,66704,49.37,mac,707254bd1029
1390.0,47896,com.apple.WebKit.WebContent,104752,59.46,mac,707254bd1029
1390.0,47898,asr-worker,683312,18.42,mac,707254bd1029
1390.0,47903,llama-server,2076416,431.89,mac,707254bd1029
1400.0,47879,meeting-translator,115552,135.54,mac,707254bd1029
1400.0,47892,com.apple.WebKit.GPU,46528,37.58,mac,707254bd1029
1400.0,47893,com.apple.WebKit.Networking,13600,22.64,mac,707254bd1029
1400.0,47894,com.apple.WebKit.WebContent,68688,49.74,mac,707254bd1029
1400.0,47896,com.apple.WebKit.WebContent,94704,60.05,mac,707254bd1029
1400.0,47898,asr-worker,686880,18.55,mac,707254bd1029
1400.0,47903,llama-server,2074032,435.18,mac,707254bd1029
1410.0,47879,meeting-translator,117776,136.48,mac,707254bd1029
1410.0,47892,com.apple.WebKit.GPU,46304,37.89,mac,707254bd1029
1410.0,47893,com.apple.WebKit.Networking,13696,22.87,mac,707254bd1029
1410.0,47894,com.apple.WebKit.WebContent,71648,50.11,mac,707254bd1029
1410.0,47896,com.apple.WebKit.WebContent,89792,60.74,mac,707254bd1029
1410.0,47898,asr-worker,687392,18.75,mac,707254bd1029
1410.0,47903,llama-server,2075712,439.83,mac,707254bd1029
1420.0,47879,meeting-translator,117472,137.45,mac,707254bd1029
1420.0,47892,com.apple.WebKit.GPU,44432,38.18,mac,707254bd1029
1420.0,47893,com.apple.WebKit.Networking,13600,23.08,mac,707254bd1029
1420.0,47894,com.apple.WebKit.WebContent,70592,50.47,mac,707254bd1029
1420.0,47896,com.apple.WebKit.WebContent,105056,61.27,mac,707254bd1029
1420.0,47898,asr-worker,687424,18.85,mac,707254bd1029
1420.0,47903,llama-server,2081696,442.56,mac,707254bd1029
1430.0,47879,meeting-translator,117648,138.41,mac,707254bd1029
1430.0,47892,com.apple.WebKit.GPU,45936,38.48,mac,707254bd1029
1430.0,47893,com.apple.WebKit.Networking,13568,23.30,mac,707254bd1029
1430.0,47894,com.apple.WebKit.WebContent,70656,50.83,mac,707254bd1029
1430.0,47896,com.apple.WebKit.WebContent,95632,61.83,mac,707254bd1029
1430.0,47898,asr-worker,684944,18.98,mac,707254bd1029
1430.0,47903,llama-server,2077856,446.04,mac,707254bd1029
1440.0,47879,meeting-translator,116672,139.38,mac,707254bd1029
1440.0,47892,com.apple.WebKit.GPU,45712,38.77,mac,707254bd1029
1440.0,47893,com.apple.WebKit.Networking,13440,23.52,mac,707254bd1029
1440.0,47894,com.apple.WebKit.WebContent,68352,51.19,mac,707254bd1029
1440.0,47896,com.apple.WebKit.WebContent,92976,62.39,mac,707254bd1029
1440.0,47898,asr-worker,682912,19.10,mac,707254bd1029
1440.0,47903,llama-server,2067728,449.36,mac,707254bd1029
1450.0,47879,meeting-translator,119376,140.35,mac,707254bd1029
1450.0,47892,com.apple.WebKit.GPU,46352,39.10,mac,707254bd1029
1450.0,47893,com.apple.WebKit.Networking,13408,23.74,mac,707254bd1029
1450.0,47894,com.apple.WebKit.WebContent,66496,51.55,mac,707254bd1029
1450.0,47896,com.apple.WebKit.WebContent,104016,62.96,mac,707254bd1029
1450.0,47898,asr-worker,684816,19.24,mac,707254bd1029
1450.0,47903,llama-server,2079824,452.86,mac,707254bd1029
1460.0,47879,meeting-translator,118832,141.30,mac,707254bd1029
1460.0,47892,com.apple.WebKit.GPU,50624,39.40,mac,707254bd1029
1460.0,47893,com.apple.WebKit.Networking,13568,23.96,mac,707254bd1029
1460.0,47894,com.apple.WebKit.WebContent,67424,51.91,mac,707254bd1029
1460.0,47896,com.apple.WebKit.WebContent,103824,63.54,mac,707254bd1029
1460.0,47898,asr-worker,687024,19.39,mac,707254bd1029
1460.0,47903,llama-server,2076576,456.47,mac,707254bd1029
1470.0,47879,meeting-translator,117952,142.26,mac,707254bd1029
1470.0,47892,com.apple.WebKit.GPU,48336,39.71,mac,707254bd1029
1470.0,47893,com.apple.WebKit.Networking,13504,24.18,mac,707254bd1029
1470.0,47894,com.apple.WebKit.WebContent,65984,52.26,mac,707254bd1029
1470.0,47896,com.apple.WebKit.WebContent,98096,64.13,mac,707254bd1029
1470.0,47898,asr-worker,687008,19.53,mac,707254bd1029
1470.0,47903,llama-server,2068784,460.15,mac,707254bd1029
1480.0,47879,meeting-translator,116064,143.23,mac,707254bd1029
1480.0,47892,com.apple.WebKit.GPU,47152,40.01,mac,707254bd1029
1480.0,47893,com.apple.WebKit.Networking,13504,24.40,mac,707254bd1029
1480.0,47894,com.apple.WebKit.WebContent,64880,52.62,mac,707254bd1029
1480.0,47896,com.apple.WebKit.WebContent,95296,64.74,mac,707254bd1029
1480.0,47898,asr-worker,687328,19.69,mac,707254bd1029
1480.0,47903,llama-server,2083072,463.86,mac,707254bd1029
1490.0,47879,meeting-translator,117584,144.20,mac,707254bd1029
1490.0,47892,com.apple.WebKit.GPU,42944,40.27,mac,707254bd1029
1490.0,47893,com.apple.WebKit.Networking,13520,24.61,mac,707254bd1029
1490.0,47894,com.apple.WebKit.WebContent,63232,52.96,mac,707254bd1029
1490.0,47896,com.apple.WebKit.WebContent,91280,65.23,mac,707254bd1029
1490.0,47898,asr-worker,685136,19.78,mac,707254bd1029
1490.0,47903,llama-server,2073488,465.72,mac,707254bd1029
1500.0,47879,meeting-translator,117312,145.17,mac,707254bd1029
1500.0,47892,com.apple.WebKit.GPU,44192,40.55,mac,707254bd1029
1500.0,47893,com.apple.WebKit.Networking,13392,24.82,mac,707254bd1029
1500.0,47894,com.apple.WebKit.WebContent,69024,53.34,mac,707254bd1029
1500.0,47896,com.apple.WebKit.WebContent,88880,65.84,mac,707254bd1029
1500.0,47898,asr-worker,683568,19.92,mac,707254bd1029
1500.0,47903,llama-server,2066992,468.42,mac,707254bd1029
1510.0,47879,meeting-translator,120800,146.16,mac,707254bd1029
1510.0,47892,com.apple.WebKit.GPU,45664,40.82,mac,707254bd1029
1510.0,47893,com.apple.WebKit.Networking,13488,25.01,mac,707254bd1029
1510.0,47894,com.apple.WebKit.WebContent,70336,53.70,mac,707254bd1029
1510.0,47896,com.apple.WebKit.WebContent,90912,66.35,mac,707254bd1029
1510.0,47898,asr-worker,686448,20.01,mac,707254bd1029
1510.0,47903,llama-server,2070624,469.92,mac,707254bd1029
1520.0,47879,meeting-translator,119296,147.12,mac,707254bd1029
1520.0,47892,com.apple.WebKit.GPU,46608,41.11,mac,707254bd1029
1520.0,47893,com.apple.WebKit.Networking,13632,25.24,mac,707254bd1029
1520.0,47894,com.apple.WebKit.WebContent,70496,54.06,mac,707254bd1029
1520.0,47896,com.apple.WebKit.WebContent,92096,66.95,mac,707254bd1029
1520.0,47898,asr-worker,686240,20.10,mac,707254bd1029
1520.0,47903,llama-server,2074272,473.54,mac,707254bd1029
1530.0,47879,meeting-translator,116112,148.07,mac,707254bd1029
1530.0,47892,com.apple.WebKit.GPU,45200,41.38,mac,707254bd1029
1530.0,47893,com.apple.WebKit.Networking,13536,25.44,mac,707254bd1029
1530.0,47894,com.apple.WebKit.WebContent,68336,54.41,mac,707254bd1029
1530.0,47896,com.apple.WebKit.WebContent,80096,67.49,mac,707254bd1029
1530.0,47898,asr-worker,683200,20.23,mac,707254bd1029
1530.0,47903,llama-server,2031072,475.61,mac,707254bd1029
1540.0,47879,meeting-translator,114208,148.99,mac,707254bd1029
1540.0,47892,com.apple.WebKit.GPU,40976,41.65,mac,707254bd1029
1540.0,47893,com.apple.WebKit.Networking,13264,25.63,mac,707254bd1029
1540.0,47894,com.apple.WebKit.WebContent,56000,54.74,mac,707254bd1029
1540.0,47896,com.apple.WebKit.WebContent,86992,67.98,mac,707254bd1029
1540.0,47898,asr-worker,682992,20.33,mac,707254bd1029
1540.0,47903,llama-server,2020912,477.31,mac,707254bd1029
1550.0,47879,meeting-translator,117408,149.95,mac,707254bd1029
1550.0,47892,com.apple.WebKit.GPU,35184,41.82,mac,707254bd1029
1550.0,47893,com.apple.WebKit.Networking,13488,25.81,mac,707254bd1029
1550.0,47894,com.apple.WebKit.WebContent,56528,55.03,mac,707254bd1029
1550.0,47896,com.apple.WebKit.WebContent,85280,68.30,mac,707254bd1029
1550.0,47898,asr-worker,677040,20.41,mac,707254bd1029
1550.0,47903,llama-server,2013424,478.76,mac,707254bd1029
1560.0,47879,meeting-translator,117888,150.92,mac,707254bd1029
1560.0,47892,com.apple.WebKit.GPU,33824,42.02,mac,707254bd1029
1560.0,47893,com.apple.WebKit.Networking,13376,25.98,mac,707254bd1029
1560.0,47894,com.apple.WebKit.WebContent,56544,55.36,mac,707254bd1029
1560.0,47896,com.apple.WebKit.WebContent,71072,68.68,mac,707254bd1029
1560.0,47898,asr-worker,676512,20.41,mac,707254bd1029
1560.0,47903,llama-server,2008384,478.79,mac,707254bd1029
1570.0,47879,meeting-translator,119840,151.93,mac,707254bd1029
1570.0,47892,com.apple.WebKit.GPU,40720,42.26,mac,707254bd1029
1570.0,47893,com.apple.WebKit.Networking,13488,26.17,mac,707254bd1029
1570.0,47894,com.apple.WebKit.WebContent,57840,55.71,mac,707254bd1029
1570.0,47896,com.apple.WebKit.WebContent,78848,69.15,mac,707254bd1029
1570.0,47898,asr-worker,682944,20.46,mac,707254bd1029
1570.0,47903,llama-server,2009312,479.72,mac,707254bd1029
1580.0,47879,meeting-translator,116384,152.89,mac,707254bd1029
1580.0,47892,com.apple.WebKit.GPU,41856,42.55,mac,707254bd1029
1580.0,47893,com.apple.WebKit.Networking,13600,26.37,mac,707254bd1029
1580.0,47894,com.apple.WebKit.WebContent,59328,56.07,mac,707254bd1029
1580.0,47896,com.apple.WebKit.WebContent,80864,69.72,mac,707254bd1029
1580.0,47898,asr-worker,687328,20.61,mac,707254bd1029
1580.0,47903,llama-server,2018720,482.61,mac,707254bd1029
1590.0,47879,meeting-translator,111104,153.85,mac,707254bd1029
1590.0,47892,com.apple.WebKit.GPU,42624,42.83,mac,707254bd1029
1590.0,47893,com.apple.WebKit.Networking,13424,26.58,mac,707254bd1029
1590.0,47894,com.apple.WebKit.WebContent,61568,56.43,mac,707254bd1029
1590.0,47896,com.apple.WebKit.WebContent,80832,70.37,mac,707254bd1029
1590.0,47898,asr-worker,687504,20.75,mac,707254bd1029
1590.0,47903,llama-server,2024688,485.39,mac,707254bd1029
1600.0,47879,meeting-translator,114960,154.82,mac,707254bd1029
1600.0,47892,com.apple.WebKit.GPU,44112,43.12,mac,707254bd1029
1600.0,47893,com.apple.WebKit.Networking,13488,26.79,mac,707254bd1029
1600.0,47894,com.apple.WebKit.WebContent,61888,56.79,mac,707254bd1029
1600.0,47896,com.apple.WebKit.WebContent,87088,70.95,mac,707254bd1029
1600.0,47898,asr-worker,687536,20.89,mac,707254bd1029
1600.0,47903,llama-server,2034752,488.27,mac,707254bd1029
1610.0,47879,meeting-translator,118192,155.80,mac,707254bd1029
1610.0,47892,com.apple.WebKit.GPU,42384,43.39,mac,707254bd1029
1610.0,47893,com.apple.WebKit.Networking,13584,27.01,mac,707254bd1029
1610.0,47894,com.apple.WebKit.WebContent,60704,57.14,mac,707254bd1029
1610.0,47896,com.apple.WebKit.WebContent,80864,71.65,mac,707254bd1029
1610.0,47898,asr-worker,685408,21.08,mac,707254bd1029
1610.0,47903,llama-server,2035104,491.58,mac,707254bd1029
1620.0,47879,meeting-translator,118608,156.75,mac,707254bd1029
1620.0,47892,com.apple.WebKit.GPU,41216,43.67,mac,707254bd1029
1620.0,47893,com.apple.WebKit.Networking,13376,27.21,mac,707254bd1029
1620.0,47894,com.apple.WebKit.WebContent,62848,57.51,mac,707254bd1029
1620.0,47896,com.apple.WebKit.WebContent,83728,72.20,mac,707254bd1029
1620.0,47898,asr-worker,685280,21.19,mac,707254bd1029
1620.0,47903,llama-server,2026992,493.79,mac,707254bd1029
1630.0,47879,meeting-translator,117536,157.71,mac,707254bd1029
1630.0,47892,com.apple.WebKit.GPU,41216,43.92,mac,707254bd1029
1630.0,47893,com.apple.WebKit.Networking,13648,27.42,mac,707254bd1029
1630.0,47894,com.apple.WebKit.WebContent,58032,57.86,mac,707254bd1029
1630.0,47896,com.apple.WebKit.WebContent,94928,72.74,mac,707254bd1029
1630.0,47898,asr-worker,683760,21.29,mac,707254bd1029
1630.0,47903,llama-server,2032848,496.16,mac,707254bd1029
1640.0,47879,meeting-translator,113712,158.63,mac,707254bd1029
1640.0,47892,com.apple.WebKit.GPU,45888,44.22,mac,707254bd1029
1640.0,47893,com.apple.WebKit.Networking,13872,27.64,mac,707254bd1029
1640.0,47894,com.apple.WebKit.WebContent,63920,58.23,mac,707254bd1029
1640.0,47896,com.apple.WebKit.WebContent,82352,73.45,mac,707254bd1029
1640.0,47898,asr-worker,690080,21.40,mac,707254bd1029
1640.0,47903,llama-server,2036816,500.42,mac,707254bd1029
1650.0,47879,meeting-translator,111776,159.57,mac,707254bd1029
1650.0,47892,com.apple.WebKit.GPU,45360,44.52,mac,707254bd1029
1650.0,47893,com.apple.WebKit.Networking,13504,27.86,mac,707254bd1029
1650.0,47894,com.apple.WebKit.WebContent,63024,58.58,mac,707254bd1029
1650.0,47896,com.apple.WebKit.WebContent,90784,74.05,mac,707254bd1029
1650.0,47898,asr-worker,690112,21.53,mac,707254bd1029
1650.0,47903,llama-server,2035584,503.79,mac,707254bd1029
1660.0,47879,meeting-translator,116192,160.55,mac,707254bd1029
1660.0,47892,com.apple.WebKit.GPU,43776,44.78,mac,707254bd1029
1660.0,47893,com.apple.WebKit.Networking,13456,28.06,mac,707254bd1029
1660.0,47894,com.apple.WebKit.WebContent,61280,58.93,mac,707254bd1029
1660.0,47896,com.apple.WebKit.WebContent,84416,74.59,mac,707254bd1029
1660.0,47898,asr-worker,689856,21.63,mac,707254bd1029
1660.0,47903,llama-server,2039504,505.97,mac,707254bd1029
1670.0,47879,meeting-translator,119184,161.52,mac,707254bd1029
1670.0,47892,com.apple.WebKit.GPU,44928,45.06,mac,707254bd1029
1670.0,47893,com.apple.WebKit.Networking,13536,28.27,mac,707254bd1029
1670.0,47894,com.apple.WebKit.WebContent,61536,59.29,mac,707254bd1029
1670.0,47896,com.apple.WebKit.WebContent,86432,75.23,mac,707254bd1029
1670.0,47898,asr-worker,685056,21.72,mac,707254bd1029
1670.0,47903,llama-server,2043920,508.52,mac,707254bd1029
1680.0,47879,meeting-translator,117968,162.49,mac,707254bd1029
1680.0,47892,com.apple.WebKit.GPU,43072,45.34,mac,707254bd1029
1680.0,47893,com.apple.WebKit.Networking,13264,28.48,mac,707254bd1029
1680.0,47894,com.apple.WebKit.WebContent,56816,59.65,mac,707254bd1029
1680.0,47896,com.apple.WebKit.WebContent,95904,75.81,mac,707254bd1029
1680.0,47898,asr-worker,685552,21.83,mac,707254bd1029
1680.0,47903,llama-server,2029136,511.21,mac,707254bd1029
1690.0,47879,meeting-translator,119920,163.45,mac,707254bd1029
1690.0,47892,com.apple.WebKit.GPU,52208,45.72,mac,707254bd1029
1690.0,47893,com.apple.WebKit.Networking,13632,28.70,mac,707254bd1029
1690.0,47894,com.apple.WebKit.WebContent,60720,60.03,mac,707254bd1029
1690.0,47896,com.apple.WebKit.WebContent,101648,76.52,mac,707254bd1029
1690.0,47898,asr-worker,684144,21.96,mac,707254bd1029
1690.0,47903,llama-server,2047408,514.56,mac,707254bd1029
1700.0,47879,meeting-translator,120464,164.41,mac,707254bd1029
1700.0,47892,com.apple.WebKit.GPU,50352,46.01,mac,707254bd1029
1700.0,47893,com.apple.WebKit.Networking,13648,28.91,mac,707254bd1029
1700.0,47894,com.apple.WebKit.WebContent,61280,60.40,mac,707254bd1029
1700.0,47896,com.apple.WebKit.WebContent,94496,77.15,mac,707254bd1029
1700.0,47898,asr-worker,688352,22.10,mac,707254bd1029
1700.0,47903,llama-server,2055312,517.62,mac,707254bd1029
1710.0,47879,meeting-translator,120000,165.36,mac,707254bd1029
1710.0,47892,com.apple.WebKit.GPU,51424,46.29,mac,707254bd1029
1710.0,47893,com.apple.WebKit.Networking,13648,29.14,mac,707254bd1029
1710.0,47894,com.apple.WebKit.WebContent,60720,60.76,mac,707254bd1029
1710.0,47896,com.apple.WebKit.WebContent,87184,77.84,mac,707254bd1029
1710.0,47898,asr-worker,684048,22.21,mac,707254bd1029
1710.0,47903,llama-server,2061184,521.27,mac,707254bd1029
1720.0,47879,meeting-translator,115072,166.31,mac,707254bd1029
1720.0,47892,com.apple.WebKit.GPU,48176,46.54,mac,707254bd1029
1720.0,47893,com.apple.WebKit.Networking,13456,29.34,mac,707254bd1029
1720.0,47894,com.apple.WebKit.WebContent,59456,61.11,mac,707254bd1029
1720.0,47896,com.apple.WebKit.WebContent,80224,78.43,mac,707254bd1029
1720.0,47898,asr-worker,687344,22.32,mac,707254bd1029
1720.0,47903,llama-server,2041472,523.70,mac,707254bd1029
1730.0,47879,meeting-translator,118976,167.27,mac,707254bd1029
1730.0,47892,com.apple.WebKit.GPU,46704,46.82,mac,707254bd1029
1730.0,47893,com.apple.WebKit.Networking,13616,29.57,mac,707254bd1029
1730.0,47894,com.apple.WebKit.WebContent,61536,61.49,mac,707254bd1029
1730.0,47896,com.apple.WebKit.WebContent,84448,79.14,mac,707254bd1029
1730.0,47898,asr-worker,690032,22.44,mac,707254bd1029
1730.0,47903,llama-server,2034880,527.62,mac,707254bd1029
1740.0,47879,meeting-translator,118656,168.23,mac,707254bd1029
1740.0,47892,com.apple.WebKit.GPU,43712,47.11,mac,707254bd1029
1740.0,47893,com.apple.WebKit.Networking,13584,29.78,mac,707254bd1029
1740.0,47894,com.apple.WebKit.WebContent,61152,61.84,mac,707254bd1029
1740.0,47896,com.apple.WebKit.WebContent,103200,79.76,mac,707254bd1029
1740.0,47898,asr-worker,685632,22.59,mac,707254bd1029
1740.0,47903,llama-server,2033120,530.42,mac,707254bd1029
1750.0,47879,meeting-translator,118880,169.21,mac,707254bd1029
1750.0,47892,com.apple.WebKit.GPU,43280,47.41,mac,707254bd1029
1750.0,47893,com.apple.WebKit.Networking,13648,30.01,mac,707254bd1029
1750.0,47894,com.apple.WebKit.WebContent,61936,62.22,mac,707254bd1029
1750.0,47896,com.apple.WebKit.WebContent,113808,80.45,mac,707254bd1029
1750.0,47898,asr-worker,685552,22.74,mac,707254bd1029
1750.0,47903,llama-server,2036624,534.48,mac,707254bd1029
1760.0,47879,meeting-translator,118960,170.18,mac,707254bd1029
1760.0,47892,com.apple.WebKit.GPU,46000,47.69,mac,707254bd1029
1760.0,47893,com.apple.WebKit.Networking,13680,30.23,mac,707254bd1029
1760.0,47894,com.apple.WebKit.WebContent,62736,62.58,mac,707254bd1029
1760.0,47896,com.apple.WebKit.WebContent,107696,81.10,mac,707254bd1029
1760.0,47898,asr-worker,688192,22.86,mac,707254bd1029
1760.0,47903,llama-server,2036992,537.25,mac,707254bd1029
1770.0,47879,meeting-translator,117248,171.16,mac,707254bd1029
1770.0,47892,com.apple.WebKit.GPU,46240,47.96,mac,707254bd1029
1770.0,47893,com.apple.WebKit.Networking,13584,30.44,mac,707254bd1029
1770.0,47894,com.apple.WebKit.WebContent,62864,62.94,mac,707254bd1029
1770.0,47896,com.apple.WebKit.WebContent,101040,81.74,mac,707254bd1029
1770.0,47898,asr-worker,686496,22.96,mac,707254bd1029
1770.0,47903,llama-server,2055216,539.85,mac,707254bd1029
1780.0,47879,meeting-translator,119456,172.13,mac,707254bd1029
1780.0,47892,com.apple.WebKit.GPU,47232,48.25,mac,707254bd1029
1780.0,47893,com.apple.WebKit.Networking,13616,30.65,mac,707254bd1029
1780.0,47894,com.apple.WebKit.WebContent,62192,63.29,mac,707254bd1029
1780.0,47896,com.apple.WebKit.WebContent,99360,82.41,mac,707254bd1029
1780.0,47898,asr-worker,686368,23.11,mac,707254bd1029
1780.0,47903,llama-server,2055920,543.48,mac,707254bd1029
1790.0,47879,meeting-translator,119120,173.09,mac,707254bd1029
1790.0,47892,com.apple.WebKit.GPU,44448,48.51,mac,707254bd1029
1790.0,47893,com.apple.WebKit.Networking,13456,30.86,mac,707254bd1029
1790.0,47894,com.apple.WebKit.WebContent,62096,63.66,mac,707254bd1029
1790.0,47896,com.apple.WebKit.WebContent,96480,83.03,mac,707254bd1029
1790.0,47898,asr-worker,686272,23.20,mac,707254bd1029
1790.0,47903,llama-server,2051888,545.58,mac,707254bd1029
1800.0,47879,meeting-translator,118016,174.04,mac,707254bd1029
1800.0,47892,com.apple.WebKit.GPU,43520,48.83,mac,707254bd1029
1800.0,47893,com.apple.WebKit.Networking,13568,31.11,mac,707254bd1029
1800.0,47894,com.apple.WebKit.WebContent,60688,64.03,mac,707254bd1029
1800.0,47896,com.apple.WebKit.WebContent,100544,83.76,mac,707254bd1029
1800.0,47898,asr-worker,685952,23.39,mac,707254bd1029
1800.0,47903,llama-server,2050080,550.97,mac,707254bd1029
1810.0,47879,meeting-translator,119232,175.03,mac,707254bd1029
1810.0,47892,com.apple.WebKit.GPU,48672,49.11,mac,707254bd1029
1810.0,47893,com.apple.WebKit.Networking,13584,31.32,mac,707254bd1029
1810.0,47894,com.apple.WebKit.WebContent,62112,64.40,mac,707254bd1029
1810.0,47896,com.apple.WebKit.WebContent,101104,84.37,mac,707254bd1029
1810.0,47898,asr-worker,683520,23.54,mac,707254bd1029
1810.0,47903,llama-server,2057392,554.17,mac,707254bd1029
1820.0,47879,meeting-translator,118944,175.99,mac,707254bd1029
1820.0,47892,com.apple.WebKit.GPU,48512,49.36,mac,707254bd1029
1820.0,47893,com.apple.WebKit.Networking,13424,31.53,mac,707254bd1029
1820.0,47894,com.apple.WebKit.WebContent,62640,64.76,mac,707254bd1029
1820.0,47896,com.apple.WebKit.WebContent,91936,84.98,mac,707254bd1029
1820.0,47898,asr-worker,683968,23.64,mac,707254bd1029
1820.0,47903,llama-server,2060368,556.35,mac,707254bd1029
1830.0,47879,meeting-translator,116544,176.98,mac,707254bd1029
1830.0,47892,com.apple.WebKit.GPU,48928,49.67,mac,707254bd1029
1830.0,47893,com.apple.WebKit.Networking,13584,31.75,mac,707254bd1029
1830.0,47894,com.apple.WebKit.WebContent,62080,65.13,mac,707254bd1029
1830.0,47896,com.apple.WebKit.WebContent,92432,85.72,mac,707254bd1029
1830.0,47898,asr-worker,683776,23.78,mac,707254bd1029
1830.0,47903,llama-server,2046320,560.29,mac,707254bd1029
1840.0,47879,meeting-translator,118960,177.93,mac,707254bd1029
1840.0,47892,com.apple.WebKit.GPU,45840,49.93,mac,707254bd1029
1840.0,47893,com.apple.WebKit.Networking,13584,31.96,mac,707254bd1029
1840.0,47894,com.apple.WebKit.WebContent,62576,65.49,mac,707254bd1029
1840.0,47896,com.apple.WebKit.WebContent,92864,86.33,mac,707254bd1029
1840.0,47898,asr-worker,680848,23.87,mac,707254bd1029
1840.0,47903,llama-server,2049696,562.63,mac,707254bd1029
1850.0,47879,meeting-translator,119216,178.88,mac,707254bd1029
1850.0,47892,com.apple.WebKit.GPU,43360,50.21,mac,707254bd1029
1850.0,47893,com.apple.WebKit.Networking,13376,32.17,mac,707254bd1029
1850.0,47894,com.apple.WebKit.WebContent,57728,65.84,mac,707254bd1029
1850.0,47896,com.apple.WebKit.WebContent,89776,86.99,mac,707254bd1029
1850.0,47898,asr-worker,683744,24.01,mac,707254bd1029
1850.0,47903,llama-server,2058672,565.40,mac,707254bd1029
1860.0,47879,meeting-translator,117856,179.85,mac,707254bd1029
1860.0,47892,com.apple.WebKit.GPU,43696,50.52,mac,707254bd1029
1860.0,47893,com.apple.WebKit.Networking,13504,32.40,mac,707254bd1029
1860.0,47894,com.apple.WebKit.WebContent,56512,66.20,mac,707254bd1029
1860.0,47896,com.apple.WebKit.WebContent,91184,87.73,mac,707254bd1029
1860.0,47898,asr-worker,683552,24.16,mac,707254bd1029
1860.0,47903,llama-server,2050144,569.95,mac,707254bd1029
1870.0,47879,meeting-translator,118176,180.83,mac,707254bd1029
1870.0,47892,com.apple.WebKit.GPU,46784,50.82,mac,707254bd1029
1870.0,47893,com.apple.WebKit.Networking,13472,32.62,mac,707254bd1029
1870.0,47894,com.apple.WebKit.WebContent,58304,66.57,mac,707254bd1029
1870.0,47896,com.apple.WebKit.WebContent,101760,88.35,mac,707254bd1029
1870.0,47898,asr-worker,683520,24.30,mac,707254bd1029
1870.0,47903,llama-server,2043696,573.25,mac,707254bd1029
1880.0,47879,meeting-translator,118496,181.80,mac,707254bd1029
1880.0,47892,com.apple.WebKit.GPU,48000,51.10,mac,707254bd1029
1880.0,47893,com.apple.WebKit.Networking,13488,32.84,mac,707254bd1029
1880.0,47894,com.apple.WebKit.WebContent,59552,66.93,mac,707254bd1029
1880.0,47896,com.apple.WebKit.WebContent,101616,89.03,mac,707254bd1029
1880.0,47898,asr-worker,683824,24.44,mac,707254bd1029
1880.0,47903,llama-server,2062480,576.54,mac,707254bd1029
1890.0,47879,meeting-translator,111008,182.75,mac,707254bd1029
1890.0,47892,com.apple.WebKit.GPU,41680,51.37,mac,707254bd1029
1890.0,47893,com.apple.WebKit.Networking,13392,33.05,mac,707254bd1029
1890.0,47894,com.apple.WebKit.WebContent,57408,67.28,mac,707254bd1029
1890.0,47896,com.apple.WebKit.WebContent,100224,89.68,mac,707254bd1029
1890.0,47898,asr-worker,683632,24.62,mac,707254bd1029
1890.0,47903,llama-server,2038640,579.92,mac,707254bd1029
1900.0,47879,meeting-translator,113200,183.71,mac,707254bd1029
1900.0,47892,com.apple.WebKit.GPU,44576,51.67,mac,707254bd1029
1900.0,47893,com.apple.WebKit.Networking,13328,33.27,mac,707254bd1029
1900.0,47894,com.apple.WebKit.WebContent,62640,67.65,mac,707254bd1029
1900.0,47896,com.apple.WebKit.WebContent,86480,90.39,mac,707254bd1029
1900.0,47898,asr-worker,683360,24.76,mac,707254bd1029
1900.0,47903,llama-server,2044752,583.56,mac,707254bd1029
1910.0,47879,meeting-translator,115328,184.67,mac,707254bd1029
1910.0,47892,com.apple.WebKit.GPU,42704,51.94,mac,707254bd1029
1910.0,47893,com.apple.WebKit.Networking,13328,33.48,mac,707254bd1029
1910.0,47894,com.apple.WebKit.WebContent,59520,68.00,mac,707254bd1029
1910.0,47896,com.apple.WebKit.WebContent,80992,91.05,mac,707254bd1029
1910.0,47898,asr-worker,681264,24.89,mac,707254bd1029
1910.0,47903,llama-server,2025856,586.36,mac,707254bd1029
1920.0,47879,meeting-translator,115488,185.61,mac,707254bd1029
1920.0,47892,com.apple.WebKit.GPU,46480,52.26,mac,707254bd1029
1920.0,47893,com.apple.WebKit.Networking,13232,33.71,mac,707254bd1029
1920.0,47894,com.apple.WebKit.WebContent,58864,68.36,mac,707254bd1029
1920.0,47896,com.apple.WebKit.WebContent,118080,91.84,mac,707254bd1029
1920.0,47898,asr-worker,681728,25.07,mac,707254bd1029
1920.0,47903,llama-server,2024416,591.18,mac,707254bd1029
1930.0,47879,meeting-translator,117648,186.55,mac,707254bd1029
1930.0,47892,com.apple.WebKit.GPU,41360,52.52,mac,707254bd1029
1930.0,47893,com.apple.WebKit.Networking,13264,33.93,mac,707254bd1029
1930.0,47894,com.apple.WebKit.WebContent,61728,68.72,mac,707254bd1029
1930.0,47896,com.apple.WebKit.WebContent,89072,92.47,mac,707254bd1029
1930.0,47898,asr-worker,674224,25.17,mac,707254bd1029
1930.0,47903,llama-server,2024784,594.21,mac,707254bd1029
1940.0,47879,meeting-translator,115280,187.51,mac,707254bd1029
1940.0,47892,com.apple.WebKit.GPU,41344,52.80,mac,707254bd1029
1940.0,47893,com.apple.WebKit.Networking,13232,34.14,mac,707254bd1029
1940.0,47894,com.apple.WebKit.WebContent,53584,69.08,mac,707254bd1029
1940.0,47896,com.apple.WebKit.WebContent,77488,93.14,mac,707254bd1029
1940.0,47898,asr-worker,673488,25.27,mac,707254bd1029
1940.0,47903,llama-server,2024112,596.62,mac,707254bd1029
1950.0,47879,meeting-translator,115760,188.47,mac,707254bd1029
1950.0,47892,com.apple.WebKit.GPU,41888,53.10,mac,707254bd1029
1950.0,47893,com.apple.WebKit.Networking,13520,34.36,mac,707254bd1029
1950.0,47894,com.apple.WebKit.WebContent,53968,69.44,mac,707254bd1029
1950.0,47896,com.apple.WebKit.WebContent,79616,93.86,mac,707254bd1029
1950.0,47898,asr-worker,677072,25.36,mac,707254bd1029
1950.0,47903,llama-server,2029104,600.11,mac,707254bd1029
1960.0,47879,meeting-translator,114688,189.41,mac,707254bd1029
1960.0,47892,com.apple.WebKit.GPU,41568,53.41,mac,707254bd1029
1960.0,47893,com.apple.WebKit.Networking,13376,34.59,mac,707254bd1029
1960.0,47894,com.apple.WebKit.WebContent,46816,69.80,mac,707254bd1029
1960.0,47896,com.apple.WebKit.WebContent,82320,94.57,mac,707254bd1029
1960.0,47898,asr-worker,678224,25.52,mac,707254bd1029
1960.0,47903,llama-server,2027056,604.21,mac,707254bd1029
1970.0,47879,meeting-translator,114832,190.37,mac,707254bd1029
1970.0,47892,com.apple.WebKit.GPU,31840,53.53,mac,707254bd1029
1970.0,47893,com.apple.WebKit.Networking,13072,34.75,mac,707254bd1029
1970.0,47894,com.apple.WebKit.WebContent,46880,70.07,mac,707254bd1029
1970.0,47896,com.apple.WebKit.WebContent,81968,94.78,mac,707254bd1029
1970.0,47898,asr-worker,673952,25.52,mac,707254bd1029
1970.0,47903,llama-server,2013440,604.24,mac,707254bd1029
1980.0,47879,meeting-translator,114048,191.31,mac,707254bd1029
1980.0,47892,com.apple.WebKit.GPU,31248,53.78,mac,707254bd1029
1980.0,47893,com.apple.WebKit.Networking,13056,34.93,mac,707254bd1029
1980.0,47894,com.apple.WebKit.WebContent,46800,70.40,mac,707254bd1029
1980.0,47896,com.apple.WebKit.WebContent,82240,95.31,mac,707254bd1029
1980.0,47898,asr-worker,671104,25.58,mac,707254bd1029
1980.0,47903,llama-server,2012224,605.04,mac,707254bd1029
1990.0,47879,meeting-translator,116000,192.29,mac,707254bd1029
1990.0,47892,com.apple.WebKit.GPU,41680,54.06,mac,707254bd1029
1990.0,47893,com.apple.WebKit.Networking,13328,35.13,mac,707254bd1029
1990.0,47894,com.apple.WebKit.WebContent,50320,70.77,mac,707254bd1029
1990.0,47896,com.apple.WebKit.WebContent,85328,95.90,mac,707254bd1029
1990.0,47898,asr-worker,670976,25.66,mac,707254bd1029
1990.0,47903,llama-server,2013552,606.83,mac,707254bd1029
2000.0,47879,meeting-translator,111568,193.25,mac,707254bd1029
2000.0,47892,com.apple.WebKit.GPU,40176,54.28,mac,707254bd1029
2000.0,47893,com.apple.WebKit.Networking,12960,35.30,mac,707254bd1029
2000.0,47894,com.apple.WebKit.WebContent,50208,71.12,mac,707254bd1029
2000.0,47896,com.apple.WebKit.WebContent,67984,96.39,mac,707254bd1029
2000.0,47898,asr-worker,668704,25.66,mac,707254bd1029
2000.0,47903,llama-server,2011616,606.86,mac,707254bd1029
2010.0,47879,meeting-translator,107792,194.20,mac,707254bd1029
2010.0,47892,com.apple.WebKit.GPU,37568,54.43,mac,707254bd1029
2010.0,47893,com.apple.WebKit.Networking,12640,35.47,mac,707254bd1029
2010.0,47894,com.apple.WebKit.WebContent,52272,71.42,mac,707254bd1029
2010.0,47896,com.apple.WebKit.WebContent,67648,96.68,mac,707254bd1029
2010.0,47898,asr-worker,674656,25.69,mac,707254bd1029
2010.0,47903,llama-server,2007360,607.51,mac,707254bd1029
2020.0,47879,meeting-translator,108176,195.14,mac,707254bd1029
2020.0,47892,com.apple.WebKit.GPU,42016,54.69,mac,707254bd1029
2020.0,47893,com.apple.WebKit.Networking,13360,35.67,mac,707254bd1029
2020.0,47894,com.apple.WebKit.WebContent,50816,71.77,mac,707254bd1029
2020.0,47896,com.apple.WebKit.WebContent,71872,97.34,mac,707254bd1029
2020.0,47898,asr-worker,673568,25.75,mac,707254bd1029
2020.0,47903,llama-server,2016176,609.84,mac,707254bd1029
2030.0,47879,meeting-translator,112448,196.11,mac,707254bd1029
2030.0,47892,com.apple.WebKit.GPU,42720,54.97,mac,707254bd1029
2030.0,47893,com.apple.WebKit.Networking,13280,35.88,mac,707254bd1029
2030.0,47894,com.apple.WebKit.WebContent,51328,72.13,mac,707254bd1029
2030.0,47896,com.apple.WebKit.WebContent,72720,98.06,mac,707254bd1029
2030.0,47898,asr-worker,680256,25.85,mac,707254bd1029
2030.0,47903,llama-server,2036176,612.59,mac,707254bd1029
2040.0,47879,meeting-translator,115600,197.09,mac,707254bd1029
2040.0,47892,com.apple.WebKit.GPU,43824,55.22,mac,707254bd1029
2040.0,47893,com.apple.WebKit.Networking,13312,36.08,mac,707254bd1029
2040.0,47894,com.apple.WebKit.WebContent,47872,72.48,mac,707254bd1029
2040.0,47896,com.apple.WebKit.WebContent,84640,98.72,mac,707254bd1029
2040.0,47898,asr-worker,682864,25.94,mac,707254bd1029
2040.0,47903,llama-server,2034912,614.58,mac,707254bd1029
2050.0,47879,meeting-translator,116496,198.08,mac,707254bd1029
2050.0,47892,com.apple.WebKit.GPU,42992,55.51,mac,707254bd1029
2050.0,47893,com.apple.WebKit.Networking,13488,36.31,mac,707254bd1029
2050.0,47894,com.apple.WebKit.WebContent,48944,72.85,mac,707254bd1029
2050.0,47896,com.apple.WebKit.WebContent,106896,99.43,mac,707254bd1029
2050.0,47898,asr-worker,680912,26.10,mac,707254bd1029
2050.0,47903,llama-server,2039328,618.46,mac,707254bd1029
2060.0,47879,meeting-translator,116192,199.05,mac,707254bd1029
2060.0,47892,com.apple.WebKit.GPU,45456,55.76,mac,707254bd1029
2060.0,47893,com.apple.WebKit.Networking,13440,36.52,mac,707254bd1029
2060.0,47894,com.apple.WebKit.WebContent,50304,73.21,mac,707254bd1029
2060.0,47896,com.apple.WebKit.WebContent,85584,100.09,mac,707254bd1029
2060.0,47898,asr-worker,682848,26.17,mac,707254bd1029
2060.0,47903,llama-server,2043456,621.12,mac,707254bd1029
2070.0,47879,meeting-translator,109056,200.00,mac,707254bd1029
2070.0,47892,com.apple.WebKit.GPU,44496,56.05,mac,707254bd1029
2070.0,47893,com.apple.WebKit.Networking,13408,36.74,mac,707254bd1029
2070.0,47894,com.apple.WebKit.WebContent,53744,73.59,mac,707254bd1029
2070.0,47896,com.apple.WebKit.WebContent,86544,100.75,mac,707254bd1029
2070.0,47898,asr-worker,678320,26.30,mac,707254bd1029
2070.0,47903,llama-server,2044080,624.30,mac,707254bd1029
2080.0,47879,meeting-translator,112128,200.97,mac,707254bd1029
2080.0,47892,com.apple.WebKit.GPU,45120,56.32,mac,707254bd1029
2080.0,47893,com.apple.WebKit.Networking,13440,36.95,mac,707254bd1029
2080.0,47894,com.apple.WebKit.WebContent,53664,73.95,mac,707254bd1029
2080.0,47896,com.apple.WebKit.WebContent,85120,101.49,mac,707254bd1029
2080.0,47898,asr-worker,674256,26.42,mac,707254bd1029
2080.0,47903,llama-server,2054848,627.26,mac,707254bd1029
2090.0,47879,meeting-translator,113488,201.95,mac,707254bd1029
2090.0,47892,com.apple.WebKit.GPU,43312,56.60,mac,707254bd1029
2090.0,47893,com.apple.WebKit.Networking,13408,37.16,mac,707254bd1029
2090.0,47894,com.apple.WebKit.WebContent,52720,74.30,mac,707254bd1029
2090.0,47896,com.apple.WebKit.WebContent,119616,102.17,mac,707254bd1029
2090.0,47898,asr-worker,678192,26.53,mac,707254bd1029
2090.0,47903,llama-server,2056432,630.10,mac,707254bd1029
2100.0,47879,meeting-translator,115152,202.92,mac,707254bd1029
2100.0,47892,com.apple.WebKit.GPU,43072,56.90,mac,707254bd1029
2100.0,47893,com.apple.WebKit.Networking,13184,37.40,mac,707254bd1029
2100.0,47894,com.apple.WebKit.WebContent,51664,74.67,mac,707254bd1029
2100.0,47896,com.apple.WebKit.WebContent,133248,102.92,mac,707254bd1029
2100.0,47898,asr-worker,680464,26.67,mac,707254bd1029
2100.0,47903,llama-server,2037776,634.61,mac,707254bd1029
2110.0,47879,meeting-translator,116656,203.91,mac,707254bd1029
2110.0,47892,com.apple.WebKit.GPU,44192,57.20,mac,707254bd1029
2110.0,47893,com.apple.WebKit.Networking,13456,37.62,mac,707254bd1029
2110.0,47894,com.apple.WebKit.WebContent,53840,75.03,mac,707254bd1029
2110.0,47896,com.apple.WebKit.WebContent,120688,103.65,mac,707254bd1029
2110.0,47898,asr-worker,680336,26.82,mac,707254bd1029
2110.0,47903,llama-server,2056432,638.02,mac,707254bd1029
2120.0,47879,meeting-translator,117088,204.88,mac,707254bd1029
2120.0,47892,com.apple.WebKit.GPU,44272,57.45,mac,707254bd1029
2120.0,47893,com.apple.WebKit.Networking,13504,37.82,mac,707254bd1029
2120.0,47894,com.apple.WebKit.WebContent,54816,75.39,mac,707254bd1029
2120.0,47896,com.apple.WebKit.WebContent,107712,104.34,mac,707254bd1029
2120.0,47898,asr-worker,680928,26.93,mac,707254bd1029
2120.0,47903,llama-server,2068032,640.12,mac,707254bd1029
2130.0,47879,meeting-translator,115504,205.82,mac,707254bd1029
2130.0,47892,com.apple.WebKit.GPU,42768,57.71,mac,707254bd1029
2130.0,47893,com.apple.WebKit.Networking,13952,38.02,mac,707254bd1029
2130.0,47894,com.apple.WebKit.WebContent,50800,75.74,mac,707254bd1029
2130.0,47896,com.apple.WebKit.WebContent,112544,105.01,mac,707254bd1029
2130.0,47898,asr-worker,678800,27.05,mac,707254bd1029
2130.0,47903,llama-server,2048992,642.81,mac,707254bd1029
2140.0,47879,meeting-translator,116512,206.79,mac,707254bd1029
2140.0,47892,com.apple.WebKit.GPU,45264,57.99,mac,707254bd1029
2140.0,47893,com.apple.WebKit.Networking,13808,38.20,mac,707254bd1029
2140.0,47894,com.apple.WebKit.WebContent,60480,76.15,mac,707254bd1029
2140.0,47896,com.apple.WebKit.WebContent,111216,105.75,mac,707254bd1029
2140.0,47898,asr-worker,682944,27.18,mac,707254bd1029
2140.0,47903,llama-server,2046512,645.75,mac,707254bd1029
2150.0,47879,meeting-translator,115904,207.76,mac,707254bd1029
2150.0,47892,com.apple.WebKit.GPU,45824,58.26,mac,707254bd1029
2150.0,47893,com.apple.WebKit.Networking,13712,38.39,mac,707254bd1029
2150.0,47894,com.apple.WebKit.WebContent,56096,76.51,mac,707254bd1029
2150.0,47896,com.apple.WebKit.WebContent,106544,106.48,mac,707254bd1029
2150.0,47898,asr-worker,680672,27.33,mac,707254bd1029
2150.0,47903,llama-server,2056352,648.66,mac,707254bd1029
2160.0,47879,meeting-translator,115152,208.74,mac,707254bd1029
2160.0,47892,com.apple.WebKit.GPU,43856,58.53,mac,707254bd1029
2160.0,47893,com.apple.WebKit.Networking,13408,38.58,mac,707254bd1029
2160.0,47894,com.apple.WebKit.WebContent,51552,76.88,mac,707254bd1029
2160.0,47896,com.apple.WebKit.WebContent,103728,107.13,mac,707254bd1029
2160.0,47898,asr-worker,675888,27.45,mac,707254bd1029
2160.0,47903,llama-server,2044112,651.52,mac,707254bd1029
2170.0,47879,meeting-translator,115600,209.72,mac,707254bd1029
2170.0,47892,com.apple.WebKit.GPU,44496,58.81,mac,707254bd1029
2170.0,47893,com.apple.WebKit.Networking,13344,38.77,mac,707254bd1029
2170.0,47894,com.apple.WebKit.WebContent,53920,77.24,mac,707254bd1029
2170.0,47896,com.apple.WebKit.WebContent,101872,107.80,mac,707254bd1029
2170.0,47898,asr-worker,671824,27.53,mac,707254bd1029
2170.0,47903,llama-server,2054816,654.71,mac,707254bd1029
2180.0,47879,meeting-translator,116512,210.67,mac,707254bd1029
2180.0,47892,com.apple.WebKit.GPU,46080,59.11,mac,707254bd1029
2180.0,47893,com.apple.WebKit.Networking,12880,38.98,mac,707254bd1029
2180.0,47894,com.apple.WebKit.WebContent,56176,77.62,mac,707254bd1029
2180.0,47896,com.apple.WebKit.WebContent,131696,108.56,mac,707254bd1029
2180.0,47898,asr-worker,676400,27.67,mac,707254bd1029
2180.0,47903,llama-server,2054304,659.34,mac,707254bd1029
2190.0,47879,meeting-translator,112112,211.64,mac,707254bd1029
2190.0,47892,com.apple.WebKit.GPU,43648,59.43,mac,707254bd1029
2190.0,47893,com.apple.WebKit.Networking,13040,39.19,mac,707254bd1029
2190.0,47894,com.apple.WebKit.WebContent,54704,78.00,mac,707254bd1029
2190.0,47896,com.apple.WebKit.WebContent,118160,109.38,mac,707254bd1029
2190.0,47898,asr-worker,674976,27.81,mac,707254bd1029
2190.0,47903,llama-server,2055808,663.90,mac,707254bd1029
2200.0,47879,meeting-translator,113392,212.59,mac,707254bd1029
2200.0,47892,com.apple.WebKit.GPU,44208,59.70,mac,707254bd1029
2200.0,47893,com.apple.WebKit.Networking,12880,39.38,mac,707254bd1029
2200.0,47894,com.apple.WebKit.WebContent,54416,78.35,mac,707254bd1029
2200.0,47896,com.apple.WebKit.WebContent,107440,110.08,mac,707254bd1029
2200.0,47898,asr-worker,677040,27.93,mac,707254bd1029
2200.0,47903,llama-server,2051648,666.77,mac,707254bd1029
2210.0,47879,meeting-translator,115376,213.55,mac,707254bd1029
2210.0,47892,com.apple.WebKit.GPU,43920,59.98,mac,707254bd1029
2210.0,47893,com.apple.WebKit.Networking,13008,39.57,mac,707254bd1029
2210.0,47894,com.apple.WebKit.WebContent,54656,78.71,mac,707254bd1029
2210.0,47896,com.apple.WebKit.WebContent,104864,110.84,mac,707254bd1029
2210.0,47898,asr-worker,677184,28.01,mac,707254bd1029
2210.0,47903,llama-server,2054192,669.73,mac,707254bd1029
2220.0,47879,meeting-translator,115616,214.54,mac,707254bd1029
2220.0,47892,com.apple.WebKit.GPU,42368,60.26,mac,707254bd1029
2220.0,47893,com.apple.WebKit.Networking,12864,39.76,mac,707254bd1029
2220.0,47894,com.apple.WebKit.WebContent,53344,79.08,mac,707254bd1029
2220.0,47896,com.apple.WebKit.WebContent,96016,111.57,mac,707254bd1029
2220.0,47898,asr-worker,670624,28.12,mac,707254bd1029
2220.0,47903,llama-server,2039360,672.58,mac,707254bd1029
2230.0,47879,meeting-translator,115872,215.52,mac,707254bd1029
2230.0,47892,com.apple.WebKit.GPU,45760,60.58,mac,707254bd1029
2230.0,47893,com.apple.WebKit.Networking,12672,39.98,mac,707254bd1029
2230.0,47894,com.apple.WebKit.WebContent,50192,79.46,mac,707254bd1029
2230.0,47896,com.apple.WebKit.WebContent,99536,112.44,mac,707254bd1029
2230.0,47898,asr-worker,677104,28.33,mac,707254bd1029
2230.0,47903,llama-server,2056592,677.62,mac,707254bd1029
2240.0,47879,meeting-translator,113088,216.49,mac,707254bd1029
2240.0,47892,com.apple.WebKit.GPU,45776,60.87,mac,707254bd1029
2240.0,47893,com.apple.WebKit.Networking,12816,40.18,mac,707254bd1029
2240.0,47894,com.apple.WebKit.WebContent,51200,79.84,mac,707254bd1029
2240.0,47896,com.apple.WebKit.WebContent,107968,113.17,mac,707254bd1029
2240.0,47898,asr-worker,677120,28.46,mac,707254bd1029
2240.0,47903,llama-server,2050832,681.42,mac,707254bd1029
2250.0,47879,meeting-translator,109264,217.45,mac,707254bd1029
2250.0,47892,com.apple.WebKit.GPU,45984,61.16,mac,707254bd1029
2250.0,47893,com.apple.WebKit.Networking,12944,40.36,mac,707254bd1029
2250.0,47894,com.apple.WebKit.WebContent,51040,80.20,mac,707254bd1029
2250.0,47896,com.apple.WebKit.WebContent,108144,113.87,mac,707254bd1029
2250.0,47898,asr-worker,681056,28.60,mac,707254bd1029
2250.0,47903,llama-server,2039536,684.59,mac,707254bd1029
2260.0,47879,meeting-translator,111792,218.42,mac,707254bd1029
2260.0,47892,com.apple.WebKit.GPU,42896,61.48,mac,707254bd1029
2260.0,47893,com.apple.WebKit.Networking,12416,40.57,mac,707254bd1029
2260.0,47894,com.apple.WebKit.WebContent,51184,80.56,mac,707254bd1029
2260.0,47896,com.apple.WebKit.WebContent,133360,114.63,mac,707254bd1029
2260.0,47898,asr-worker,683280,28.75,mac,707254bd1029
2260.0,47903,llama-server,2058704,688.71,mac,707254bd1029
2270.0,47879,meeting-translator,113520,219.39,mac,707254bd1029
2270.0,47892,com.apple.WebKit.GPU,43616,61.79,mac,707254bd1029
2270.0,47893,com.apple.WebKit.Networking,12944,40.75,mac,707254bd1029
2270.0,47894,com.apple.WebKit.WebContent,50720,80.91,mac,707254bd1029
2270.0,47896,com.apple.WebKit.WebContent,131296,115.34,mac,707254bd1029
2270.0,47898,asr-worker,686128,28.90,mac,707254bd1029
2270.0,47903,llama-server,2053888,691.96,mac,707254bd1029
2280.0,47879,meeting-translator,115568,220.37,mac,707254bd1029
2280.0,47892,com.apple.WebKit.GPU,42192,62.06,mac,707254bd1029
2280.0,47893,com.apple.WebKit.Networking,12928,40.94,mac,707254bd1029
2280.0,47894,com.apple.WebKit.WebContent,53696,81.28,mac,707254bd1029
2280.0,47896,com.apple.WebKit.WebContent,120160,116.03,mac,707254bd1029
2280.0,47898,asr-worker,683248,29.01,mac,707254bd1029
2280.0,47903,llama-server,2030608,694.68,mac,707254bd1029
2290.0,47879,meeting-translator,116912,221.36,mac,707254bd1029
2290.0,47892,com.apple.WebKit.GPU,43264,62.32,mac,707254bd1029
2290.0,47893,com.apple.WebKit.Networking,12976,41.11,mac,707254bd1029
2290.0,47894,com.apple.WebKit.WebContent,55136,81.63,mac,707254bd1029
2290.0,47896,com.apple.WebKit.WebContent,122128,116.69,mac,707254bd1029
2290.0,47898,asr-worker,683328,29.10,mac,707254bd1029
2290.0,47903,llama-server,2039808,696.33,mac,707254bd1029
2300.0,47879,meeting-translator,117264,222.32,mac,707254bd1029
2300.0,47892,com.apple.WebKit.GPU,44432,62.61,mac,707254bd1029
2300.0,47893,com.apple.WebKit.Networking,12992,41.30,mac,707254bd1029
2300.0,47894,com.apple.WebKit.WebContent,56080,82.00,mac,707254bd1029
2300.0,47896,com.apple.WebKit.WebContent,129264,117.42,mac,707254bd1029
2300.0,47898,asr-worker,683472,29.23,mac,707254bd1029
2300.0,47903,llama-server,2044848,699.64,mac,707254bd1029
2310.0,47879,meeting-translator,113632,223.28,mac,707254bd1029
2310.0,47892,com.apple.WebKit.GPU,40944,62.90,mac,707254bd1029
2310.0,47893,com.apple.WebKit.Networking,12816,41.49,mac,707254bd1029
2310.0,47894,com.apple.WebKit.WebContent,54784,82.35,mac,707254bd1029
2310.0,47896,com.apple.WebKit.WebContent,123968,118.14,mac,707254bd1029
2310.0,47898,asr-worker,679392,29.40,mac,707254bd1029
2310.0,47903,llama-server,2033600,702.81,mac,707254bd1029
2320.0,47879,meeting-translator,115728,224.25,mac,707254bd1029
2320.0,47892,com.apple.WebKit.GPU,43168,63.17,mac,707254bd1029
2320.0,47893,com.apple.WebKit.Networking,12944,41.67,mac,707254bd1029
2320.0,47894,com.apple.WebKit.WebContent,55632,82.72,mac,707254bd1029
2320.0,47896,com.apple.WebKit.WebContent,119824,118.87,mac,707254bd1029
2320.0,47898,asr-worker,681840,29.49,mac,707254bd1029
2320.0,47903,llama-server,2043456,705.52,mac,707254bd1029
2330.0,47879,meeting-translator,115008,225.23,mac,707254bd1029
2330.0,47892,com.apple.WebKit.GPU,42656,63.44,mac,707254bd1029
2330.0,47893,com.apple.WebKit.Networking,12976,41.86,mac,707254bd1029
2330.0,47894,com.apple.WebKit.WebContent,55360,83.09,mac,707254bd1029
2330.0,47896,com.apple.WebKit.WebContent,103552,119.59,mac,707254bd1029
2330.0,47898,asr-worker,681376,29.58,mac,707254bd1029
2330.0,47903,llama-server,2051488,708.09,mac,707254bd1029
2340.0,47879,meeting-translator,114816,226.20,mac,707254bd1029
2340.0,47892,com.apple.WebKit.GPU,37360,63.70,mac,707254bd1029
2340.0,47893,com.apple.WebKit.Networking,12320,42.04,mac,707254bd1029
2340.0,47894,com.apple.WebKit.WebContent,47856,83.44,mac,707254bd1029
2340.0,47896,com.apple.WebKit.WebContent,96160,120.28,mac,707254bd1029
2340.0,47898,asr-worker,679440,29.67,mac,707254bd1029
2340.0,47903,llama-server,2038640,710.23,mac,707254bd1029
2350.0,47879,meeting-translator,116448,227.18,mac,707254bd1029
2350.0,47892,com.apple.WebKit.GPU,42496,63.99,mac,707254bd1029
2350.0,47893,com.apple.WebKit.Networking,12960,42.23,mac,707254bd1029
2350.0,47894,com.apple.WebKit.WebContent,50560,83.81,mac,707254bd1029
2350.0,47896,com.apple.WebKit.WebContent,117632,120.97,mac,707254bd1029
2350.0,47898,asr-worker,681536,29.81,mac,707254bd1029
2350.0,47903,llama-server,2042528,712.57,mac,707254bd1029
2360.0,47879,meeting-translator,114352,228.17,mac,707254bd1029
2360.0,47892,com.apple.WebKit.GPU,43440,64.33,mac,707254bd1029
2360.0,47893,com.apple.WebKit.Networking,13008,42.44,mac,707254bd1029
2360.0,47894,com.apple.WebKit.WebContent,55488,84.20,mac,707254bd1029
2360.0,47896,com.apple.WebKit.WebContent,123824,121.88,mac,707254bd1029
2360.0,47898,asr-worker,679776,29.92,mac,707254bd1029
2360.0,47903,llama-server,2052752,717.39,mac,707254bd1029
2370.0,47879,meeting-translator,112592,229.13,mac,707254bd1029
2370.0,47892,com.apple.WebKit.GPU,42528,64.58,mac,707254bd1029
2370.0,47893,com.apple.WebKit.Networking,12944,42.62,mac,707254bd1029
2370.0,47894,com.apple.WebKit.WebContent,54464,84.55,mac,707254bd1029
2370.0,47896,com.apple.WebKit.WebContent,101168,122.55,mac,707254bd1029
2370.0,47898,asr-worker,677056,30.04,mac,707254bd1029
2370.0,47903,llama-server,2045232,719.71,mac,707254bd1029
2380.0,47879,meeting-translator,111536,230.09,mac,707254bd1029
2380.0,47892,com.apple.WebKit.GPU,44656,64.89,mac,707254bd1029
2380.0,47893,com.apple.WebKit.Networking,12992,42.82,mac,707254bd1029
2380.0,47894,com.apple.WebKit.WebContent,54624,84.91,mac,707254bd1029
2380.0,47896,com.apple.WebKit.WebContent,109584,123.37,mac,707254bd1029
2380.0,47898,asr-worker,677024,30.20,mac,707254bd1029
2380.0,47903,llama-server,2043136,723.52,mac,707254bd1029
2390.0,47879,meeting-translator,113632,231.02,mac,707254bd1029
2390.0,47892,com.apple.WebKit.GPU,44176,65.16,mac,707254bd1029
2390.0,47893,com.apple.WebKit.Networking,13008,43.00,mac,707254bd1029
2390.0,47894,com.apple.WebKit.WebContent,53632,85.26,mac,707254bd1029
2390.0,47896,com.apple.WebKit.WebContent,105248,124.08,mac,707254bd1029
2390.0,47898,asr-worker,679264,30.32,mac,707254bd1029
2390.0,47903,llama-server,2035168,726.34,mac,707254bd1029
2400.0,47879,meeting-translator,114784,232.00,mac,707254bd1029
2400.0,47892,com.apple.WebKit.GPU,39984,65.44,mac,707254bd1029
2400.0,47893,com.apple.WebKit.Networking,12832,43.18,mac,707254bd1029
2400.0,47894,com.apple.WebKit.WebContent,46288,85.61,mac,707254bd1029
2400.0,47896,com.apple.WebKit.WebContent,91984,124.77,mac,707254bd1029
2400.0,47898,asr-worker,676704,30.44,mac,707254bd1029
2400.0,47903,llama-server,2027104,729.14,mac,707254bd1029
2410.0,47879,meeting-translator,114800,233.00,mac,707254bd1029
2410.0,47892,com.apple.WebKit.GPU,39488,65.71,mac,707254bd1029
2410.0,47893,com.apple.WebKit.Networking,12752,43.35,mac,707254bd1029
2410.0,47894,com.apple.WebKit.WebContent,47328,85.97,mac,707254bd1029
2410.0,47896,com.apple.WebKit.WebContent,92560,125.48,mac,707254bd1029
2410.0,47898,asr-worker,677104,30.58,mac,707254bd1029
2410.0,47903,llama-server,2032032,731.30,mac,707254bd1029
2420.0,47879,meeting-translator,114704,233.96,mac,707254bd1029
2420.0,47892,com.apple.WebKit.GPU,42288,66.01,mac,707254bd1029
2420.0,47893,com.apple.WebKit.Networking,12880,43.54,mac,707254bd1029
2420.0,47894,com.apple.WebKit.WebContent,48064,86.35,mac,707254bd1029
2420.0,47896,com.apple.WebKit.WebContent,113824,126.28,mac,707254bd1029
2420.0,47898,asr-worker,679200,30.72,mac,707254bd1029
2420.0,47903,llama-server,2042512,735.55,mac,707254bd1029
2430.0,47879,meeting-translator,114208,234.94,mac,707254bd1029
2430.0,47892,com.apple.WebKit.GPU,42144,66.35,mac,707254bd1029
2430.0,47893,com.apple.WebKit.Networking,12752,43.76,mac,707254bd1029
2430.0,47894,com.apple.WebKit.WebContent,46448,86.74,mac,707254bd1029
2430.0,47896,com.apple.WebKit.WebContent,112880,127.17,mac,707254bd1029
2430.0,47898,asr-worker,676880,30.91,mac,707254bd1029
2430.0,47903,llama-server,2048864,741.31,mac,707254bd1029
2440.0,47879,meeting-translator,112176,235.90,mac,707254bd1029
2440.0,47892,com.apple.WebKit.GPU,37216,66.62,mac,707254bd1029
2440.0,47893,com.apple.WebKit.Networking,12720,43.95,mac,707254bd1029
2440.0,47894,com.apple.WebKit.WebContent,45552,87.12,mac,707254bd1029
2440.0,47896,com.apple.WebKit.WebContent,123952,127.93,mac,707254bd1029
2440.0,47898,asr-worker,674304,31.02,mac,707254bd1029
2440.0,47903,llama-server,2033776,744.41,mac,707254bd1029
2450.0,47879,meeting-translator,111328,236.86,mac,707254bd1029
2450.0,47892,com.apple.WebKit.GPU,40560,66.94,mac,707254bd1029
2450.0,47893,com.apple.WebKit.Networking,12784,44.14,mac,707254bd1029
2450.0,47894,com.apple.WebKit.WebContent,45632,87.48,mac,707254bd1029
2450.0,47896,com.apple.WebKit.WebContent,134768,128.77,mac,707254bd1029
2450.0,47898,asr-worker,674560,31.14,mac,707254bd1029
2450.0,47903,llama-server,2033440,748.71,mac,707254bd1029
2460.0,47879,meeting-translator,108672,237.86,mac,707254bd1029
2460.0,47892,com.apple.WebKit.GPU,39200,67.22,mac,707254bd1029
2460.0,47893,com.apple.WebKit.Networking,12752,44.32,mac,707254bd1029
2460.0,47894,com.apple.WebKit.WebContent,42656,87.84,mac,707254bd1029
2460.0,47896,com.apple.WebKit.WebContent,123904,129.52,mac,707254bd1029
2460.0,47898,asr-worker,674272,31.27,mac,707254bd1029
2460.0,47903,llama-server,2024752,750.68,mac,707254bd1029
2470.0,47879,meeting-translator,110736,238.84,mac,707254bd1029
2470.0,47892,com.apple.WebKit.GPU,38496,67.48,mac,707254bd1029
2470.0,47893,com.apple.WebKit.Networking,12752,44.50,mac,707254bd1029
2470.0,47894,com.apple.WebKit.WebContent,44480,88.21,mac,707254bd1029
2470.0,47896,com.apple.WebKit.WebContent,104256,130.17,mac,707254bd1029
2470.0,47898,asr-worker,676144,31.37,mac,707254bd1029
2470.0,47903,llama-server,2024016,752.55,mac,707254bd1029
2480.0,47879,meeting-translator,110832,239.81,mac,707254bd1029
2480.0,47892,com.apple.WebKit.GPU,40960,67.77,mac,707254bd1029
2480.0,47893,com.apple.WebKit.Networking,12880,44.69,mac,707254bd1029
2480.0,47894,com.apple.WebKit.WebContent,42400,88.58,mac,707254bd1029
2480.0,47896,com.apple.WebKit.WebContent,94944,130.99,mac,707254bd1029
2480.0,47898,asr-worker,676704,31.50,mac,707254bd1029
2480.0,47903,llama-server,2048912,755.61,mac,707254bd1029
2490.0,47879,meeting-translator,106688,240.79,mac,707254bd1029
2490.0,47892,com.apple.WebKit.GPU,39360,68.02,mac,707254bd1029
2490.0,47893,com.apple.WebKit.Networking,12848,44.87,mac,707254bd1029
2490.0,47894,com.apple.WebKit.WebContent,40928,88.94,mac,707254bd1029
2490.0,47896,com.apple.WebKit.WebContent,118112,131.67,mac,707254bd1029
2490.0,47898,asr-worker,676416,31.61,mac,707254bd1029
2490.0,47903,llama-server,2033744,757.82,mac,707254bd1029
2500.0,47879,meeting-translator,105184,241.73,mac,707254bd1029
2500.0,47892,com.apple.WebKit.GPU,39680,68.30,mac,707254bd1029
2500.0,47893,com.apple.WebKit.Networking,12624,45.06,mac,707254bd1029
2500.0,47894,com.apple.WebKit.WebContent,41104,89.29,mac,707254bd1029
2500.0,47896,com.apple.WebKit.WebContent,86784,132.44,mac,707254bd1029
2500.0,47898,asr-worker,678352,31.78,mac,707254bd1029
2500.0,47903,llama-server,2030368,761.13,mac,707254bd1029
2510.0,47879,meeting-translator,108704,242.68,mac,707254bd1029
2510.0,47892,com.apple.WebKit.GPU,39664,68.55,mac,707254bd1029
2510.0,47893,com.apple.WebKit.Networking,12720,45.23,mac,707254bd1029
2510.0,47894,com.apple.WebKit.WebContent,41152,89.62,mac,707254bd1029
2510.0,47896,com.apple.WebKit.WebContent,84000,133.07,mac,707254bd1029
2510.0,47898,asr-worker,678432,31.81,mac,707254bd1029
2510.0,47903,llama-server,2033520,761.85,mac,707254bd1029
2520.0,47879,meeting-translator,107248,243.61,mac,707254bd1029
2520.0,47892,com.apple.WebKit.GPU,40128,68.79,mac,707254bd1029
2520.0,47893,com.apple.WebKit.Networking,12576,45.38,mac,707254bd1029
2520.0,47894,com.apple.WebKit.WebContent,43088,89.98,mac,707254bd1029
2520.0,47896,com.apple.WebKit.WebContent,83968,133.64,mac,707254bd1029
2520.0,47898,asr-worker,672432,31.90,mac,707254bd1029
2520.0,47903,llama-server,2013824,762.17,mac,707254bd1029
2530.0,47879,meeting-translator,112128,244.60,mac,707254bd1029
2530.0,47892,com.apple.WebKit.GPU,41232,69.03,mac,707254bd1029
2530.0,47893,com.apple.WebKit.Networking,12608,45.54,mac,707254bd1029
2530.0,47894,com.apple.WebKit.WebContent,43584,90.33,mac,707254bd1029
2530.0,47896,com.apple.WebKit.WebContent,84400,134.20,mac,707254bd1029
2530.0,47898,asr-worker,677952,32.03,mac,707254bd1029
2530.0,47903,llama-server,2013840,762.21,mac,707254bd1029
2540.0,47879,meeting-translator,109296,245.57,mac,707254bd1029
2540.0,47892,com.apple.WebKit.GPU,39376,69.27,mac,707254bd1029
2540.0,47893,com.apple.WebKit.Networking,12096,45.69,mac,707254bd1029
2540.0,47894,com.apple.WebKit.WebContent,42528,90.68,mac,707254bd1029
2540.0,47896,com.apple.WebKit.WebContent,79568,134.79,mac,707254bd1029
2540.0,47898,asr-worker,674144,32.16,mac,707254bd1029
2540.0,47903,llama-server,2011872,762.24,mac,707254bd1029
2550.0,47879,meeting-translator,109488,246.54,mac,707254bd1029
2550.0,47892,com.apple.WebKit.GPU,39904,69.57,mac,707254bd1029
2550.0,47893,com.apple.WebKit.Networking,12816,45.89,mac,707254bd1029
2550.0,47894,com.apple.WebKit.WebContent,43680,91.04,mac,707254bd1029
2550.0,47896,com.apple.WebKit.WebContent,99152,135.62,mac,707254bd1029
2550.0,47898,asr-worker,678096,32.32,mac,707254bd1029
2550.0,47903,llama-server,2021472,765.98,mac,707254bd1029
2560.0,47879,meeting-translator,109888,247.51,mac,707254bd1029
2560.0,47892,com.apple.WebKit.GPU,39280,69.83,mac,707254bd1029
2560.0,47893,com.apple.WebKit.Networking,12848,46.07,mac,707254bd1029
2560.0,47894,com.apple.WebKit.WebContent,44176,91.40,mac,707254bd1029
2560.0,47896,com.apple.WebKit.WebContent,101600,136.34,mac,707254bd1029
2560.0,47898,asr-worker,673952,32.40,mac,707254bd1029
2560.0,47903,llama-server,2021808,767.52,mac,707254bd1029
2570.0,47879,meeting-translator,110848,248.47,mac,707254bd1029
2570.0,47892,com.apple.WebKit.GPU,41056,70.10,mac,707254bd1029
2570.0,47893,com.apple.WebKit.Networking,12864,46.25,mac,707254bd1029
2570.0,47894,com.apple.WebKit.WebContent,38928,91.76,mac,707254bd1029
2570.0,47896,com.apple.WebKit.WebContent,117872,137.05,mac,707254bd1029
2570.0,47898,asr-worker,680432,32.47,mac,707254bd1029
2570.0,47903,llama-server,2045936,770.03,mac,707254bd1029
2580.0,47879,meeting-translator,109056,249.43,mac,707254bd1029
2580.0,47892,com.apple.WebKit.GPU,40320,70.38,mac,707254bd1029
2580.0,47893,com.apple.WebKit.Networking,12912,46.44,mac,707254bd1029
2580.0,47894,com.apple.WebKit.WebContent,43216,92.13,mac,707254bd1029
2580.0,47896,com.apple.WebKit.WebContent,131040,137.78,mac,707254bd1029
2580.0,47898,asr-worker,680000,32.58,mac,707254bd1029
2580.0,47903,llama-server,2049600,772.89,mac,707254bd1029
2590.0,47879,meeting-translator,111200,250.40,mac,707254bd1029
2590.0,47892,com.apple.WebKit.GPU,42560,70.69,mac,707254bd1029
2590.0,47893,com.apple.WebKit.Networking,12896,46.64,mac,707254bd1029
2590.0,47894,com.apple.WebKit.WebContent,44720,92.51,mac,707254bd1029
2590.0,47896,com.apple.WebKit.WebContent,113040,138.63,mac,707254bd1029
2590.0,47898,asr-worker,686048,32.73,mac,707254bd1029
2590.0,47903,llama-server,2053280,776.95,mac,707254bd1029
2600.0,47879,meeting-translator,111536,251.38,mac,707254bd1029
2600.0,47892,com.apple.WebKit.GPU,42512,70.93,mac,707254bd1029
2600.0,47893,com.apple.WebKit.Networking,12928,46.82,mac,707254bd1029
2600.0,47894,com.apple.WebKit.WebContent,45264,92.87,mac,707254bd1029
2600.0,47896,com.apple.WebKit.WebContent,112864,139.37,mac,707254bd1029
2600.0,47898,asr-worker,682192,32.79,mac,707254bd1029
2600.0,47903,llama-server,2050144,778.74,mac,707254bd1029
2610.0,47879,meeting-translator,110896,252.33,mac,707254bd1029
2610.0,47892,com.apple.WebKit.GPU,38496,71.21,mac,707254bd1029
2610.0,47893,com.apple.WebKit.Networking,12880,47.01,mac,707254bd1029
2610.0,47894,com.apple.WebKit.WebContent,44816,93.25,mac,707254bd1029
2610.0,47896,com.apple.WebKit.WebContent,128672,140.15,mac,707254bd1029
2610.0,47898,asr-worker,683920,32.89,mac,707254bd1029
2610.0,47903,llama-server,2063008,781.90,mac,707254bd1029
2620.0,47879,meeting-translator,111216,253.29,mac,707254bd1029
2620.0,47892,com.apple.WebKit.GPU,41760,71.51,mac,707254bd1029
2620.0,47893,com.apple.WebKit.Networking,12736,47.20,mac,707254bd1029
2620.0,47894,com.apple.WebKit.WebContent,44528,93.61,mac,707254bd1029
2620.0,47896,com.apple.WebKit.WebContent,78656,141.01,mac,707254bd1029
2620.0,47898,asr-worker,682832,32.99,mac,707254bd1029
2620.0,47903,llama-server,2060784,784.96,mac,707254bd1029
2630.0,47879,meeting-translator,110512,254.26,mac,707254bd1029
2630.0,47892,com.apple.WebKit.GPU,40784,71.77,mac,707254bd1029
2630.0,47893,com.apple.WebKit.Networking,12672,47.39,mac,707254bd1029
2630.0,47894,com.apple.WebKit.WebContent,39168,93.98,mac,707254bd1029
2630.0,47896,com.apple.WebKit.WebContent,122016,141.76,mac,707254bd1029
2630.0,47898,asr-worker,677232,33.12,mac,707254bd1029
2630.0,47903,llama-server,2055904,787.70,mac,707254bd1029
2640.0,47879,meeting-translator,108592,255.24,mac,707254bd1029
2640.0,47892,com.apple.WebKit.GPU,37824,72.05,mac,707254bd1029
2640.0,47893,com.apple.WebKit.Networking,12624,47.58,mac,707254bd1029
2640.0,47894,com.apple.WebKit.WebContent,39040,94.34,mac,707254bd1029
2640.0,47896,com.apple.WebKit.WebContent,73664,142.56,mac,707254bd1029
2640.0,47898,asr-worker,676656,33.21,mac,707254bd1029
2640.0,47903,llama-server,2046464,790.53,mac,707254bd1029
2650.0,47879,meeting-translator,111968,256.25,mac,707254bd1029
2650.0,47892,com.apple.WebKit.GPU,42512,72.35,mac,707254bd1029
2650.0,47893,com.apple.WebKit.Networking,12864,47.77,mac,707254bd1029
2650.0,47894,com.apple.WebKit.WebContent,40320,94.72,mac,707254bd1029
2650.0,47896,com.apple.WebKit.WebContent,83184,143.44,mac,707254bd1029
2650.0,47898,asr-worker,676832,33.34,mac,707254bd1029
2650.0,47903,llama-server,2060800,793.82,mac,707254bd1029
2660.0,47879,meeting-translator,111808,257.19,mac,707254bd1029
2660.0,47892,com.apple.WebKit.GPU,39904,72.64,mac,707254bd1029
2660.0,47893,com.apple.WebKit.Networking,12752,47.97,mac,707254bd1029
2660.0,47894,com.apple.WebKit.WebContent,44752,95.09,mac,707254bd1029
2660.0,47896,com.apple.WebKit.WebContent,117600,144.24,mac,707254bd1029
2660.0,47898,asr-worker,676000,33.47,mac,707254bd1029
2660.0,47903,llama-server,2065568,797.49,mac,707254bd1029
2670.0,47879,meeting-translator,109088,258.14,mac,707254bd1029
2670.0,47892,com.apple.WebKit.GPU,39344,72.93,mac,707254bd1029
2670.0,47893,com.apple.WebKit.Networking,12624,48.16,mac,707254bd1029
2670.0,47894,com.apple.WebKit.WebContent,43184,95.46,mac,707254bd1029
2670.0,47896,com.apple.WebKit.WebContent,107712,145.06,mac,707254bd1029
2670.0,47898,asr-worker,678736,33.56,mac,707254bd1029
2670.0,47903,llama-server,2053664,800.62,mac,707254bd1029
2680.0,47879,meeting-translator,106480,259.09,mac,707254bd1029
2680.0,47892,com.apple.WebKit.GPU,40528,73.24,mac,707254bd1029
2680.0,47893,com.apple.WebKit.Networking,12720,48.36,mac,707254bd1029
2680.0,47894,com.apple.WebKit.WebContent,42928,95.82,mac,707254bd1029
2680.0,47896,com.apple.WebKit.WebContent,120800,145.95,mac,707254bd1029
2680.0,47898,asr-worker,678768,33.75,mac,707254bd1029
2680.0,47903,llama-server,2055552,805.31,mac,707254bd1029
2690.0,47879,meeting-translator,109152,260.05,mac,707254bd1029
2690.0,47892,com.apple.WebKit.GPU,38912,73.51,mac,707254bd1029
2690.0,47893,com.apple.WebKit.Networking,12816,48.56,mac,707254bd1029
2690.0,47894,com.apple.WebKit.WebContent,43584,96.18,mac,707254bd1029
2690.0,47896,com.apple.WebKit.WebContent,111120,146.81,mac,707254bd1029
2690.0,47898,asr-worker,679104,33.86,mac,707254bd1029
2690.0,47903,llama-server,2056560,808.37,mac,707254bd1029
2700.0,47879,meeting-translator,107376,261.02,mac,707254bd1029
2700.0,47892,com.apple.WebKit.GPU,38768,73.85,mac,707254bd1029
2700.0,47893,com.apple.WebKit.Networking,12848,48.79,mac,707254bd1029
2700.0,47894,com.apple.WebKit.WebContent,37984,96.57,mac,707254bd1029
2700.0,47896,com.apple.WebKit.WebContent,173504,147.75,mac,707254bd1029
2700.0,47898,asr-worker,681264,34.04,mac,707254bd1029
2700.0,47903,llama-server,2062896,814.48,mac,707254bd1029
2710.0,47879,meeting-translator,109552,262.00,mac,707254bd1029
2710.0,47892,com.apple.WebKit.GPU,40656,74.14,mac,707254bd1029
2710.0,47893,com.apple.WebKit.Networking,12816,48.97,mac,707254bd1029
2710.0,47894,com.apple.WebKit.WebContent,40592,96.93,mac,707254bd1029
2710.0,47896,com.apple.WebKit.WebContent,124352,148.54,mac,707254bd1029
2710.0,47898,asr-worker,678784,34.19,mac,707254bd1029
2710.0,47903,llama-server,2062176,816.73,mac,707254bd1029
2720.0,47879,meeting-translator,108176,262.95,mac,707254bd1029
2720.0,47892,com.apple.WebKit.GPU,42704,74.44,mac,707254bd1029
2720.0,47893,com.apple.WebKit.Networking,12848,49.18,mac,707254bd1029
2720.0,47894,com.apple.WebKit.WebContent,41920,97.30,mac,707254bd1029
2720.0,47896,com.apple.WebKit.WebContent,114384,149.38,mac,707254bd1029
2720.0,47898,asr-worker,680272,34.32,mac,707254bd1029
2720.0,47903,llama-server,2049696,820.49,mac,707254bd1029
2730.0,47879,meeting-translator,108560,263.93,mac,707254bd1029
2730.0,47892,com.apple.WebKit.GPU,41840,74.73,mac,707254bd1029
2730.0,47893,com.apple.WebKit.Networking,12752,49.36,mac,707254bd1029
2730.0,47894,com.apple.WebKit.WebContent,44832,97.67,mac,707254bd1029
2730.0,47896,com.apple.WebKit.WebContent,100320,150.20,mac,707254bd1029
2730.0,47898,asr-worker,680240,34.44,mac,707254bd1029
2730.0,47903,llama-server,2052816,823.03,mac,707254bd1029
2740.0,47879,meeting-translator,104960,264.90,mac,707254bd1029
2740.0,47892,com.apple.WebKit.GPU,41776,75.01,mac,707254bd1029
2740.0,47893,com.apple.WebKit.Networking,12304,49.56,mac,707254bd1029
2740.0,47894,com.apple.WebKit.WebContent,43600,98.04,mac,707254bd1029
2740.0,47896,com.apple.WebKit.WebContent,109264,150.99,mac,707254bd1029
2740.0,47898,asr-worker,677888,34.57,mac,707254bd1029
2740.0,47903,llama-server,2043296,826.55,mac,707254bd1029
2750.0,47879,meeting-translator,108304,265.87,mac,707254bd1029
2750.0,47892,com.apple.WebKit.GPU,40032,75.31,mac,707254bd1029
2750.0,47893,com.apple.WebKit.Networking,12720,49.76,mac,707254bd1029
2750.0,47894,com.apple.WebKit.WebContent,43552,98.40,mac,707254bd1029
2750.0,47896,com.apple.WebKit.WebContent,104544,151.79,mac,707254bd1029
2750.0,47898,asr-worker,680320,34.71,mac,707254bd1029
2750.0,47903,llama-server,2053488,829.84,mac,707254bd1029
2760.0,47879,meeting-translator,107136,266.85,mac,707254bd1029
2760.0,47892,com.apple.WebKit.GPU,41632,75.59,mac,707254bd1029
2760.0,47893,com.apple.WebKit.Networking,12640,49.94,mac,707254bd1029
2760.0,47894,com.apple.WebKit.WebContent,40352,98.76,mac,707254bd1029
2760.0,47896,com.apple.WebKit.WebContent,101536,152.49,mac,707254bd1029
2760.0,47898,asr-worker,679952,34.79,mac,707254bd1029
2760.0,47903,llama-server,2046432,831.91,mac,707254bd1029
2770.0,47879,meeting-translator,109904,267.84,mac,707254bd1029
2770.0,47892,com.apple.WebKit.GPU,42688,75.89,mac,707254bd1029
2770.0,47893,com.apple.WebKit.Networking,12496,50.13,mac,707254bd1029
2770.0,47894,com.apple.WebKit.WebContent,40400,99.12,mac,707254bd1029
2770.0,47896,com.apple.WebKit.WebContent,98880,153.34,mac,707254bd1029
2770.0,47898,asr-worker,680096,34.96,mac,707254bd1029
2770.0,47903,llama-server,2043472,835.01,mac,707254bd1029
2780.0,47879,meeting-translator,110080,268.82,mac,707254bd1029
2780.0,47892,com.apple.WebKit.GPU,43776,76.15,mac,707254bd1029
2780.0,47893,com.apple.WebKit.Networking,12656,50.30,mac,707254bd1029
2780.0,47894,com.apple.WebKit.WebContent,43872,99.50,mac,707254bd1029
2780.0,47896,com.apple.WebKit.WebContent,101296,154.07,mac,707254bd1029
2780.0,47898,asr-worker,680000,35.02,mac,707254bd1029
2780.0,47903,llama-server,2048304,836.31,mac,707254bd1029
2790.0,47879,meeting-translator,108992,269.78,mac,707254bd1029
2790.0,47892,com.apple.WebKit.GPU,42064,76.44,mac,707254bd1029
2790.0,47893,com.apple.WebKit.Networking,12768,50.49,mac,707254bd1029
2790.0,47894,com.apple.WebKit.WebContent,44432,99.87,mac,707254bd1029
2790.0,47896,com.apple.WebKit.WebContent,101728,155.00,mac,707254bd1029
2790.0,47898,asr-worker,680736,35.17,mac,707254bd1029
2790.0,47903,llama-server,2056544,839.79,mac,707254bd1029
2800.0,47879,meeting-translator,111200,270.75,mac,707254bd1029
2800.0,47892,com.apple.WebKit.GPU,41984,76.71,mac,707254bd1029
2800.0,47893,com.apple.WebKit.Networking,12784,50.67,mac,707254bd1029
2800.0,47894,com.apple.WebKit.WebContent,44496,100.23,mac,707254bd1029
2800.0,47896,com.apple.WebKit.WebContent,102896,155.77,mac,707254bd1029
2800.0,47898,asr-worker,676784,35.28,mac,707254bd1029
2800.0,47903,llama-server,2059664,842.32,mac,707254bd1029
2810.0,47879,meeting-translator,110560,271.71,mac,707254bd1029
2810.0,47892,com.apple.WebKit.GPU,41296,77.00,mac,707254bd1029
2810.0,47893,com.apple.WebKit.Networking,12720,50.87,mac,707254bd1029
2810.0,47894,com.apple.WebKit.WebContent,44048,100.59,mac,707254bd1029
2810.0,47896,com.apple.WebKit.WebContent,123088,156.58,mac,707254bd1029
2810.0,47898,asr-worker,680976,35.42,mac,707254bd1029
2810.0,47903,llama-server,2045568,846.16,mac,707254bd1029
2820.0,47879,meeting-translator,107776,272.68,mac,707254bd1029
2820.0,47892,com.apple.WebKit.GPU,39376,77.30,mac,707254bd1029
2820.0,47893,com.apple.WebKit.Networking,12752,51.07,mac,707254bd1029
2820.0,47894,com.apple.WebKit.WebContent,39872,100.95,mac,707254bd1029
2820.0,47896,com.apple.WebKit.WebContent,123488,157.45,mac,707254bd1029
2820.0,47898,asr-worker,676464,35.54,mac,707254bd1029
2820.0,47903,llama-server,2039040,849.81,mac,707254bd1029
2830.0,47879,meeting-translator,109648,273.65,mac,707254bd1029
2830.0,47892,com.apple.WebKit.GPU,40624,77.57,mac,707254bd1029
2830.0,47893,com.apple.WebKit.Networking,12448,51.25,mac,707254bd1029
2830.0,47894,com.apple.WebKit.WebContent,41824,101.33,mac,707254bd1029
2830.0,47896,com.apple.WebKit.WebContent,121840,158.25,mac,707254bd1029
2830.0,47898,asr-worker,678880,35.65,mac,707254bd1029
2830.0,47903,llama-server,2036384,852.39,mac,707254bd1029
2840.0,47879,meeting-translator,108576,274.60,mac,707254bd1029
2840.0,47892,com.apple.WebKit.GPU,37808,77.83,mac,707254bd1029
2840.0,47893,com.apple.WebKit.Networking,12688,51.43,mac,707254bd1029
2840.0,47894,com.apple.WebKit.WebContent,42976,101.70,mac,707254bd1029
2840.0,47896,com.apple.WebKit.WebContent,110656,159.02,mac,707254bd1029
2840.0,47898,asr-worker,674496,35.72,mac,707254bd1029
2840.0,47903,llama-server,2028720,854.81,mac,707254bd1029
2850.0,47879,meeting-translator,108832,275.57,mac,707254bd1029
2850.0,47892,com.apple.WebKit.GPU,41520,78.19,mac,707254bd1029
2850.0,47893,com.apple.WebKit.Networking,12832,51.65,mac,707254bd1029
2850.0,47894,com.apple.WebKit.WebContent,43632,102.07,mac,707254bd1029
2850.0,47896,com.apple.WebKit.WebContent,129168,160.04,mac,707254bd1029
2850.0,47898,asr-worker,676880,35.94,mac,707254bd1029
2850.0,47903,llama-server,2045392,860.34,mac,707254bd1029
2860.0,47879,meeting-translator,109712,276.50,mac,707254bd1029
2860.0,47892,com.apple.WebKit.GPU,42448,78.50,mac,707254bd1029
2860.0,47893,com.apple.WebKit.Networking,12848,51.87,mac,707254bd1029
2860.0,47894,com.apple.WebKit.WebContent,43600,102.43,mac,707254bd1029
2860.0,47896,com.apple.WebKit.WebContent,141488,160.91,mac,707254bd1029
2860.0,47898,asr-worker,677024,36.08,mac,707254bd1029
2860.0,47903,llama-server,2043424,864.72,mac,707254bd1029
2870.0,47879,meeting-translator,109616,277.45,mac,707254bd1029
2870.0,47892,com.apple.WebKit.GPU,43456,78.78,mac,707254bd1029
2870.0,47893,com.apple.WebKit.Networking,12848,52.08,mac,707254bd1029
2870.0,47894,com.apple.WebKit.WebContent,42256,102.80,mac,707254bd1029
2870.0,47896,com.apple.WebKit.WebContent,142352,161.81,mac,707254bd1029
2870.0,47898,asr-worker,678832,36.19,mac,707254bd1029
2870.0,47903,llama-server,2042992,868.43,mac,707254bd1029
2880.0,47879,meeting-translator,102544,278.38,mac,707254bd1029
2880.0,47892,com.apple.WebKit.GPU,26976,78.90,mac,707254bd1029
2880.0,47893,com.apple.WebKit.Networking,12192,52.22,mac,707254bd1029
2880.0,47894,com.apple.WebKit.WebContent,35856,103.07,mac,707254bd1029
2880.0,47896,com.apple.WebKit.WebContent,82256,162.04,mac,707254bd1029
2880.0,47898,asr-worker,666880,36.19,mac,707254bd1029
2880.0,47903,llama-server,2002336,868.46,mac,707254bd1029
2890.0,47879,meeting-translator,103040,279.34,mac,707254bd1029
2890.0,47892,com.apple.WebKit.GPU,25904,79.13,mac,707254bd1029
2890.0,47893,com.apple.WebKit.Networking,12032,52.37,mac,707254bd1029
2890.0,47894,com.apple.WebKit.WebContent,36400,103.42,mac,707254bd1029
2890.0,47896,com.apple.WebKit.WebContent,77632,162.66,mac,707254bd1029
2890.0,47898,asr-worker,655408,36.19,mac,707254bd1029
2890.0,47903,llama-server,1994768,868.50,mac,707254bd1029
2900.0,47879,meeting-translator,108576,280.33,mac,707254bd1029
2900.0,47892,com.apple.WebKit.GPU,36112,79.40,mac,707254bd1029
2900.0,47893,com.apple.WebKit.Networking,12768,52.55,mac,707254bd1029
2900.0,47894,com.apple.WebKit.WebContent,43728,103.81,mac,707254bd1029
2900.0,47896,com.apple.WebKit.WebContent,70496,163.53,mac,707254bd1029
2900.0,47898,asr-worker,675680,36.33,mac,707254bd1029
2900.0,47903,llama-server,2033040,871.01,mac,707254bd1029
2910.0,47879,meeting-translator,110592,281.31,mac,707254bd1029
2910.0,47892,com.apple.WebKit.GPU,37024,79.68,mac,707254bd1029
2910.0,47893,com.apple.WebKit.Networking,12928,52.74,mac,707254bd1029
2910.0,47894,com.apple.WebKit.WebContent,42512,104.17,mac,707254bd1029
2910.0,47896,com.apple.WebKit.WebContent,121824,164.36,mac,707254bd1029
2910.0,47898,asr-worker,678496,36.47,mac,707254bd1029
2910.0,47903,llama-server,2034720,873.54,mac,707254bd1029
2920.0,47879,meeting-translator,107696,282.28,mac,707254bd1029
2920.0,47892,com.apple.WebKit.GPU,37328,79.94,mac,707254bd1029
2920.0,47893,com.apple.WebKit.Networking,12944,52.94,mac,707254bd1029
2920.0,47894,com.apple.WebKit.WebContent,41680,104.53,mac,707254bd1029
2920.0,47896,com.apple.WebKit.WebContent,86080,165.24,mac,707254bd1029
2920.0,47898,asr-worker,678496,36.57,mac,707254bd1029
2920.0,47903,llama-server,2027648,876.60,mac,707254bd1029
2930.0,47879,meeting-translator,107808,283.25,mac,707254bd1029
2930.0,47892,com.apple.WebKit.GPU,38896,80.21,mac,707254bd1029
2930.0,47893,com.apple.WebKit.Networking,12912,53.12,mac,707254bd1029
2930.0,47894,com.apple.WebKit.WebContent,41248,104.88,mac,707254bd1029
2930.0,47896,com.apple.WebKit.WebContent,117632,166.03,mac,707254bd1029
2930.0,47898,asr-worker,678640,36.66,mac,707254bd1029
2930.0,47903,llama-server,2036064,878.70,mac,707254bd1029
2940.0,47879,meeting-translator,106768,284.22,mac,707254bd1029
2940.0,47892,com.apple.WebKit.GPU,38848,80.49,mac,707254bd1029
2940.0,47893,com.apple.WebKit.Networking,12848,53.31,mac,707254bd1029
2940.0,47894,com.apple.WebKit.WebContent,35888,105.24,mac,707254bd1029
2940.0,47896,com.apple.WebKit.WebContent,122016,166.87,mac,707254bd1029
2940.0,47898,asr-worker,678912,36.77,mac,707254bd1029
2940.0,47903,llama-server,2032448,881.52,mac,707254bd1029
2950.0,47879,meeting-translator,108816,285.21,mac,707254bd1029
2950.0,47892,com.apple.WebKit.GPU,36976,80.76,mac,707254bd1029
2950.0,47893,com.apple.WebKit.Networking,12704,53.50,mac,707254bd1029
2950.0,47894,com.apple.WebKit.WebContent,35856,105.61,mac,707254bd1029
2950.0,47896,com.apple.WebKit.WebContent,116384,167.66,mac,707254bd1029
2950.0,47898,asr-worker,676816,36.87,mac,707254bd1029
2950.0,47903,llama-server,2019904,884.32,mac,707254bd1029
2960.0,47879,meeting-translator,110240,286.18,mac,707254bd1029
2960.0,47892,com.apple.WebKit.GPU,39200,81.09,mac,707254bd1029
2960.0,47893,com.apple.WebKit.Networking,12768,53.71,mac,707254bd1029
2960.0,47894,com.apple.WebKit.WebContent,43952,106.00,mac,707254bd1029
2960.0,47896,com.apple.WebKit.WebContent,207616,168.63,mac,707254bd1029
2960.0,47898,asr-worker,683664,36.99,mac,707254bd1029
2960.0,47903,llama-server,2035168,889.09,mac,707254bd1029
2970.0,47879,meeting-translator,109824,287.14,mac,707254bd1029
2970.0,47892,com.apple.WebKit.GPU,41888,81.34,mac,707254bd1029
2970.0,47893,com.apple.WebKit.Networking,12928,53.89,mac,707254bd1029
2970.0,47894,com.apple.WebKit.WebContent,43840,106.35,mac,707254bd1029
2970.0,47896,com.apple.WebKit.WebContent,207648,169.45,mac,707254bd1029
2970.0,47898,asr-worker,683808,37.05,mac,707254bd1029
2970.0,47903,llama-server,2046912,891.10,mac,707254bd1029
2980.0,47879,meeting-translator,110608,288.11,mac,707254bd1029
2980.0,47892,com.apple.WebKit.GPU,43536,81.65,mac,707254bd1029
2980.0,47893,com.apple.WebKit.Networking,12912,54.09,mac,707254bd1029
2980.0,47894,com.apple.WebKit.WebContent,44576,106.73,mac,707254bd1029
2980.0,47896,com.apple.WebKit.WebContent,196384,170.46,mac,707254bd1029
2980.0,47898,asr-worker,684304,37.20,mac,707254bd1029
2980.0,47903,llama-server,2064480,894.92,mac,707254bd1029
2990.0,47879,meeting-translator,110656,289.09,mac,707254bd1029
2990.0,47892,com.apple.WebKit.GPU,42736,81.93,mac,707254bd1029
2990.0,47893,com.apple.WebKit.Networking,12864,54.28,mac,707254bd1029
2990.0,47894,com.apple.WebKit.WebContent,44320,107.09,mac,707254bd1029
2990.0,47896,com.apple.WebKit.WebContent,106448,171.38,mac,707254bd1029
2990.0,47898,asr-worker,684352,37.28,mac,707254bd1029
2990.0,47903,llama-server,2053856,897.70,mac,707254bd1029
3000.0,47879,meeting-translator,108896,290.07,mac,707254bd1029
3000.0,47892,com.apple.WebKit.GPU,43232,82.21,mac,707254bd1029
3000.0,47893,com.apple.WebKit.Networking,12752,54.47,mac,707254bd1029
3000.0,47894,com.apple.WebKit.WebContent,43792,107.45,mac,707254bd1029
3000.0,47896,com.apple.WebKit.WebContent,111952,172.20,mac,707254bd1029
3000.0,47898,asr-worker,682864,37.38,mac,707254bd1029
3000.0,47903,llama-server,2043696,900.19,mac,707254bd1029
3010.0,47879,meeting-translator,107024,291.04,mac,707254bd1029
3010.0,47892,com.apple.WebKit.GPU,43424,82.51,mac,707254bd1029
3010.0,47893,com.apple.WebKit.Networking,12768,54.66,mac,707254bd1029
3010.0,47894,com.apple.WebKit.WebContent,44400,107.83,mac,707254bd1029
3010.0,47896,com.apple.WebKit.WebContent,120768,173.11,mac,707254bd1029
3010.0,47898,asr-worker,685520,37.56,mac,707254bd1029
3010.0,47903,llama-server,2064656,903.75,mac,707254bd1029
3020.0,47879,meeting-translator,108000,292.02,mac,707254bd1029
3020.0,47892,com.apple.WebKit.GPU,43584,82.79,mac,707254bd1029
3020.0,47893,com.apple.WebKit.Networking,12800,54.86,mac,707254bd1029
3020.0,47894,com.apple.WebKit.WebContent,44064,108.19,mac,707254bd1029
3020.0,47896,com.apple.WebKit.WebContent,143152,173.94,mac,707254bd1029
3020.0,47898,asr-worker,684512,37.66,mac,707254bd1029
3020.0,47903,llama-server,2073264,906.95,mac,707254bd1029
3030.0,47879,meeting-translator,108208,293.01,mac,707254bd1029
3030.0,47892,com.apple.WebKit.GPU,41872,83.06,mac,707254bd1029
3030.0,47893,com.apple.WebKit.Networking,12784,55.05,mac,707254bd1029
3030.0,47894,com.apple.WebKit.WebContent,43920,108.56,mac,707254bd1029
3030.0,47896,com.apple.WebKit.WebContent,112256,174.74,mac,707254bd1029
3030.0,47898,asr-worker,681920,37.77,mac,707254bd1029
3030.0,47903,llama-server,2070656,909.37,mac,707254bd1029
3040.0,47879,meeting-translator,108816,293.97,mac,707254bd1029
3040.0,47892,com.apple.WebKit.GPU,43328,83.37,mac,707254bd1029
3040.0,47893,com.apple.WebKit.Networking,12768,55.25,mac,707254bd1029
3040.0,47894,com.apple.WebKit.WebContent,43888,108.92,mac,707254bd1029
3040.0,47896,com.apple.WebKit.WebContent,126160,175.69,mac,707254bd1029
3040.0,47898,asr-worker,683904,37.94,mac,707254bd1029
3040.0,47903,llama-server,2078080,913.03,mac,707254bd1029
3050.0,47879,meeting-translator,110064,294.93,mac,707254bd1029
3050.0,47892,com.apple.WebKit.GPU,43136,83.66,mac,707254bd1029
3050.0,47893,com.apple.WebKit.Networking,12784,55.44,mac,707254bd1029
3050.0,47894,com.apple.WebKit.WebContent,43872,109.28,mac,707254bd1029
3050.0,47896,com.apple.WebKit.WebContent,123776,176.57,mac,707254bd1029
3050.0,47898,asr-worker,684160,38.03,mac,707254bd1029
3050.0,47903,llama-server,2067312,916.59,mac,707254bd1029
3060.0,47879,meeting-translator,109744,295.90,mac,707254bd1029
3060.0,47892,com.apple.WebKit.GPU,40688,83.98,mac,707254bd1029
3060.0,47893,com.apple.WebKit.Networking,12672,55.63,mac,707254bd1029
3060.0,47894,com.apple.WebKit.WebContent,43392,109.65,mac,707254bd1029
3060.0,47896,com.apple.WebKit.WebContent,131760,177.53,mac,707254bd1029
3060.0,47898,asr-worker,681296,38.20,mac,707254bd1029
3060.0,47903,llama-server,2069904,920.28,mac,707254bd1029
3070.0,47879,meeting-translator,109808,296.88,mac,707254bd1029
3070.0,47892,com.apple.WebKit.GPU,39776,84.26,mac,707254bd1029
3070.0,47893,com.apple.WebKit.Networking,12528,55.82,mac,707254bd1029
3070.0,47894,com.apple.WebKit.WebContent,36912,110.01,mac,707254bd1029
3070.0,47896,com.apple.WebKit.WebContent,119808,178.33,mac,707254bd1029
3070.0,47898,asr-worker,681296,38.31,mac,707254bd1029
3070.0,47903,llama-server,2056864,922.67,mac,707254bd1029
3080.0,47879,meeting-translator,109136,297.85,mac,707254bd1029
3080.0,47892,com.apple.WebKit.GPU,39824,84.51,mac,707254bd1029
3080.0,47893,com.apple.WebKit.Networking,12576,56.00,mac,707254bd1029
3080.0,47894,com.apple.WebKit.WebContent,40800,110.37,mac,707254bd1029
3080.0,47896,com.apple.WebKit.WebContent,116576,179.14,mac,707254bd1029
3080.0,47898,asr-worker,681104,38.38,mac,707254bd1029
3080.0,47903,llama-server,2047040,924.62,mac,707254bd1029
3090.0,47879,meeting-translator,107792,298.83,mac,707254bd1029
3090.0,47892,com.apple.WebKit.GPU,40640,84.77,mac,707254bd1029
3090.0,47893,com.apple.WebKit.Networking,12400,56.17,mac,707254bd1029
3090.0,47894,com.apple.WebKit.WebContent,41392,110.74,mac,707254bd1029
3090.0,47896,com.apple.WebKit.WebContent,109536,179.93,mac,707254bd1029
3090.0,47898,asr-worker,680912,38.47,mac,707254bd1029
3090.0,47903,llama-server,2038352,926.47,mac,707254bd1029
3100.0,47879,meeting-translator,109280,299.80,mac,707254bd1029
3100.0,47892,com.apple.WebKit.GPU,40272,85.06,mac,707254bd1029
3100.0,47893,com.apple.WebKit.Networking,12800,56.37,mac,707254bd1029
3100.0,47894,com.apple.WebKit.WebContent,46464,111.11,mac,707254bd1029
3100.0,47896,com.apple.WebKit.WebContent,123680,180.90,mac,707254bd1029
3100.0,47898,asr-worker,683296,38.66,mac,707254bd1029
3100.0,47903,llama-server,2043632,930.06,mac,707254bd1029
3110.0,47879,meeting-translator,108416,300.77,mac,707254bd1029
3110.0,47892,com.apple.WebKit.GPU,40048,85.34,mac,707254bd1029
3110.0,47893,com.apple.WebKit.Networking,12592,56.56,mac,707254bd1029
3110.0,47894,com.apple.WebKit.WebContent,42528,111.47,mac,707254bd1029
3110.0,47896,com.apple.WebKit.WebContent,113360,181.76,mac,707254bd1029
3110.0,47898,asr-worker,681024,38.80,mac,707254bd1029
3110.0,47903,llama-server,2042912,932.89,mac,707254bd1029
3120.0,47879,meeting-translator,105008,301.72,mac,707254bd1029
3120.0,47892,com.apple.WebKit.GPU,36880,85.64,mac,707254bd1029
3120.0,47893,com.apple.WebKit.Networking,12672,56.75,mac,707254bd1029
3120.0,47894,com.apple.WebKit.WebContent,39776,111.84,mac,707254bd1029
3120.0,47896,com.apple.WebKit.WebContent,97568,182.68,mac,707254bd1029
3120.0,47898,asr-worker,674608,38.97,mac,707254bd1029
3120.0,47903,llama-server,2045840,936.66,mac,707254bd1029
3130.0,47879,meeting-translator,107056,302.68,mac,707254bd1029
3130.0,47892,com.apple.WebKit.GPU,40816,85.92,mac,707254bd1029
3130.0,47893,com.apple.WebKit.Networking,12688,56.94,mac,707254bd1029
3130.0,47894,com.apple.WebKit.WebContent,46544,112.22,mac,707254bd1029
3130.0,47896,com.apple.WebKit.WebContent,118800,183.60,mac,707254bd1029
3130.0,47898,asr-worker,678656,39.09,mac,707254bd1029
3130.0,47903,llama-server,2051952,939.95,mac,707254bd1029
3140.0,47879,meeting-translator,108544,303.67,mac,707254bd1029
3140.0,47892,com.apple.WebKit.GPU,41616,86.19,mac,707254bd1029
3140.0,47893,com.apple.WebKit.Networking,12704,57.14,mac,707254bd1029
3140.0,47894,com.apple.WebKit.WebContent,47664,112.59,mac,707254bd1029
3140.0,47896,com.apple.WebKit.WebContent,122496,184.50,mac,707254bd1029
3140.0,47898,asr-worker,678848,39.20,mac,707254bd1029
3140.0,47903,llama-server,2065904,943.29,mac,707254bd1029
3150.0,47879,meeting-translator,107280,304.65,mac,707254bd1029
3150.0,47892,com.apple.WebKit.GPU,37520,86.47,mac,707254bd1029
3150.0,47893,com.apple.WebKit.Networking,12704,57.32,mac,707254bd1029
3150.0,47894,com.apple.WebKit.WebContent,45456,112.94,mac,707254bd1029
3150.0,47896,com.apple.WebKit.WebContent,126512,185.27,mac,707254bd1029
3150.0,47898,asr-worker,676768,39.35,mac,707254bd1029
3150.0,47903,llama-server,2041376,945.63,mac,707254bd1029
3160.0,47879,meeting-translator,112992,305.61,mac,707254bd1029
3160.0,47892,com.apple.WebKit.GPU,37760,86.76,mac,707254bd1029
3160.0,47893,com.apple.WebKit.Networking,12672,57.50,mac,707254bd1029
3160.0,47894,com.apple.WebKit.WebContent,45200,113.30,mac,707254bd1029
3160.0,47896,com.apple.WebKit.WebContent,114480,186.11,mac,707254bd1029
3160.0,47898,asr-worker,676880,39.51,mac,707254bd1029
3160.0,47903,llama-server,2041232,948.35,mac,707254bd1029
3170.0,47879,meeting-translator,112736,306.59,mac,707254bd1029
3170.0,47892,com.apple.WebKit.GPU,37856,87.02,mac,707254bd1029
3170.0,47893,com.apple.WebKit.Networking,12592,57.67,mac,707254bd1029
3170.0,47894,com.apple.WebKit.WebContent,44352,113.65,mac,707254bd1029
3170.0,47896,com.apple.WebKit.WebContent,104800,186.93,mac,707254bd1029
3170.0,47898,asr-worker,677232,39.61,mac,707254bd1029
3170.0,47903,llama-server,2048384,949.73,mac,707254bd1029
3180.0,47879,meeting-translator,110944,307.58,mac,707254bd1029
3180.0,47892,com.apple.WebKit.GPU,40288,87.31,mac,707254bd1029
3180.0,47893,com.apple.WebKit.Networking,12768,57.87,mac,707254bd1029
3180.0,47894,com.apple.WebKit.WebContent,43648,114.02,mac,707254bd1029
3180.0,47896,com.apple.WebKit.WebContent,98096,187.94,mac,707254bd1029
3180.0,47898,asr-worker,675424,39.75,mac,707254bd1029
3180.0,47903,llama-server,2056752,953.03,mac,707254bd1029
3190.0,47879,meeting-translator,109360,308.57,mac,707254bd1029
3190.0,47892,com.apple.WebKit.GPU,40976,87.58,mac,707254bd1029
3190.0,47893,com.apple.WebKit.Networking,12704,58.06,mac,707254bd1029
3190.0,47894,com.apple.WebKit.WebContent,42896,114.38,mac,707254bd1029
3190.0,47896,com.apple.WebKit.WebContent,119472,188.82,mac,707254bd1029
3190.0,47898,asr-worker,677504,39.85,mac,707254bd1029
3190.0,47903,llama-server,2037008,955.80,mac,707254bd1029
3200.0,47879,meeting-translator,112768,309.55,mac,707254bd1029
3200.0,47892,com.apple.WebKit.GPU,41856,87.87,mac,707254bd1029
3200.0,47893,com.apple.WebKit.Networking,12768,58.26,mac,707254bd1029
3200.0,47894,com.apple.WebKit.WebContent,44768,114.75,mac,707254bd1029
3200.0,47896,com.apple.WebKit.WebContent,144704,189.80,mac,707254bd1029
3200.0,47898,asr-worker,677712,40.01,mac,707254bd1029
3200.0,47903,llama-server,2056768,960.08,mac,707254bd1029
3210.0,47879,meeting-translator,109456,310.51,mac,707254bd1029
3210.0,47892,com.apple.WebKit.GPU,40416,88.14,mac,707254bd1029
3210.0,47893,com.apple.WebKit.Networking,12224,58.45,mac,707254bd1029
3210.0,47894,com.apple.WebKit.WebContent,43600,115.11,mac,707254bd1029
3210.0,47896,com.apple.WebKit.WebContent,132704,190.66,mac,707254bd1029
3210.0,47898,asr-worker,679360,40.15,mac,707254bd1029
3210.0,47903,llama-server,2059040,963.25,mac,707254bd1029
3220.0,47879,meeting-translator,109168,311.48,mac,707254bd1029
3220.0,47892,com.apple.WebKit.GPU,40960,88.41,mac,707254bd1029
3220.0,47893,com.apple.WebKit.Networking,12560,58.63,mac,707254bd1029
3220.0,47894,com.apple.WebKit.WebContent,45696,115.49,mac,707254bd1029
3220.0,47896,com.apple.WebKit.WebContent,135264,191.56,mac,707254bd1029
3220.0,47898,asr-worker,679232,40.26,mac,707254bd1029
3220.0,47903,llama-server,2060144,965.99,mac,707254bd1029
3230.0,47879,meeting-translator,108960,312.45,mac,707254bd1029
3230.0,47892,com.apple.WebKit.GPU,40256,88.70,mac,707254bd1029
3230.0,47893,com.apple.WebKit.Networking,12528,58.83,mac,707254bd1029
3230.0,47894,com.apple.WebKit.WebContent,43872,115.85,mac,707254bd1029
3230.0,47896,com.apple.WebKit.WebContent,135216,192.46,mac,707254bd1029
3230.0,47898,asr-worker,676432,40.37,mac,707254bd1029
3230.0,47903,llama-server,2056128,969.00,mac,707254bd1029
3240.0,47879,meeting-translator,105776,313.39,mac,707254bd1029
3240.0,47892,com.apple.WebKit.GPU,37232,88.98,mac,707254bd1029
3240.0,47893,com.apple.WebKit.Networking,12608,59.03,mac,707254bd1029
3240.0,47894,com.apple.WebKit.WebContent,36976,116.20,mac,707254bd1029
3240.0,47896,com.apple.WebKit.WebContent,105744,193.40,mac,707254bd1029
3240.0,47898,asr-worker,680832,40.50,mac,707254bd1029
3240.0,47903,llama-server,2041152,972.88,mac,707254bd1029
3250.0,47879,meeting-translator,107680,314.36,mac,707254bd1029
3250.0,47892,com.apple.WebKit.GPU,37808,89.24,mac,707254bd1029
3250.0,47893,com.apple.WebKit.Networking,12672,59.22,mac,707254bd1029
3250.0,47894,com.apple.WebKit.WebContent,37968,116.56,mac,707254bd1029
3250.0,47896,com.apple.WebKit.WebContent,112896,194.38,mac,707254bd1029
3250.0,47898,asr-worker,681376,40.64,mac,707254bd1029
3250.0,47903,llama-server,2052224,976.23,mac,707254bd1029
3260.0,47879,meeting-translator,108256,315.36,mac,707254bd1029
3260.0,47892,com.apple.WebKit.GPU,38448,89.44,mac,707254bd1029
3260.0,47893,com.apple.WebKit.Networking,12768,59.39,mac,707254bd1029
3260.0,47894,com.apple.WebKit.WebContent,44560,116.90,mac,707254bd1029
3260.0,47896,com.apple.WebKit.WebContent,95040,194.98,mac,707254bd1029
3260.0,47898,asr-worker,681248,40.74,mac,707254bd1029
3260.0,47903,llama-server,2055536,977.86,mac,707254bd1029
3270.0,47879,meeting-translator,106192,316.27,mac,707254bd1029
3270.0,47892,com.apple.WebKit.GPU,37456,89.67,mac,707254bd1029
3270.0,47893,com.apple.WebKit.Networking,12944,59.55,mac,707254bd1029
3270.0,47894,com.apple.WebKit.WebContent,41296,117.21,mac,707254bd1029
3270.0,47896,com.apple.WebKit.WebContent,79696,195.59,mac,707254bd1029
3270.0,47898,asr-worker,674288,40.81,mac,707254bd1029
3270.0,47903,llama-server,2022544,979.24,mac,707254bd1029
3280.0,47879,meeting-translator,106864,317.22,mac,707254bd1029
3280.0,47892,com.apple.WebKit.GPU,33136,89.94,mac,707254bd1029
3280.0,47893,com.apple.WebKit.Networking,12576,59.72,mac,707254bd1029
3280.0,47894,com.apple.WebKit.WebContent,38768,117.55,mac,707254bd1029
3280.0,47896,com.apple.WebKit.WebContent,83376,196.38,mac,707254bd1029
3280.0,47898,asr-worker,676112,40.90,mac,707254bd1029
3280.0,47903,llama-server,2012912,981.10,mac,707254bd1029
3290.0,47879,meeting-translator,107872,318.19,mac,707254bd1029
3290.0,47892,com.apple.WebKit.GPU,32960,90.19,mac,707254bd1029
3290.0,47893,com.apple.WebKit.Networking,12576,59.89,mac,707254bd1029
3290.0,47894,com.apple.WebKit.WebContent,34480,117.90,mac,707254bd1029
3290.0,47896,com.apple.WebKit.WebContent,93488,197.13,mac,707254bd1029
3290.0,47898,asr-worker,675200,40.93,mac,707254bd1029
3290.0,47903,llama-server,2009440,981.71,mac,707254bd1029
3300.0,47879,meeting-translator,110176,319.18,mac,707254bd1029
3300.0,47892,com.apple.WebKit.GPU,28464,90.31,mac,707254bd1029
3300.0,47893,com.apple.WebKit.Networking,12704,60.03,mac,707254bd1029
3300.0,47894,com.apple.WebKit.WebContent,34944,118.18,mac,707254bd1029
3300.0,47896,com.apple.WebKit.WebContent,91600,197.43,mac,707254bd1029
3300.0,47898,asr-worker,671392,40.93,mac,707254bd1029
3300.0,47903,llama-server,2005984,981.74,mac,707254bd1029
3310.0,47879,meeting-translator,109280,320.15,mac,707254bd1029
3310.0,47892,com.apple.WebKit.GPU,35392,90.58,mac,707254bd1029
3310.0,47893,com.apple.WebKit.Networking,12880,60.21,mac,707254bd1029
3310.0,47894,com.apple.WebKit.WebContent,35632,118.54,mac,707254bd1029
3310.0,47896,com.apple.WebKit.WebContent,101632,198.22,mac,707254bd1029
3310.0,47898,asr-worker,679168,41.02,mac,707254bd1029
3310.0,47903,llama-server,2011360,983.80,mac,707254bd1029
3320.0,47879,meeting-translator,110512,321.13,mac,707254bd1029
3320.0,47892,com.apple.WebKit.GPU,36928,90.85,mac,707254bd1029
3320.0,47893,com.apple.WebKit.Networking,12864,60.39,mac,707254bd1029
3320.0,47894,com.apple.WebKit.WebContent,38320,118.90,mac,707254bd1029
3320.0,47896,com.apple.WebKit.WebContent,125280,199.12,mac,707254bd1029
3320.0,47898,asr-worker,681232,41.11,mac,707254bd1029
3320.0,47903,llama-server,2024368,985.89,mac,707254bd1029
3330.0,47879,meeting-translator,111680,322.09,mac,707254bd1029
3330.0,47892,com.apple.WebKit.GPU,38448,91.11,mac,707254bd1029
3330.0,47893,com.apple.WebKit.Networking,13024,60.58,mac,707254bd1029
3330.0,47894,com.apple.WebKit.WebContent,38848,119.25,mac,707254bd1029
3330.0,47896,com.apple.WebKit.WebContent,138816,200.01,mac,707254bd1029
3330.0,47898,asr-worker,685392,41.23,mac,707254bd1029
3330.0,47903,llama-server,2044928,988.89,mac,707254bd1029
3340.0,47879,meeting-translator,110528,323.05,mac,707254bd1029
3340.0,47892,com.apple.WebKit.GPU,36736,91.37,mac,707254bd1029
3340.0,47893,com.apple.WebKit.Networking,12992,60.76,mac,707254bd1029
3340.0,47894,com.apple.WebKit.WebContent,39280,119.60,mac,707254bd1029
3340.0,47896,com.apple.WebKit.WebContent,163232,201.02,mac,707254bd1029
3340.0,47898,asr-worker,683296,41.36,mac,707254bd1029
3340.0,47903,llama-server,2041408,991.77,mac,707254bd1029
3350.0,47879,meeting-translator,110032,324.01,mac,707254bd1029
3350.0,47892,com.apple.WebKit.GPU,35952,91.64,mac,707254bd1029
3350.0,47893,com.apple.WebKit.Networking,12912,60.96,mac,707254bd1029
3350.0,47894,com.apple.WebKit.WebContent,43616,119.98,mac,707254bd1029
3350.0,47896,com.apple.WebKit.WebContent,157408,202.00,mac,707254bd1029
3350.0,47898,asr-worker,683536,41.49,mac,707254bd1029
3350.0,47903,llama-server,2061056,995.20,mac,707254bd1029
3360.0,47879,meeting-translator,109392,324.94,mac,707254bd1029
3360.0,47892,com.apple.WebKit.GPU,34768,91.91,mac,707254bd1029
3360.0,47893,com.apple.WebKit.Networking,12736,61.15,mac,707254bd1029
3360.0,47894,com.apple.WebKit.WebContent,41936,120.33,mac,707254bd1029
3360.0,47896,com.apple.WebKit.WebContent,128480,202.96,mac,707254bd1029
3360.0,47898,asr-worker,679072,41.61,mac,707254bd1029
3360.0,47903,llama-server,2056416,998.24,mac,707254bd1029
3370.0,47879,meeting-translator,108256,325.90,mac,707254bd1029
3370.0,47892,com.apple.WebKit.GPU,36000,92.20,mac,707254bd1029
3370.0,47893,com.apple.WebKit.Networking,12736,61.34,mac,707254bd1029
3370.0,47894,com.apple.WebKit.WebContent,39760,120.69,mac,707254bd1029
3370.0,47896,com.apple.WebKit.WebContent,125072,204.01,mac,707254bd1029
3370.0,47898,asr-worker,679104,41.74,mac,707254bd1029
3370.0,47903,llama-server,2047184,1001.69,mac,707254bd1029
3380.0,47879,meeting-translator,107552,326.88,mac,707254bd1029
3380.0,47892,com.apple.WebKit.GPU,40928,92.46,mac,707254bd1029
3380.0,47893,com.apple.WebKit.Networking,12768,61.52,mac,707254bd1029
3380.0,47894,com.apple.WebKit.WebContent,43872,121.06,mac,707254bd1029
3380.0,47896,com.apple.WebKit.WebContent,85936,204.96,mac,707254bd1029
3380.0,47898,asr-worker,679200,41.83,mac,707254bd1029
3380.0,47903,llama-server,2052320,1004.37,mac,707254bd1029
3390.0,47879,meeting-translator,106704,327.85,mac,707254bd1029
3390.0,47892,com.apple.WebKit.GPU,36832,92.72,mac,707254bd1029
3390.0,47893,com.apple.WebKit.Networking,12816,61.70,mac,707254bd1029
3390.0,47894,com.apple.WebKit.WebContent,43408,121.41,mac,707254bd1029
3390.0,47896,com.apple.WebKit.WebContent,101136,205.76,mac,707254bd1029
3390.0,47898,asr-worker,679248,41.96,mac,707254bd1029
3390.0,47903,llama-server,2046912,1006.21,mac,707254bd1029
3400.0,47879,meeting-translator,104240,328.80,mac,707254bd1029
3400.0,47892,com.apple.WebKit.GPU,39424,93.01,mac,707254bd1029
3400.0,47893,com.apple.WebKit.Networking,12672,61.90,mac,707254bd1029
3400.0,47894,com.apple.WebKit.WebContent,43952,121.79,mac,707254bd1029
3400.0,47896,com.apple.WebKit.WebContent,94736,206.73,mac,707254bd1029
3400.0,47898,asr-worker,678528,42.06,mac,707254bd1029
3400.0,47903,llama-server,2025472,1009.48,mac,707254bd1029
3410.0,47879,meeting-translator,108064,329.77,mac,707254bd1029
3410.0,47892,com.apple.WebKit.GPU,40208,93.30,mac,707254bd1029
3410.0,47893,com.apple.WebKit.Networking,12800,62.10,mac,707254bd1029
3410.0,47894,com.apple.WebKit.WebContent,44112,122.15,mac,707254bd1029
3410.0,47896,com.apple.WebKit.WebContent,97184,207.80,mac,707254bd1029
3410.0,47898,asr-worker,680928,42.28,mac,707254bd1029
3410.0,47903,llama-server,2046752,1013.99,mac,707254bd1029
3420.0,47879,meeting-translator,109856,330.73,mac,707254bd1029
3420.0,47892,com.apple.WebKit.GPU,36368,93.56,mac,707254bd1029
3420.0,47893,com.apple.WebKit.Networking,12640,62.28,mac,707254bd1029
3420.0,47894,com.apple.WebKit.WebContent,42272,122.51,mac,707254bd1029
3420.0,47896,com.apple.WebKit.WebContent,98256,208.62,mac,707254bd1029
3420.0,47898,asr-worker,683056,42.36,mac,707254bd1029
3420.0,47903,llama-server,2032176,1016.40,mac,707254bd1029
3430.0,47879,meeting-translator,105920,331.64,mac,707254bd1029
3430.0,47892,com.apple.WebKit.GPU,37680,93.82,mac,707254bd1029
3430.0,47893,com.apple.WebKit.Networking,12416,62.48,mac,707254bd1029
3430.0,47894,com.apple.WebKit.WebContent,41840,122.86,mac,707254bd1029
3430.0,47896,com.apple.WebKit.WebContent,109200,209.49,mac,707254bd1029
3430.0,47898,asr-worker,678720,42.50,mac,707254bd1029
3430.0,47903,llama-server,2044512,1020.17,mac,707254bd1029
3440.0,47879,meeting-translator,102432,332.61,mac,707254bd1029
3440.0,47892,com.apple.WebKit.GPU,37904,94.11,mac,707254bd1029
3440.0,47893,com.apple.WebKit.Networking,12512,62.68,mac,707254bd1029
3440.0,47894,com.apple.WebKit.WebContent,39552,123.24,mac,707254bd1029
3440.0,47896,com.apple.WebKit.WebContent,108352,210.53,mac,707254bd1029
3440.0,47898,asr-worker,676656,42.62,mac,707254bd1029
3440.0,47903,llama-server,2046976,1023.81,mac,707254bd1029
3450.0,47879,meeting-translator,104992,333.56,mac,707254bd1029
3450.0,47892,com.apple.WebKit.GPU,39280,94.37,mac,707254bd1029
3450.0,47893,com.apple.WebKit.Networking,12496,62.86,mac,707254bd1029
3450.0,47894,com.apple.WebKit.WebContent,39488,123.59,mac,707254bd1029
3450.0,47896,com.apple.WebKit.WebContent,128576,211.39,mac,707254bd1029
3450.0,47898,asr-worker,676736,42.70,mac,707254bd1029
3450.0,47903,llama-server,2051168,1026.09,mac,707254bd1029
3460.0,47879,meeting-translator,109104,334.54,mac,707254bd1029
3460.0,47892,com.apple.WebKit.GPU,39392,94.65,mac,707254bd1029
3460.0,47893,com.apple.WebKit.Networking,12816,63.05,mac,707254bd1029
3460.0,47894,com.apple.WebKit.WebContent,43888,123.97,mac,707254bd1029
3460.0,47896,com.apple.WebKit.WebContent,128304,212.26,mac,707254bd1029
3460.0,47898,asr-worker,678640,42.80,mac,707254bd1029
3460.0,47903,llama-server,2064400,1029.10,mac,707254bd1029
3470.0,47879,meeting-translator,110592,335.52,mac,707254bd1029
3470.0,47892,com.apple.WebKit.GPU,41760,94.96,mac,707254bd1029
3470.0,47893,com.apple.WebKit.Networking,12464,63.24,mac,707254bd1029
3470.0,47894,com.apple.WebKit.WebContent,43200,124.33,mac,707254bd1029
3470.0,47896,com.apple.WebKit.WebContent,111376,213.13,mac,707254bd1029
3470.0,47898,asr-worker,683632,42.95,mac,707254bd1029
3470.0,47903,llama-server,2036864,1031.94,mac,707254bd1029
3480.0,47879,meeting-translator,110496,336.32,mac,707254bd1029
3480.0,47892,com.apple.WebKit.GPU,41184,95.20,mac,707254bd1029
3480.0,47893,com.apple.WebKit.Networking,12752,63.42,mac,707254bd1029
3480.0,47894,com.apple.WebKit.WebContent,40864,124.64,mac,707254bd1029
3480.0,47896,com.apple.WebKit.WebContent,120592,214.01,mac,707254bd1029
3480.0,47898,asr-worker,681600,43.03,mac,707254bd1029
3480.0,47903,llama-server,2041488,1035.82,mac,707254bd1029
3490.0,47879,meeting-translator,106240,337.11,mac,707254bd1029
3490.0,47892,com.apple.WebKit.GPU,43408,95.47,mac,707254bd1029
3490.0,47893,com.apple.WebKit.Networking,12912,63.57,mac,707254bd1029
3490.0,47894,com.apple.WebKit.WebContent,40496,124.94,mac,707254bd1029
3490.0,47896,com.apple.WebKit.WebContent,102448,214.81,mac,707254bd1029
3490.0,47898,asr-worker,683664,43.14,mac,707254bd1029
3490.0,47903,llama-server,2034352,1038.20,mac,707254bd1029
3500.0,47879,meeting-translator,109696,337.90,mac,707254bd1029
3500.0,47892,com.apple.WebKit.GPU,43584,95.67,mac,707254bd1029
3500.0,47893,com.apple.WebKit.Networking,12912,63.72,mac,707254bd1029
3500.0,47894,com.apple.WebKit.WebContent,43600,125.22,mac,707254bd1029
3500.0,47896,com.apple.WebKit.WebContent,102656,215.55,mac,707254bd1029
3500.0,47898,asr-worker,683984,43.25,mac,707254bd1029
3500.0,47903,llama-server,2039472,1040.45,mac,707254bd1029
3510.0,47879,meeting-translator,109680,338.65,mac,707254bd1029
3510.0,47892,com.apple.WebKit.GPU,42560,95.87,mac,707254bd1029
3510.0,47893,com.apple.WebKit.Networking,12656,63.87,mac,707254bd1029
3510.0,47894,com.apple.WebKit.WebContent,43440,125.49,mac,707254bd1029
3510.0,47896,com.apple.WebKit.WebContent,102432,216.26,mac,707254bd1029
3510.0,47898,asr-worker,676672,43.36,mac,707254bd1029
3510.0,47903,llama-server,2025248,1042.58,mac,707254bd1029
3520.0,47879,meeting-translator,108320,339.42,mac,707254bd1029
3520.0,47892,com.apple.WebKit.GPU,43248,96.10,mac,707254bd1029
3520.0,47893,com.apple.WebKit.Networking,12816,64.04,mac,707254bd1029
3520.0,47894,com.apple.WebKit.WebContent,46368,125.79,mac,707254bd1029
3520.0,47896,com.apple.WebKit.WebContent,81728,217.14,mac,707254bd1029
3520.0,47898,asr-worker,679216,43.48,mac,707254bd1029
3520.0,47903,llama-server,2039424,1046.20,mac,707254bd1029
3530.0,47879,meeting-translator,106192,340.20,mac,707254bd1029
3530.0,47892,com.apple.WebKit.GPU,39840,96.30,mac,707254bd1029
3530.0,47893,com.apple.WebKit.Networking,12672,64.19,mac,707254bd1029
3530.0,47894,com.apple.WebKit.WebContent,41440,126.06,mac,707254bd1029
3530.0,47896,com.apple.WebKit.WebContent,115616,217.85,mac,707254bd1029
3530.0,47898,asr-worker,678928,43.63,mac,707254bd1029
3530.0,47903,llama-server,2037104,1048.58,mac,707254bd1029
3540.0,47879,meeting-translator,105072,341.05,mac,707254bd1029
3540.0,47892,com.apple.WebKit.GPU,37904,96.56,mac,707254bd1029
3540.0,47893,com.apple.WebKit.Networking,12704,64.37,mac,707254bd1029
3540.0,47894,com.apple.WebKit.WebContent,39280,126.38,mac,707254bd1029
3540.0,47896,com.apple.WebKit.WebContent,101040,218.69,mac,707254bd1029
3540.0,47898,asr-worker,678992,43.79,mac,707254bd1029
3540.0,47903,llama-server,2038368,1051.94,mac,707254bd1029
3550.0,47879,meeting-translator,106464,342.03,mac,707254bd1029
3550.0,47892,com.apple.WebKit.GPU,40624,96.84,mac,707254bd1029
3550.0,47893,com.apple.WebKit.Networking,12720,64.56,mac,707254bd1029
3550.0,47894,com.apple.WebKit.WebContent,40096,126.74,mac,707254bd1029
3550.0,47896,com.apple.WebKit.WebContent,145200,219.59,mac,707254bd1029
3550.0,47898,asr-worker,679008,43.89,mac,707254bd1029
3550.0,47903,llama-server,2051392,1054.81,mac,707254bd1029
3560.0,47879,meeting-translator,107392,343.01,mac,707254bd1029
3560.0,47892,com.apple.WebKit.GPU,41168,97.11,mac,707254bd1029
3560.0,47893,com.apple.WebKit.Networking,12784,64.74,mac,707254bd1029
3560.0,47894,com.apple.WebKit.WebContent,44288,127.11,mac,707254bd1029
3560.0,47896,com.apple.WebKit.WebContent,145344,220.49,mac,707254bd1029
3560.0,47898,asr-worker,678816,43.98,mac,707254bd1029
3560.0,47903,llama-server,2061216,1056.83,mac,707254bd1029
3570.0,47879,meeting-translator,107888,343.98,mac,707254bd1029
3570.0,47892,com.apple.WebKit.GPU,40672,97.40,mac,707254bd1029
3570.0,47893,com.apple.WebKit.Networking,12816,64.94,mac,707254bd1029
3570.0,47894,com.apple.WebKit.WebContent,44656,127.49,mac,707254bd1029
3570.0,47896,com.apple.WebKit.WebContent,91728,221.51,mac,707254bd1029
3570.0,47898,asr-worker,674928,44.11,mac,707254bd1029
3570.0,47903,llama-server,2051712,1060.14,mac,707254bd1029
3580.0,47879,meeting-translator,107072,344.96,mac,707254bd1029
3580.0,47892,com.apple.WebKit.GPU,39504,97.65,mac,707254bd1029
3580.0,47893,com.apple.WebKit.Networking,12832,65.12,mac,707254bd1029
3580.0,47894,com.apple.WebKit.WebContent,44432,127.84,mac,707254bd1029
3580.0,47896,com.apple.WebKit.WebContent,124592,222.39,mac,707254bd1029
3580.0,47898,asr-worker,679360,44.22,mac,707254bd1029
3580.0,47903,llama-server,2063024,1062.53,mac,707254bd1029
3590.0,47879,meeting-translator,108032,345.94,mac,707254bd1029
3590.0,47892,com.apple.WebKit.GPU,37136,97.93,mac,707254bd1029
3590.0,47893,com.apple.WebKit.Networking,12768,65.31,mac,707254bd1029
3590.0,47894,com.apple.WebKit.WebContent,44000,128.20,mac,707254bd1029
3590.0,47896,com.apple.WebKit.WebContent,125088,223.38,mac,707254bd1029
3590.0,47898,asr-worker,682032,44.41,mac,707254bd1029
3590.0,47903,llama-server,2045040,1065.70,mac,707254bd1029
3600.0,47879,meeting-translator,104272,346.91,mac,707254bd1029
3600.0,47892,com.apple.WebKit.GPU,35552,98.18,mac,707254bd1029
3600.0,47893,com.apple.WebKit.Networking,12720,65.51,mac,707254bd1029
3600.0,47894,com.apple.WebKit.WebContent,43168,128.56,mac,707254bd1029
3600.0,47896,com.apple.WebKit.WebContent,72096,224.34,mac,707254bd1029
3600.0,47898,asr-worker,681840,44.49,mac,707254bd1029
3600.0,47903,llama-server,2043872,1068.30,mac,707254bd1029
3610.0,47879,meeting-translator,107856,347.89,mac,707254bd1029
3610.0,47892,com.apple.WebKit.GPU,35536,98.46,mac,707254bd1029
3610.0,47893,com.apple.WebKit.Networking,12768,65.69,mac,707254bd1029
3610.0,47894,com.apple.WebKit.WebContent,40880,128.93,mac,707254bd1029
3610.0,47896,com.apple.WebKit.WebContent,72288,225.30,mac,707254bd1029
3610.0,47898,asr-worker,682224,44.63,mac,707254bd1029
3610.0,47903,llama-server,2053584,1070.89,mac,707254bd1029
3620.0,47879,meeting-translator,109232,348.88,mac,707254bd1029
3620.0,47892,com.apple.WebKit.GPU,38816,98.78,mac,707254bd1029
3620.0,47893,com.apple.WebKit.Networking,12800,65.90,mac,707254bd1029
3620.0,47894,com.apple.WebKit.WebContent,45600,129.30,mac,707254bd1029
3620.0,47896,com.apple.WebKit.WebContent,83584,226.44,mac,707254bd1029
3620.0,47898,asr-worker,682208,44.77,mac,707254bd1029
3620.0,47903,llama-server,2061136,1075.50,mac,707254bd1029
3630.0,47879,meeting-translator,108384,349.85,mac,707254bd1029
3630.0,47892,com.apple.WebKit.GPU,39456,99.06,mac,707254bd1029
3630.0,47893,com.apple.WebKit.Networking,12768,66.10,mac,707254bd1029
3630.0,47894,com.apple.WebKit.WebContent,40592,129.66,mac,707254bd1029
3630.0,47896,com.apple.WebKit.WebContent,142288,227.34,mac,707254bd1029
3630.0,47898,asr-worker,682096,44.86,mac,707254bd1029
3630.0,47903,llama-server,2067472,1078.53,mac,707254bd1029
3640.0,47879,meeting-translator,108368,350.81,mac,707254bd1029
3640.0,47892,com.apple.WebKit.GPU,39280,99.33,mac,707254bd1029
3640.0,47893,com.apple.WebKit.Networking,12720,66.28,mac,707254bd1029
3640.0,47894,com.apple.WebKit.WebContent,44448,130.02,mac,707254bd1029
3640.0,47896,com.apple.WebKit.WebContent,143008,228.23,mac,707254bd1029
3640.0,47898,asr-worker,682128,44.98,mac,707254bd1029
3640.0,47903,llama-server,2057440,1080.90,mac,707254bd1029
3650.0,47879,meeting-translator,107520,351.77,mac,707254bd1029
3650.0,47892,com.apple.WebKit.GPU,36128,99.62,mac,707254bd1029
3650.0,47893,com.apple.WebKit.Networking,12864,66.48,mac,707254bd1029
3650.0,47894,com.apple.WebKit.WebContent,43936,130.38,mac,707254bd1029
3650.0,47896,com.apple.WebKit.WebContent,149360,229.18,mac,707254bd1029
3650.0,47898,asr-worker,681920,45.06,mac,707254bd1029
3650.0,47903,llama-server,2052256,1084.46,mac,707254bd1029
3660.0,47879,meeting-translator,103568,352.72,mac,707254bd1029
3660.0,47892,com.apple.WebKit.GPU,33296,99.87,mac,707254bd1029
3660.0,47893,com.apple.WebKit.Networking,12768,66.66,mac,707254bd1029
3660.0,47894,com.apple.WebKit.WebContent,39296,130.72,mac,707254bd1029
3660.0,47896,com.apple.WebKit.WebContent,85808,230.05,mac,707254bd1029
3660.0,47898,asr-worker,678960,45.16,mac,707254bd1029
3660.0,47903,llama-server,2032016,1086.63,mac,707254bd1029
3670.0,47879,meeting-translator,106288,353.63,mac,707254bd1029
3670.0,47892,com.apple.WebKit.GPU,33440,100.10,mac,707254bd1029
3670.0,47893,com.apple.WebKit.Networking,12544,66.83,mac,707254bd1029
3670.0,47894,com.apple.WebKit.WebContent,35840,131.07,mac,707254bd1029
3670.0,47896,com.apple.WebKit.WebContent,103248,230.82,mac,707254bd1029
3670.0,47898,asr-worker,674384,45.25,mac,707254bd1029
3670.0,47903,llama-server,2023920,1088.51,mac,707254bd1029
3680.0,47879,meeting-translator,106352,354.57,mac,707254bd1029
3680.0,47892,com.apple.WebKit.GPU,38720,100.33,mac,707254bd1029
3680.0,47893,com.apple.WebKit.Networking,12592,66.99,mac,707254bd1029
3680.0,47894,com.apple.WebKit.WebContent,39440,131.41,mac,707254bd1029
3680.0,47896,com.apple.WebKit.WebContent,91424,231.54,mac,707254bd1029
3680.0,47898,asr-worker,676224,45.31,mac,707254bd1029
3680.0,47903,llama-server,2015392,1089.71,mac,707254bd1029
3690.0,47879,meeting-translator,108512,355.53,mac,707254bd1029
3690.0,47892,com.apple.WebKit.GPU,40304,100.61,mac,707254bd1029
3690.0,47893,com.apple.WebKit.Networking,12816,67.17,mac,707254bd1029
3690.0,47894,com.apple.WebKit.WebContent,40640,131.77,mac,707254bd1029
3690.0,47896,com.apple.WebKit.WebContent,114000,232.43,mac,707254bd1029
3690.0,47898,asr-worker,676176,45.40,mac,707254bd1029
3690.0,47903,llama-server,2031424,1092.26,mac,707254bd1029
3700.0,47879,meeting-translator,108448,356.45,mac,707254bd1029
3700.0,47892,com.apple.WebKit.GPU,36704,100.89,mac,707254bd1029
3700.0,47893,com.apple.WebKit.Networking,12944,67.39,mac,707254bd1029
3700.0,47894,com.apple.WebKit.WebContent,44944,132.15,mac,707254bd1029
3700.0,47896,com.apple.WebKit.WebContent,116432,233.60,mac,707254bd1029
3700.0,47898,asr-worker,678640,45.55,mac,707254bd1029
3700.0,47903,llama-server,2032672,1097.31,mac,707254bd1029
3710.0,47879,meeting-translator,108320,357.39,mac,707254bd1029
3710.0,47892,com.apple.WebKit.GPU,37168,101.17,mac,707254bd1029
3710.0,47893,com.apple.WebKit.Networking,12928,67.59,mac,707254bd1029
3710.0,47894,com.apple.WebKit.WebContent,44768,132.50,mac,707254bd1029
3710.0,47896,com.apple.WebKit.WebContent,116880,234.60,mac,707254bd1029
3710.0,47898,asr-worker,679360,45.71,mac,707254bd1029
3710.0,47903,llama-server,2050928,1100.45,mac,707254bd1029
3720.0,47879,meeting-translator,106384,358.32,mac,707254bd1029
3720.0,47892,com.apple.WebKit.GPU,35136,101.44,mac,707254bd1029
3720.0,47893,com.apple.WebKit.Networking,12768,67.77,mac,707254bd1029
3720.0,47894,com.apple.WebKit.WebContent,40320,132.85,mac,707254bd1029
3720.0,47896,com.apple.WebKit.WebContent,113920,235.51,mac,707254bd1029
3720.0,47898,asr-worker,679200,45.82,mac,707254bd1029
3720.0,47903,llama-server,2053488,1102.56,mac,707254bd1029
3730.0,47879,meeting-translator,107904,359.25,mac,707254bd1029
3730.0,47892,com.apple.WebKit.GPU,35968,101.69,mac,707254bd1029
3730.0,47893,com.apple.WebKit.Networking,13008,67.95,mac,707254bd1029
3730.0,47894,com.apple.WebKit.WebContent,42880,133.21,mac,707254bd1029
3730.0,47896,com.apple.WebKit.WebContent,115104,236.36,mac,707254bd1029
3730.0,47898,asr-worker,681936,45.94,mac,707254bd1029
3730.0,47903,llama-server,2060448,1104.94,mac,707254bd1029
3740.0,47879,meeting-translator,109392,360.23,mac,707254bd1029
3740.0,47892,com.apple.WebKit.GPU,36656,101.87,mac,707254bd1029
3740.0,47893,com.apple.WebKit.Networking,12624,68.11,mac,707254bd1029
3740.0,47894,com.apple.WebKit.WebContent,44784,133.53,mac,707254bd1029
3740.0,47896,com.apple.WebKit.WebContent,113328,236.93,mac,707254bd1029
3740.0,47898,asr-worker,681728,46.00,mac,707254bd1029
3740.0,47903,llama-server,2056400,1106.84,mac,707254bd1029
3750.0,47879,meeting-translator,107120,361.17,mac,707254bd1029
3750.0,47892,com.apple.WebKit.GPU,36416,102.10,mac,707254bd1029
3750.0,47893,com.apple.WebKit.Networking,12848,68.27,mac,707254bd1029
3750.0,47894,com.apple.WebKit.WebContent,40000,133.86,mac,707254bd1029
3750.0,47896,com.apple.WebKit.WebContent,116640,237.62,mac,707254bd1029
3750.0,47898,asr-worker,679168,46.09,mac,707254bd1029
3750.0,47903,llama-server,2061136,1108.55,mac,707254bd1029
3760.0,47879,meeting-translator,108032,362.10,mac,707254bd1029
3760.0,47892,com.apple.WebKit.GPU,36016,102.36,mac,707254bd1029
3760.0,47893,com.apple.WebKit.Networking,12944,68.45,mac,707254bd1029
3760.0,47894,com.apple.WebKit.WebContent,39920,134.19,mac,707254bd1029
3760.0,47896,com.apple.WebKit.WebContent,117696,238.46,mac,707254bd1029
3760.0,47898,asr-worker,679760,46.22,mac,707254bd1029
3760.0,47903,llama-server,2027920,1110.81,mac,707254bd1029
3770.0,47879,meeting-translator,108624,363.02,mac,707254bd1029
3770.0,47892,com.apple.WebKit.GPU,36464,102.60,mac,707254bd1029
3770.0,47893,com.apple.WebKit.Networking,12688,68.63,mac,707254bd1029
3770.0,47894,com.apple.WebKit.WebContent,40064,134.54,mac,707254bd1029
3770.0,47896,com.apple.WebKit.WebContent,114272,239.29,mac,707254bd1029
3770.0,47898,asr-worker,681904,46.31,mac,707254bd1029
3770.0,47903,llama-server,2037152,1113.01,mac,707254bd1029
3780.0,47879,meeting-translator,106016,363.91,mac,707254bd1029
3780.0,47892,com.apple.WebKit.GPU,35024,102.83,mac,707254bd1029
3780.0,47893,com.apple.WebKit.Networking,12592,68.80,mac,707254bd1029
3780.0,47894,com.apple.WebKit.WebContent,36736,134.86,mac,707254bd1029
3780.0,47896,com.apple.WebKit.WebContent,74864,240.19,mac,707254bd1029
3780.0,47898,asr-worker,683904,46.40,mac,707254bd1029
3780.0,47903,llama-server,2052000,1115.57,mac,707254bd1029
3790.0,47879,meeting-translator,106368,364.90,mac,707254bd1029
3790.0,47892,com.apple.WebKit.GPU,36208,103.11,mac,707254bd1029
3790.0,47893,com.apple.WebKit.Networking,12624,69.00,mac,707254bd1029
3790.0,47894,com.apple.WebKit.WebContent,43568,135.24,mac,707254bd1029
3790.0,47896,com.apple.WebKit.WebContent,76400,241.28,mac,707254bd1029
3790.0,47898,asr-worker,686144,46.56,mac,707254bd1029
3790.0,47903,llama-server,2067248,1119.57,mac,707254bd1029
3800.0,47879,meeting-translator,109152,365.89,mac,707254bd1029
3800.0,47892,com.apple.WebKit.GPU,37264,103.38,mac,707254bd1029
3800.0,47893,com.apple.WebKit.Networking,12800,69.19,mac,707254bd1029
3800.0,47894,com.apple.WebKit.WebContent,44512,135.62,mac,707254bd1029
3800.0,47896,com.apple.WebKit.WebContent,112272,242.23,mac,707254bd1029
3800.0,47898,asr-worker,686336,46.69,mac,707254bd1029
3800.0,47903,llama-server,2072464,1122.88,mac,707254bd1029
3810.0,47879,meeting-translator,106880,366.85,mac,707254bd1029
3810.0,47892,com.apple.WebKit.GPU,34384,103.62,mac,707254bd1029
3810.0,47893,com.apple.WebKit.Networking,12480,69.37,mac,707254bd1029
3810.0,47894,com.apple.WebKit.WebContent,44192,135.97,mac,707254bd1029
3810.0,47896,com.apple.WebKit.WebContent,74176,243.12,mac,707254bd1029
3810.0,47898,asr-worker,682816,46.76,mac,707254bd1029
3810.0,47903,llama-server,2058160,1124.99,mac,707254bd1029
3820.0,47879,meeting-translator,108656,367.79,mac,707254bd1029
3820.0,47892,com.apple.WebKit.GPU,36912,103.91,mac,707254bd1029
3820.0,47893,com.apple.WebKit.Networking,12560,69.57,mac,707254bd1029
3820.0,47894,com.apple.WebKit.WebContent,43408,136.33,mac,707254bd1029
3820.0,47896,com.apple.WebKit.WebContent,76592,244.15,mac,707254bd1029
3820.0,47898,asr-worker,678528,46.90,mac,707254bd1029
3820.0,47903,llama-server,2053632,1128.75,mac,707254bd1029
3830.0,47879,meeting-translator,107536,368.75,mac,707254bd1029
3830.0,47892,com.apple.WebKit.GPU,36192,104.19,mac,707254bd1029
3830.0,47893,com.apple.WebKit.Networking,12816,69.76,mac,707254bd1029
3830.0,47894,com.apple.WebKit.WebContent,43088,136.69,mac,707254bd1029
3830.0,47896,com.apple.WebKit.WebContent,113456,245.09,mac,707254bd1029
3830.0,47898,asr-worker,681568,47.03,mac,707254bd1029
3830.0,47903,llama-server,2050352,1132.12,mac,707254bd1029
3840.0,47879,meeting-translator,107824,369.71,mac,707254bd1029
3840.0,47892,com.apple.WebKit.GPU,36864,104.48,mac,707254bd1029
3840.0,47893,com.apple.WebKit.Networking,12832,69.96,mac,707254bd1029
3840.0,47894,com.apple.WebKit.WebContent,38096,137.05,mac,707254bd1029
3840.0,47896,com.apple.WebKit.WebContent,122352,246.13,mac,707254bd1029
3840.0,47898,asr-worker,683728,47.17,mac,707254bd1029
3840.0,47903,llama-server,2051728,1136.12,mac,707254bd1029
3850.0,47879,meeting-translator,107920,370.67,mac,707254bd1029
3850.0,47892,com.apple.WebKit.GPU,37056,104.74,mac,707254bd1029
3850.0,47893,com.apple.WebKit.Networking,12736,70.14,mac,707254bd1029
3850.0,47894,com.apple.WebKit.WebContent,39360,137.40,mac,707254bd1029
3850.0,47896,com.apple.WebKit.WebContent,125488,247.02,mac,707254bd1029
3850.0,47898,asr-worker,683952,47.30,mac,707254bd1029
3850.0,47903,llama-server,2055728,1138.64,mac,707254bd1029
3860.0,47879,meeting-translator,109104,371.64,mac,707254bd1029
3860.0,47892,com.apple.WebKit.GPU,37792,105.00,mac,707254bd1029
3860.0,47893,com.apple.WebKit.Networking,12720,70.32,mac,707254bd1029
3860.0,47894,com.apple.WebKit.WebContent,43152,137.76,mac,707254bd1029
3860.0,47896,com.apple.WebKit.WebContent,91584,247.96,mac,707254bd1029
3860.0,47898,asr-worker,684512,47.41,mac,707254bd1029
3860.0,47903,llama-server,2059728,1140.90,mac,707254bd1029
3870.0,47879,meeting-translator,106720,372.58,mac,707254bd1029
3870.0,47892,com.apple.WebKit.GPU,35088,105.30,mac,707254bd1029
3870.0,47893,com.apple.WebKit.Networking,12592,70.52,mac,707254bd1029
3870.0,47894,com.apple.WebKit.WebContent,47136,138.14,mac,707254bd1029
3870.0,47896,com.apple.WebKit.WebContent,149104,248.96,mac,707254bd1029
3870.0,47898,asr-worker,683584,47.54,mac,707254bd1029
3870.0,47903,llama-server,2060576,1144.97,mac,707254bd1029
3880.0,47879,meeting-translator,107840,373.53,mac,707254bd1029
3880.0,47892,com.apple.WebKit.GPU,40224,105.57,mac,707254bd1029
3880.0,47893,com.apple.WebKit.Networking,12608,70.71,mac,707254bd1029
3880.0,47894,com.apple.WebKit.WebContent,47680,138.50,mac,707254bd1029
3880.0,47896,com.apple.WebKit.WebContent,149344,249.99,mac,707254bd1029
3880.0,47898,asr-worker,683760,47.75,mac,707254bd1029
3880.0,47903,llama-server,2068016,1149.18,mac,707254bd1029
3890.0,47879,meeting-translator,107984,374.50,mac,707254bd1029
3890.0,47892,com.apple.WebKit.GPU,40528,105.87,mac,707254bd1029
3890.0,47893,com.apple.WebKit.Networking,12608,70.91,mac,707254bd1029
3890.0,47894,com.apple.WebKit.WebContent,48032,138.88,mac,707254bd1029
3890.0,47896,com.apple.WebKit.WebContent,128304,251.02,mac,707254bd1029
3890.0,47898,asr-worker,681680,47.93,mac,707254bd1029
3890.0,47903,llama-server,2072816,1153.72,mac,707254bd1029
3900.0,47879,meeting-translator,107328,375.46,mac,707254bd1029
3900.0,47892,com.apple.WebKit.GPU,35312,106.14,mac,707254bd1029
3900.0,47893,com.apple.WebKit.Networking,12528,71.10,mac,707254bd1029
3900.0,47894,com.apple.WebKit.WebContent,45952,139.23,mac,707254bd1029
3900.0,47896,com.apple.WebKit.WebContent,100176,252.00,mac,707254bd1029
3900.0,47898,asr-worker,677120,48.12,mac,707254bd1029
3900.0,47903,llama-server,2043584,1157.00,mac,707254bd1029
3910.0,47879,meeting-translator,107072,376.42,mac,707254bd1029
3910.0,47892,com.apple.WebKit.GPU,34032,106.39,mac,707254bd1029
3910.0,47893,com.apple.WebKit.Networking,12480,71.29,mac,707254bd1029
3910.0,47894,com.apple.WebKit.WebContent,43696,139.58,mac,707254bd1029
3910.0,47896,com.apple.WebKit.WebContent,100736,252.98,mac,707254bd1029
3910.0,47898,asr-worker,676784,48.26,mac,707254bd1029
3910.0,47903,llama-server,2048400,1160.11,mac,707254bd1029
3920.0,47879,meeting-translator,108416,377.40,mac,707254bd1029
3920.0,47892,com.apple.WebKit.GPU,34816,106.65,mac,707254bd1029
3920.0,47893,com.apple.WebKit.Networking,12608,71.48,mac,707254bd1029
3920.0,47894,com.apple.WebKit.WebContent,46480,139.94,mac,707254bd1029
3920.0,47896,com.apple.WebKit.WebContent,131808,253.89,mac,707254bd1029
3920.0,47898,asr-worker,676880,48.42,mac,707254bd1029
3920.0,47903,llama-server,2037808,1162.97,mac,707254bd1029
3930.0,47879,meeting-translator,107728,378.35,mac,707254bd1029
3930.0,47892,com.apple.WebKit.GPU,36736,106.91,mac,707254bd1029
3930.0,47893,com.apple.WebKit.Networking,12704,71.66,mac,707254bd1029
3930.0,47894,com.apple.WebKit.WebContent,45232,140.30,mac,707254bd1029
3930.0,47896,com.apple.WebKit.WebContent,110144,254.84,mac,707254bd1029
3930.0,47898,asr-worker,676912,48.58,mac,707254bd1029
3930.0,47903,llama-server,2047184,1166.25,mac,707254bd1029
3940.0,47879,meeting-translator,107856,379.31,mac,707254bd1029
3940.0,47892,com.apple.WebKit.GPU,36992,107.18,mac,707254bd1029
3940.0,47893,com.apple.WebKit.Networking,12704,71.84,mac,707254bd1029
3940.0,47894,com.apple.WebKit.WebContent,45552,140.65,mac,707254bd1029
3940.0,47896,com.apple.WebKit.WebContent,105904,255.83,mac,707254bd1029
3940.0,47898,asr-worker,676912,48.69,mac,707254bd1029
3940.0,47903,llama-server,2060160,1169.06,mac,707254bd1029
3950.0,47879,meeting-translator,107696,380.28,mac,707254bd1029
3950.0,47892,com.apple.WebKit.GPU,38608,107.46,mac,707254bd1029
3950.0,47893,com.apple.WebKit.Networking,12752,72.03,mac,707254bd1029
3950.0,47894,com.apple.WebKit.WebContent,44224,141.01,mac,707254bd1029
3950.0,47896,com.apple.WebKit.WebContent,129088,256.79,mac,707254bd1029
3950.0,47898,asr-worker,674672,48.83,mac,707254bd1029
3950.0,47903,llama-server,2061920,1172.31,mac,707254bd1029
3960.0,47879,meeting-translator,105200,381.26,mac,707254bd1029
3960.0,47892,com.apple.WebKit.GPU,36496,107.73,mac,707254bd1029
3960.0,47893,com.apple.WebKit.Networking,12560,72.22,mac,707254bd1029
3960.0,47894,com.apple.WebKit.WebContent,45456,141.38,mac,707254bd1029
3960.0,47896,com.apple.WebKit.WebContent,95040,257.87,mac,707254bd1029
3960.0,47898,asr-worker,677296,49.02,mac,707254bd1029
3960.0,47903,llama-server,2044272,1176.40,mac,707254bd1029
3970.0,47879,meeting-translator,103424,382.25,mac,707254bd1029
3970.0,47892,com.apple.WebKit.GPU,36368,107.99,mac,707254bd1029
3970.0,47893,com.apple.WebKit.Networking,12800,72.41,mac,707254bd1029
3970.0,47894,com.apple.WebKit.WebContent,45168,141.74,mac,707254bd1029
3970.0,47896,com.apple.WebKit.WebContent,121936,258.79,mac,707254bd1029
3970.0,47898,asr-worker,681504,49.16,mac,707254bd1029
3970.0,47903,llama-server,2042192,1179.65,mac,707254bd1029
3980.0,47879,meeting-translator,108272,383.23,mac,707254bd1029
3980.0,47892,com.apple.WebKit.GPU,39824,108.28,mac,707254bd1029
3980.0,47893,com.apple.WebKit.Networking,12768,72.61,mac,707254bd1029
3980.0,47894,com.apple.WebKit.WebContent,46320,142.10,mac,707254bd1029
3980.0,47896,com.apple.WebKit.WebContent,122416,259.82,mac,707254bd1029
3980.0,47898,asr-worker,681568,49.33,mac,707254bd1029
3980.0,47903,llama-server,2045184,1183.20,mac,707254bd1029
3990.0,47879,meeting-translator,108624,384.20,mac,707254bd1029
3990.0,47892,com.apple.WebKit.GPU,39584,108.54,mac,707254bd1029
3990.0,47893,com.apple.WebKit.Networking,12720,72.79,mac,707254bd1029
3990.0,47894,com.apple.WebKit.WebContent,45680,142.46,mac,707254bd1029
3990.0,47896,com.apple.WebKit.WebContent,96048,260.72,mac,707254bd1029
3990.0,47898,asr-worker,681712,49.45,mac,707254bd1029
3990.0,47903,llama-server,2052144,1185.53,mac,707254bd1029
4000.0,47879,meeting-translator,108272,385.16,mac,707254bd1029
4000.0,47892,com.apple.WebKit.GPU,41264,108.82,mac,707254bd1029
4000.0,47893,com.apple.WebKit.Networking,12704,72.99,mac,707254bd1029
4000.0,47894,com.apple.WebKit.WebContent,45248,142.81,mac,707254bd1029
4000.0,47896,com.apple.WebKit.WebContent,87792,261.81,mac,707254bd1029
4000.0,47898,asr-worker,681760,49.63,mac,707254bd1029
4000.0,47903,llama-server,2059856,1189.76,mac,707254bd1029
4010.0,47879,meeting-translator,107072,386.11,mac,707254bd1029
4010.0,47892,com.apple.WebKit.GPU,39952,109.12,mac,707254bd1029
4010.0,47893,com.apple.WebKit.Networking,12608,73.18,mac,707254bd1029
4010.0,47894,com.apple.WebKit.WebContent,44736,143.17,mac,707254bd1029
4010.0,47896,com.apple.WebKit.WebContent,83280,262.85,mac,707254bd1029
4010.0,47898,asr-worker,683952,49.77,mac,707254bd1029
4010.0,47903,llama-server,2052000,1192.93,mac,707254bd1029
4020.0,47879,meeting-translator,104288,387.05,mac,707254bd1029
4020.0,47892,com.apple.WebKit.GPU,36144,109.40,mac,707254bd1029
4020.0,47893,com.apple.WebKit.Networking,12672,73.38,mac,707254bd1029
4020.0,47894,com.apple.WebKit.WebContent,44736,143.53,mac,707254bd1029
4020.0,47896,com.apple.WebKit.WebContent,75664,263.87,mac,707254bd1029
4020.0,47898,asr-worker,680896,49.92,mac,707254bd1029
4020.0,47903,llama-server,2041840,1196.73,mac,707254bd1029
4030.0,47879,meeting-translator,104528,388.02,mac,707254bd1029
4030.0,47892,com.apple.WebKit.GPU,36864,109.67,mac,707254bd1029
4030.0,47893,com.apple.WebKit.Networking,12672,73.58,mac,707254bd1029
4030.0,47894,com.apple.WebKit.WebContent,48128,143.91,mac,707254bd1029
4030.0,47896,com.apple.WebKit.WebContent,104848,264.91,mac,707254bd1029
4030.0,47898,asr-worker,676560,50.06,mac,707254bd1029
4030.0,47903,llama-server,2044832,1201.11,mac,707254bd1029
4040.0,47879,meeting-translator,107296,389.02,mac,707254bd1029
4040.0,47892,com.apple.WebKit.GPU,40608,109.96,mac,707254bd1029
4040.0,47893,com.apple.WebKit.Networking,12480,73.76,mac,707254bd1029
4040.0,47894,com.apple.WebKit.WebContent,45888,144.28,mac,707254bd1029
4040.0,47896,com.apple.WebKit.WebContent,119760,265.82,mac,707254bd1029
4040.0,47898,asr-worker,678544,50.21,mac,707254bd1029
4040.0,47903,llama-server,2029472,1204.04,mac,707254bd1029
4050.0,47879,meeting-translator,107552,389.94,mac,707254bd1029
4050.0,47892,com.apple.WebKit.GPU,40080,110.22,mac,707254bd1029
4050.0,47893,com.apple.WebKit.Networking,12528,73.95,mac,707254bd1029
4050.0,47894,com.apple.WebKit.WebContent,43840,144.63,mac,707254bd1029
4050.0,47896,com.apple.WebKit.WebContent,96464,266.67,mac,707254bd1029
4050.0,47898,asr-worker,676352,50.36,mac,707254bd1029
4050.0,47903,llama-server,2022816,1206.84,mac,707254bd1029
4060.0,47879,meeting-translator,108192,390.88,mac,707254bd1029
4060.0,47892,com.apple.WebKit.GPU,38256,110.45,mac,707254bd1029
4060.0,47893,com.apple.WebKit.Networking,12592,74.10,mac,707254bd1029
4060.0,47894,com.apple.WebKit.WebContent,42816,144.97,mac,707254bd1029
4060.0,47896,com.apple.WebKit.WebContent,106528,267.39,mac,707254bd1029
4060.0,47898,asr-worker,674608,50.39,mac,707254bd1029
4060.0,47903,llama-server,2027936,1207.22,mac,707254bd1029
4070.0,47879,meeting-translator,105728,391.83,mac,707254bd1029
4070.0,47892,com.apple.WebKit.GPU,38736,110.74,mac,707254bd1029
4070.0,47893,com.apple.WebKit.Networking,12640,74.28,mac,707254bd1029
4070.0,47894,com.apple.WebKit.WebContent,42656,145.34,mac,707254bd1029
4070.0,47896,com.apple.WebKit.WebContent,91216,268.36,mac,707254bd1029
4070.0,47898,asr-worker,679104,50.55,mac,707254bd1029
4070.0,47903,llama-server,2025328,1210.26,mac,707254bd1029
4080.0,47879,meeting-translator,106000,392.80,mac,707254bd1029
4080.0,47892,com.apple.WebKit.GPU,38064,111.01,mac,707254bd1029
4080.0,47893,com.apple.WebKit.Networking,12656,74.46,mac,707254bd1029
4080.0,47894,com.apple.WebKit.WebContent,45936,145.70,mac,707254bd1029
4080.0,47896,com.apple.WebKit.WebContent,95792,269.24,mac,707254bd1029
4080.0,47898,asr-worker,679200,50.65,mac,707254bd1029
4080.0,47903,llama-server,2030448,1212.33,mac,707254bd1029
4090.0,47879,meeting-translator,108448,393.75,mac,707254bd1029
4090.0,47892,com.apple.WebKit.GPU,38480,111.30,mac,707254bd1029
4090.0,47893,com.apple.WebKit.Networking,12688,74.65,mac,707254bd1029
4090.0,47894,com.apple.WebKit.WebContent,46416,146.06,mac,707254bd1029
4090.0,47896,com.apple.WebKit.WebContent,155264,270.19,mac,707254bd1029
4090.0,47898,asr-worker,681520,50.78,mac,707254bd1029
4090.0,47903,llama-server,2041472,1215.70,mac,707254bd1029
4100.0,47879,meeting-translator,108544,394.72,mac,707254bd1029
4100.0,47892,com.apple.WebKit.GPU,39248,111.53,mac,707254bd1029
4100.0,47893,com.apple.WebKit.Networking,12608,74.83,mac,707254bd1029
4100.0,47894,com.apple.WebKit.WebContent,45808,146.40,mac,707254bd1029
4100.0,47896,com.apple.WebKit.WebContent,149232,270.92,mac,707254bd1029
4100.0,47898,asr-worker,681344,50.91,mac,707254bd1029
4100.0,47903,llama-server,2049520,1218.34,mac,707254bd1029
4110.0,47879,meeting-translator,107824,395.68,mac,707254bd1029
4110.0,47892,com.apple.WebKit.GPU,37776,111.73,mac,707254bd1029
4110.0,47893,com.apple.WebKit.Networking,12640,74.98,mac,707254bd1029
4110.0,47894,com.apple.WebKit.WebContent,44880,146.71,mac,707254bd1029
4110.0,47896,com.apple.WebKit.WebContent,75312,271.52,mac,707254bd1029
4110.0,47898,asr-worker,681536,50.99,mac,707254bd1029
4110.0,47903,llama-server,2039744,1219.72,mac,707254bd1029
4120.0,47879,meeting-translator,108384,396.62,mac,707254bd1029
4120.0,47892,com.apple.WebKit.GPU,37968,111.99,mac,707254bd1029
4120.0,47893,com.apple.WebKit.Networking,12752,75.15,mac,707254bd1029
4120.0,47894,com.apple.WebKit.WebContent,45504,147.07,mac,707254bd1029
4120.0,47896,com.apple.WebKit.WebContent,77072,272.41,mac,707254bd1029
4120.0,47898,asr-worker,675344,51.11,mac,707254bd1029
4120.0,47903,llama-server,2036016,1221.56,mac,707254bd1029
4130.0,47879,meeting-translator,108128,397.59,mac,707254bd1029
4130.0,47892,com.apple.WebKit.GPU,37792,112.29,mac,707254bd1029
4130.0,47893,com.apple.WebKit.Networking,12736,75.35,mac,707254bd1029
4130.0,47894,com.apple.WebKit.WebContent,38448,147.43,mac,707254bd1029
4130.0,47896,com.apple.WebKit.WebContent,123376,273.40,mac,707254bd1029
4130.0,47898,asr-worker,676816,51.26,mac,707254bd1029
4130.0,47903,llama-server,2039808,1225.11,mac,707254bd1029
4140.0,47879,meeting-translator,106512,398.55,mac,707254bd1029
4140.0,47892,com.apple.WebKit.GPU,38368,112.59,mac,707254bd1029
4140.0,47893,com.apple.WebKit.Networking,12752,75.54,mac,707254bd1029
4140.0,47894,com.apple.WebKit.WebContent,37680,147.78,mac,707254bd1029
4140.0,47896,com.apple.WebKit.WebContent,88448,274.41,mac,707254bd1029
4140.0,47898,asr-worker,679008,51.44,mac,707254bd1029
4140.0,47903,llama-server,2046096,1228.21,mac,707254bd1029
4150.0,47879,meeting-translator,107552,399.53,mac,707254bd1029
4150.0,47892,com.apple.WebKit.GPU,38656,112.87,mac,707254bd1029
4150.0,47893,com.apple.WebKit.Networking,12464,75.73,mac,707254bd1029
4150.0,47894,com.apple.WebKit.WebContent,37136,148.14,mac,707254bd1029
4150.0,47896,com.apple.WebKit.WebContent,118016,275.38,mac,707254bd1029
4150.0,47898,asr-worker,681024,51.61,mac,707254bd1029
4150.0,47903,llama-server,2035040,1231.67,mac,707254bd1029
4160.0,47879,meeting-translator,107808,400.50,mac,707254bd1029
4160.0,47892,com.apple.WebKit.GPU,38976,113.15,mac,707254bd1029
4160.0,47893,com.apple.WebKit.Networking,12416,75.93,mac,707254bd1029
4160.0,47894,com.apple.WebKit.WebContent,43632,148.52,mac,707254bd1029
4160.0,47896,com.apple.WebKit.WebContent,102688,276.37,mac,707254bd1029
4160.0,47898,asr-worker,681248,51.79,mac,707254bd1029
4160.0,47903,llama-server,2049536,1235.39,mac,707254bd1029
4170.0,47879,meeting-translator,108160,401.46,mac,707254bd1029
4170.0,47892,com.apple.WebKit.GPU,38416,113.43,mac,707254bd1029
4170.0,47893,com.apple.WebKit.Networking,12512,76.15,mac,707254bd1029
4170.0,47894,com.apple.WebKit.WebContent,42864,148.89,mac,707254bd1029
4170.0,47896,com.apple.WebKit.WebContent,149728,277.34,mac,707254bd1029
4170.0,47898,asr-worker,679456,51.93,mac,707254bd1029
4170.0,47903,llama-server,2051296,1239.72,mac,707254bd1029
4180.0,47879,meeting-translator,108432,402.43,mac,707254bd1029
4180.0,47892,com.apple.WebKit.GPU,38624,113.72,mac,707254bd1029
4180.0,47893,com.apple.WebKit.Networking,12688,76.34,mac,707254bd1029
4180.0,47894,com.apple.WebKit.WebContent,42944,149.25,mac,707254bd1029
4180.0,47896,com.apple.WebKit.WebContent,148912,278.41,mac,707254bd1029
4180.0,47898,asr-worker,679600,52.15,mac,707254bd1029
4180.0,47903,llama-server,2050000,1243.52,mac,707254bd1029
4190.0,47879,meeting-translator,107568,403.39,mac,707254bd1029
4190.0,47892,com.apple.WebKit.GPU,37600,113.98,mac,707254bd1029
4190.0,47893,com.apple.WebKit.Networking,12560,76.51,mac,707254bd1029
4190.0,47894,com.apple.WebKit.WebContent,42896,149.60,mac,707254bd1029
4190.0,47896,com.apple.WebKit.WebContent,88896,279.28,mac,707254bd1029
4190.0,47898,asr-worker,679568,52.30,mac,707254bd1029
4190.0,47903,llama-server,2040672,1245.72,mac,707254bd1029
4200.0,47879,meeting-translator,105600,404.35,mac,707254bd1029
4200.0,47892,com.apple.WebKit.GPU,35872,114.27,mac,707254bd1029
4200.0,47893,com.apple.WebKit.Networking,12496,76.70,mac,707254bd1029
4200.0,47894,com.apple.WebKit.WebContent,41984,149.95,mac,707254bd1029
4200.0,47896,com.apple.WebKit.WebContent,82256,280.30,mac,707254bd1029
4200.0,47898,asr-worker,679120,52.44,mac,707254bd1029
4200.0,47903,llama-server,2039104,1249.06,mac,707254bd1029
4210.0,47879,meeting-translator,105920,405.32,mac,707254bd1029
4210.0,47892,com.apple.WebKit.GPU,37760,114.56,mac,707254bd1029
4210.0,47893,com.apple.WebKit.Networking,12640,76.92,mac,707254bd1029
4210.0,47894,com.apple.WebKit.WebContent,37712,150.33,mac,707254bd1029
4210.0,47896,com.apple.WebKit.WebContent,180112,281.39,mac,707254bd1029
4210.0,47898,asr-worker,679056,52.65,mac,707254bd1029
4210.0,47903,llama-server,2048096,1254.24,mac,707254bd1029
4220.0,47879,meeting-translator,107776,406.31,mac,707254bd1029
4220.0,47892,com.apple.WebKit.GPU,38224,114.83,mac,707254bd1029
4220.0,47893,com.apple.WebKit.Networking,12640,77.10,mac,707254bd1029
4220.0,47894,com.apple.WebKit.WebContent,48800,150.72,mac,707254bd1029
4220.0,47896,com.apple.WebKit.WebContent,114768,282.28,mac,707254bd1029
4220.0,47898,asr-worker,681328,52.78,mac,707254bd1029
4220.0,47903,llama-server,2044528,1256.63,mac,707254bd1029
4230.0,47879,meeting-translator,105520,407.26,mac,707254bd1029
4230.0,47892,com.apple.WebKit.GPU,39056,115.12,mac,707254bd1029
4230.0,47893,com.apple.WebKit.Networking,12640,77.30,mac,707254bd1029
4230.0,47894,com.apple.WebKit.WebContent,43344,151.10,mac,707254bd1029
4230.0,47896,com.apple.WebKit.WebContent,162240,283.25,mac,707254bd1029
4230.0,47898,asr-worker,677600,52.89,mac,707254bd1029
4230.0,47903,llama-server,2041312,1259.97,mac,707254bd1029
4240.0,47879,meeting-translator,105568,408.18,mac,707254bd1029
4240.0,47892,com.apple.WebKit.GPU,39056,115.41,mac,707254bd1029
4240.0,47893,com.apple.WebKit.Networking,12528,77.51,mac,707254bd1029
4240.0,47894,com.apple.WebKit.WebContent,41216,151.45,mac,707254bd1029
4240.0,47896,com.apple.WebKit.WebContent,191376,284.25,mac,707254bd1029
4240.0,47898,asr-worker,678720,53.02,mac,707254bd1029
4240.0,47903,llama-server,2030480,1265.62,mac,707254bd1029
4250.0,47879,meeting-translator,107760,409.15,mac,707254bd1029
4250.0,47892,com.apple.WebKit.GPU,38816,115.66,mac,707254bd1029
4250.0,47893,com.apple.WebKit.Networking,12624,77.69,mac,707254bd1029
4250.0,47894,com.apple.WebKit.WebContent,42880,151.81,mac,707254bd1029
4250.0,47896,com.apple.WebKit.WebContent,150000,285.16,mac,707254bd1029
4250.0,47898,asr-worker,678928,53.10,mac,707254bd1029
4250.0,47903,llama-server,2044528,1268.08,mac,707254bd1029
4260.0,47879,meeting-translator,107136,410.15,mac,707254bd1029
4260.0,47892,com.apple.WebKit.GPU,35136,115.93,mac,707254bd1029
4260.0,47893,com.apple.WebKit.Networking,12464,77.88,mac,707254bd1029
4260.0,47894,com.apple.WebKit.WebContent,44864,152.18,mac,707254bd1029
4260.0,47896,com.apple.WebKit.WebContent,108896,286.08,mac,707254bd1029
4260.0,47898,asr-worker,681056,53.22,mac,707254bd1029
4260.0,47903,llama-server,2048320,1270.88,mac,707254bd1029
4270.0,47879,meeting-translator,109024,411.14,mac,707254bd1029
4270.0,47892,com.apple.WebKit.GPU,34720,116.21,mac,707254bd1029
4270.0,47893,com.apple.WebKit.Networking,12368,78.07,mac,707254bd1029
4270.0,47894,com.apple.WebKit.WebContent,43728,152.54,mac,707254bd1029
4270.0,47896,com.apple.WebKit.WebContent,77872,287.10,mac,707254bd1029
4270.0,47898,asr-worker,679504,53.36,mac,707254bd1029
4270.0,47903,llama-server,2047200,1274.18,mac,707254bd1029
4280.0,47879,meeting-translator,109296,412.11,mac,707254bd1029
4280.0,47892,com.apple.WebKit.GPU,37376,116.49,mac,707254bd1029
4280.0,47893,com.apple.WebKit.Networking,12400,78.26,mac,707254bd1029
4280.0,47894,com.apple.WebKit.WebContent,46032,152.91,mac,707254bd1029
4280.0,47896,com.apple.WebKit.WebContent,120672,288.02,mac,707254bd1029
4280.0,47898,asr-worker,679552,53.47,mac,707254bd1029
4280.0,47903,llama-server,2057184,1277.17,mac,707254bd1029
4290.0,47879,meeting-translator,108736,413.08,mac,707254bd1029
4290.0,47892,com.apple.WebKit.GPU,37200,116.77,mac,707254bd1029
4290.0,47893,com.apple.WebKit.Networking,12608,78.46,mac,707254bd1029
4290.0,47894,com.apple.WebKit.WebContent,38416,153.27,mac,707254bd1029
4290.0,47896,com.apple.WebKit.WebContent,92480,289.00,mac,707254bd1029
4290.0,47898,asr-worker,681392,53.61,mac,707254bd1029
4290.0,47903,llama-server,2041152,1280.93,mac,707254bd1029
4300.0,47879,meeting-translator,104944,414.04,mac,707254bd1029
4300.0,47892,com.apple.WebKit.GPU,37072,117.04,mac,707254bd1029
4300.0,47893,com.apple.WebKit.Networking,12608,78.66,mac,707254bd1029
4300.0,47894,com.apple.WebKit.WebContent,45296,153.65,mac,707254bd1029
4300.0,47896,com.apple.WebKit.WebContent,162224,289.97,mac,707254bd1029
4300.0,47898,asr-worker,679328,53.75,mac,707254bd1029
4300.0,47903,llama-server,2061360,1285.31,mac,707254bd1029
4310.0,47879,meeting-translator,103184,415.00,mac,707254bd1029
4310.0,47892,com.apple.WebKit.GPU,34320,117.33,mac,707254bd1029
4310.0,47893,com.apple.WebKit.Networking,12512,78.85,mac,707254bd1029
4310.0,47894,com.apple.WebKit.WebContent,42912,154.01,mac,707254bd1029
4310.0,47896,com.apple.WebKit.WebContent,144512,290.89,mac,707254bd1029
4310.0,47898,asr-worker,679376,53.90,mac,707254bd1029
4310.0,47903,llama-server,2042576,1288.09,mac,707254bd1029
4320.0,47879,meeting-translator,105200,415.96,mac,707254bd1029
4320.0,47892,com.apple.WebKit.GPU,36192,117.61,mac,707254bd1029
4320.0,47893,com.apple.WebKit.Networking,12608,79.05,mac,707254bd1029
4320.0,47894,com.apple.WebKit.WebContent,43456,154.37,mac,707254bd1029
4320.0,47896,com.apple.WebKit.WebContent,145280,291.94,mac,707254bd1029
4320.0,47898,asr-worker,679472,54.02,mac,707254bd1029
4320.0,47903,llama-server,2059712,1291.88,mac,707254bd1029
4330.0,47879,meeting-translator,107008,416.94,mac,707254bd1029
4330.0,47892,com.apple.WebKit.GPU,36864,117.89,mac,707254bd1029
4330.0,47893,com.apple.WebKit.Networking,12752,79.24,mac,707254bd1029
4330.0,47894,com.apple.WebKit.WebContent,43664,154.73,mac,707254bd1029
4330.0,47896,com.apple.WebKit.WebContent,158544,292.84,mac,707254bd1029
4330.0,47898,asr-worker,679232,54.13,mac,707254bd1029
4330.0,47903,llama-server,2074112,1294.94,mac,707254bd1029
4340.0,47879,meeting-translator,106832,417.93,mac,707254bd1029
4340.0,47892,com.apple.WebKit.GPU,37616,118.19,mac,707254bd1029
4340.0,47893,com.apple.WebKit.Networking,12448,79.44,mac,707254bd1029
4340.0,47894,com.apple.WebKit.WebContent,45440,155.11,mac,707254bd1029
4340.0,47896,com.apple.WebKit.WebContent,156128,293.80,mac,707254bd1029
4340.0,47898,asr-worker,681632,54.29,mac,707254bd1029
4340.0,47903,llama-server,2079184,1298.64,mac,707254bd1029
4350.0,47879,meeting-translator,106592,418.90,mac,707254bd1029
4350.0,47892,com.apple.WebKit.GPU,36464,118.48,mac,707254bd1029
4350.0,47893,com.apple.WebKit.Networking,12768,79.63,mac,707254bd1029
4350.0,47894,com.apple.WebKit.WebContent,39136,155.48,mac,707254bd1029
4350.0,47896,com.apple.WebKit.WebContent,150144,294.75,mac,707254bd1029
4350.0,47898,asr-worker,679136,54.44,mac,707254bd1029
4350.0,47903,llama-server,2065488,1302.08,mac,707254bd1029
4360.0,47879,meeting-translator,106800,419.85,mac,707254bd1029
4360.0,47892,com.apple.WebKit.GPU,36448,118.75,mac,707254bd1029
4360.0,47893,com.apple.WebKit.Networking,12608,79.82,mac,707254bd1029
4360.0,47894,com.apple.WebKit.WebContent,39264,155.83,mac,707254bd1029
4360.0,47896,com.apple.WebKit.WebContent,139984,295.70,mac,707254bd1029
4360.0,47898,asr-worker,679152,54.54,mac,707254bd1029
4360.0,47903,llama-server,2059552,1304.93,mac,707254bd1029
4370.0,47879,meeting-translator,106848,420.80,mac,707254bd1029
4370.0,47892,com.apple.WebKit.GPU,36320,119.01,mac,707254bd1029
4370.0,47893,com.apple.WebKit.Networking,12704,80.00,mac,707254bd1029
4370.0,47894,com.apple.WebKit.WebContent,45104,156.19,mac,707254bd1029
4370.0,47896,com.apple.WebKit.WebContent,110048,296.58,mac,707254bd1029
4370.0,47898,asr-worker,679024,54.66,mac,707254bd1029
4370.0,47903,llama-server,2059408,1307.58,mac,707254bd1029
4380.0,47879,meeting-translator,102144,421.77,mac,707254bd1029
4380.0,47892,com.apple.WebKit.GPU,34768,119.27,mac,707254bd1029
4380.0,47893,com.apple.WebKit.Networking,12160,80.18,mac,707254bd1029
4380.0,47894,com.apple.WebKit.WebContent,41856,156.54,mac,707254bd1029
4380.0,47896,com.apple.WebKit.WebContent,115088,297.41,mac,707254bd1029
4380.0,47898,asr-worker,676736,54.77,mac,707254bd1029
4380.0,47903,llama-server,2040560,1310.06,mac,707254bd1029
4390.0,47879,meeting-translator,103424,422.75,mac,707254bd1029
4390.0,47892,com.apple.WebKit.GPU,36128,119.53,mac,707254bd1029
4390.0,47893,com.apple.WebKit.Networking,12560,80.37,mac,707254bd1029
4390.0,47894,com.apple.WebKit.WebContent,43088,156.90,mac,707254bd1029
4390.0,47896,com.apple.WebKit.WebContent,108912,298.42,mac,707254bd1029
4390.0,47898,asr-worker,677024,54.91,mac,707254bd1029
4390.0,47903,llama-server,2049440,1312.95,mac,707254bd1029
4400.0,47879,meeting-translator,105296,423.71,mac,707254bd1029
4400.0,47892,com.apple.WebKit.GPU,35344,119.82,mac,707254bd1029
4400.0,47893,com.apple.WebKit.Networking,12368,80.56,mac,707254bd1029
4400.0,47894,com.apple.WebKit.WebContent,44736,157.26,mac,707254bd1029
4400.0,47896,com.apple.WebKit.WebContent,132848,299.31,mac,707254bd1029
4400.0,47898,asr-worker,677072,55.06,mac,707254bd1029
4400.0,47903,llama-server,2053280,1315.89,mac,707254bd1029
4410.0,47879,meeting-translator,103936,424.65,mac,707254bd1029
4410.0,47892,com.apple.WebKit.GPU,35584,120.09,mac,707254bd1029
4410.0,47893,com.apple.WebKit.Networking,12304,80.75,mac,707254bd1029
4410.0,47894,com.apple.WebKit.WebContent,41920,157.63,mac,707254bd1029
4410.0,47896,com.apple.WebKit.WebContent,145504,300.22,mac,707254bd1029
4410.0,47898,asr-worker,676480,55.14,mac,707254bd1029
4410.0,47903,llama-server,2045824,1318.87,mac,707254bd1029
4420.0,47879,meeting-translator,106128,425.60,mac,707254bd1029
4420.0,47892,com.apple.WebKit.GPU,37200,120.38,mac,707254bd1029
4420.0,47893,com.apple.WebKit.Networking,12720,80.95,mac,707254bd1029
4420.0,47894,com.apple.WebKit.WebContent,45392,158.00,mac,707254bd1029
4420.0,47896,com.apple.WebKit.WebContent,100704,301.24,mac,707254bd1029
4420.0,47898,asr-worker,676784,55.33,mac,707254bd1029
4420.0,47903,llama-server,2049696,1322.81,mac,707254bd1029
4430.0,47879,meeting-translator,106464,426.55,mac,707254bd1029
4430.0,47892,com.apple.WebKit.GPU,35792,120.66,mac,707254bd1029
4430.0,47893,com.apple.WebKit.Networking,12688,81.15,mac,707254bd1029
4430.0,47894,com.apple.WebKit.WebContent,43648,158.36,mac,707254bd1029
4430.0,47896,com.apple.WebKit.WebContent,145984,302.24,mac,707254bd1029
4430.0,47898,asr-worker,676816,55.45,mac,707254bd1029
4430.0,47903,llama-server,2051744,1326.42,mac,707254bd1029
4440.0,47879,meeting-translator,105888,427.49,mac,707254bd1029
4440.0,47892,com.apple.WebKit.GPU,36032,120.93,mac,707254bd1029
4440.0,47893,com.apple.WebKit.Networking,12544,81.33,mac,707254bd1029
4440.0,47894,com.apple.WebKit.WebContent,42912,158.71,mac,707254bd1029
4440.0,47896,com.apple.WebKit.WebContent,138848,303.11,mac,707254bd1029
4440.0,47898,asr-worker,672784,55.58,mac,707254bd1029
4440.0,47903,llama-server,2042384,1329.84,mac,707254bd1029
4450.0,47879,meeting-translator,107328,428.45,mac,707254bd1029
4450.0,47892,com.apple.WebKit.GPU,37600,121.21,mac,707254bd1029
4450.0,47893,com.apple.WebKit.Networking,12672,81.54,mac,707254bd1029
4450.0,47894,com.apple.WebKit.WebContent,43536,159.07,mac,707254bd1029
4450.0,47896,com.apple.WebKit.WebContent,136688,304.11,mac,707254bd1029
4450.0,47898,asr-worker,676928,55.78,mac,707254bd1029
4450.0,47903,llama-server,2060208,1335.05,mac,707254bd1029
4460.0,47879,meeting-translator,105056,429.42,mac,707254bd1029
4460.0,47892,com.apple.WebKit.GPU,38672,121.54,mac,707254bd1029
4460.0,47893,com.apple.WebKit.Networking,12752,81.77,mac,707254bd1029
4460.0,47894,com.apple.WebKit.WebContent,44576,159.45,mac,707254bd1029
4460.0,47896,com.apple.WebKit.WebContent,127952,305.21,mac,707254bd1029
4460.0,47898,asr-worker,677648,55.95,mac,707254bd1029
4460.0,47903,llama-server,2045632,1340.55,mac,707254bd1029
4470.0,47879,meeting-translator,98448,430.29,mac,707254bd1029
4470.0,47892,com.apple.WebKit.GPU,26992,121.77,mac,707254bd1029
4470.0,47893,com.apple.WebKit.Networking,12320,81.92,mac,707254bd1029
4470.0,47894,com.apple.WebKit.WebContent,44272,159.79,mac,707254bd1029
4470.0,47896,com.apple.WebKit.WebContent,90576,305.84,mac,707254bd1029
4470.0,47898,asr-worker,676240,56.02,mac,707254bd1029
4470.0,47903,llama-server,2019952,1341.14,mac,707254bd1029
4480.0,47879,meeting-translator,103088,431.23,mac,707254bd1029
4480.0,47892,com.apple.WebKit.GPU,33488,122.04,mac,707254bd1029
4480.0,47893,com.apple.WebKit.Networking,12544,82.08,mac,707254bd1029
4480.0,47894,com.apple.WebKit.WebContent,40832,160.14,mac,707254bd1029
4480.0,47896,com.apple.WebKit.WebContent,90384,306.66,mac,707254bd1029
4480.0,47898,asr-worker,675696,56.07,mac,707254bd1029
4480.0,47903,llama-server,2017504,1342.59,mac,707254bd1029
4490.0,47879,meeting-translator,107936,432.18,mac,707254bd1029
4490.0,47892,com.apple.WebKit.GPU,38544,122.36,mac,707254bd1029
4490.0,47893,com.apple.WebKit.Networking,12752,82.32,mac,707254bd1029
4490.0,47894,com.apple.WebKit.WebContent,41744,160.51,mac,707254bd1029
4490.0,47896,com.apple.WebKit.WebContent,99168,307.92,mac,707254bd1029
4490.0,47898,asr-worker,679776,56.20,mac,707254bd1029
4490.0,47903,llama-server,2024320,1348.16,mac,707254bd1029
4500.0,47879,meeting-translator,108048,433.13,mac,707254bd1029
4500.0,47892,com.apple.WebKit.GPU,39072,122.65,mac,707254bd1029
4500.0,47893,com.apple.WebKit.Networking,12672,82.53,mac,707254bd1029
4500.0,47894,com.apple.WebKit.WebContent,40528,160.88,mac,707254bd1029
4500.0,47896,com.apple.WebKit.WebContent,114000,308.94,mac,707254bd1029
4500.0,47898,asr-worker,680144,56.34,mac,707254bd1029
4500.0,47903,llama-server,2040480,1352.01,mac,707254bd1029
4510.0,47879,meeting-translator,108432,434.10,mac,707254bd1029
4510.0,47892,com.apple.WebKit.GPU,38608,122.86,mac,707254bd1029
4510.0,47893,com.apple.WebKit.Networking,12608,82.69,mac,707254bd1029
4510.0,47894,com.apple.WebKit.WebContent,36704,161.20,mac,707254bd1029
4510.0,47896,com.apple.WebKit.WebContent,120608,309.53,mac,707254bd1029
4510.0,47898,asr-worker,678592,56.42,mac,707254bd1029
4510.0,47903,llama-server,2030016,1353.06,mac,707254bd1029
4520.0,47879,meeting-translator,105024,435.08,mac,707254bd1029
4520.0,47892,com.apple.WebKit.GPU,37920,123.06,mac,707254bd1029
4520.0,47893,com.apple.WebKit.Networking,12768,82.83,mac,707254bd1029
4520.0,47894,com.apple.WebKit.WebContent,39296,161.51,mac,707254bd1029
4520.0,47896,com.apple.WebKit.WebContent,79472,310.06,mac,707254bd1029
4520.0,47898,asr-worker,680528,56.50,mac,707254bd1029
4520.0,47903,llama-server,2031680,1354.11,mac,707254bd1029
4530.0,47879,meeting-translator,103360,436.03,mac,707254bd1029
4530.0,47892,com.apple.WebKit.GPU,36640,123.35,mac,707254bd1029
4530.0,47893,com.apple.WebKit.Networking,12736,83.03,mac,707254bd1029
4530.0,47894,com.apple.WebKit.WebContent,39904,161.87,mac,707254bd1029
4530.0,47896,com.apple.WebKit.WebContent,75840,311.06,mac,707254bd1029
4530.0,47898,asr-worker,679616,56.62,mac,707254bd1029
4530.0,47903,llama-server,2047072,1357.20,mac,707254bd1029
4540.0,47879,meeting-translator,103952,437.00,mac,707254bd1029
4540.0,47892,com.apple.WebKit.GPU,36464,123.61,mac,707254bd1029
4540.0,47893,com.apple.WebKit.Networking,12672,83.21,mac,707254bd1029
4540.0,47894,com.apple.WebKit.WebContent,40336,162.23,mac,707254bd1029
4540.0,47896,com.apple.WebKit.WebContent,79904,312.01,mac,707254bd1029
4540.0,47898,asr-worker,680880,56.72,mac,707254bd1029
4540.0,47903,llama-server,2044432,1359.50,mac,707254bd1029
4550.0,47879,meeting-translator,106784,437.97,mac,707254bd1029
4550.0,47892,com.apple.WebKit.GPU,37040,123.90,mac,707254bd1029
4550.0,47893,com.apple.WebKit.Networking,12592,83.40,mac,707254bd1029
4550.0,47894,com.apple.WebKit.WebContent,40048,162.59,mac,707254bd1029
4550.0,47896,com.apple.WebKit.WebContent,125104,313.00,mac,707254bd1029
4550.0,47898,asr-worker,681120,56.87,mac,707254bd1029
4550.0,47903,llama-server,2052064,1362.76,mac,707254bd1029
4560.0,47879,meeting-translator,107472,438.93,mac,707254bd1029
4560.0,47892,com.apple.WebKit.GPU,36896,124.15,mac,707254bd1029
4560.0,47893,com.apple.WebKit.Networking,12704,83.58,mac,707254bd1029
4560.0,47894,com.apple.WebKit.WebContent,43280,162.96,mac,707254bd1029
4560.0,47896,com.apple.WebKit.WebContent,107808,313.85,mac,707254bd1029
4560.0,47898,asr-worker,681296,56.98,mac,707254bd1029
4560.0,47903,llama-server,2053840,1365.04,mac,707254bd1029
4570.0,47879,meeting-translator,107792,439.88,mac,707254bd1029
4570.0,47892,com.apple.WebKit.GPU,36080,124.44,mac,707254bd1029
4570.0,47893,com.apple.WebKit.Networking,12608,83.77,mac,707254bd1029
4570.0,47894,com.apple.WebKit.WebContent,48416,163.35,mac,707254bd1029
4570.0,47896,com.apple.WebKit.WebContent,107376,314.89,mac,707254bd1029
4570.0,47898,asr-worker,681616,57.13,mac,707254bd1029
4570.0,47903,llama-server,2071424,1368.86,mac,707254bd1029
4580.0,47879,meeting-translator,107648,440.83,mac,707254bd1029
4580.0,47892,com.apple.WebKit.GPU,35568,124.74,mac,707254bd1029
4580.0,47893,com.apple.WebKit.Networking,12656,83.96,mac,707254bd1029
4580.0,47894,com.apple.WebKit.WebContent,45120,163.72,mac,707254bd1029
4580.0,47896,com.apple.WebKit.WebContent,121120,315.80,mac,707254bd1029
4580.0,47898,asr-worker,681664,57.28,mac,707254bd1029
4580.0,47903,llama-server,2058368,1372.35,mac,707254bd1029
4590.0,47879,meeting-translator,106272,441.80,mac,707254bd1029
4590.0,47892,com.apple.WebKit.GPU,38064,125.01,mac,707254bd1029
4590.0,47893,com.apple.WebKit.Networking,12624,84.16,mac,707254bd1029
4590.0,47894,com.apple.WebKit.WebContent,44368,164.08,mac,707254bd1029
4590.0,47896,com.apple.WebKit.WebContent,134016,316.73,mac,707254bd1029
4590.0,47898,asr-worker,681392,57.38,mac,707254bd1029
4590.0,47903,llama-server,2057376,1375.39,mac,707254bd1029
4600.0,47879,meeting-translator,105104,442.76,mac,707254bd1029
4600.0,47892,com.apple.WebKit.GPU,39280,125.30,mac,707254bd1029
4600.0,47893,com.apple.WebKit.Networking,12544,84.37,mac,707254bd1029
4600.0,47894,com.apple.WebKit.WebContent,47824,164.46,mac,707254bd1029
4600.0,47896,com.apple.WebKit.WebContent,152752,317.73,mac,707254bd1029
4600.0,47898,asr-worker,679520,57.50,mac,707254bd1029
4600.0,47903,llama-server,2059376,1379.26,mac,707254bd1029
4610.0,47879,meeting-translator,105104,443.72,mac,707254bd1029
4610.0,47892,com.apple.WebKit.GPU,39552,125.58,mac,707254bd1029
4610.0,47893,com.apple.WebKit.Networking,12592,84.57,mac,707254bd1029
4610.0,47894,com.apple.WebKit.WebContent,44080,164.85,mac,707254bd1029
4610.0,47896,com.apple.WebKit.WebContent,105520,318.79,mac,707254bd1029
4610.0,47898,asr-worker,679584,57.63,mac,707254bd1029
4610.0,47903,llama-server,2046512,1383.44,mac,707254bd1029
4620.0,47879,meeting-translator,106928,444.67,mac,707254bd1029
4620.0,47892,com.apple.WebKit.GPU,40128,125.84,mac,707254bd1029
4620.0,47893,com.apple.WebKit.Networking,12704,84.76,mac,707254bd1029
4620.0,47894,com.apple.WebKit.WebContent,43296,165.20,mac,707254bd1029
4620.0,47896,com.apple.WebKit.WebContent,145200,319.69,mac,707254bd1029
4620.0,47898,asr-worker,683072,57.71,mac,707254bd1029
4620.0,47903,llama-server,2062064,1386.46,mac,707254bd1029
4630.0,47879,meeting-translator,107408,445.64,mac,707254bd1029
4630.0,47892,com.apple.WebKit.GPU,40032,126.10,mac,707254bd1029
4630.0,47893,com.apple.WebKit.Networking,12624,84.94,mac,707254bd1029
4630.0,47894,com.apple.WebKit.WebContent,43904,165.56,mac,707254bd1029
4630.0,47896,com.apple.WebKit.WebContent,144384,320.68,mac,707254bd1029
4630.0,47898,asr-worker,683408,57.87,mac,707254bd1029
4630.0,47903,llama-server,2067360,1389.36,mac,707254bd1029
4640.0,47879,meeting-translator,107872,446.60,mac,707254bd1029
4640.0,47892,com.apple.WebKit.GPU,39504,126.38,mac,707254bd1029
4640.0,47893,com.apple.WebKit.Networking,12496,85.15,mac,707254bd1029
4640.0,47894,com.apple.WebKit.WebContent,45824,165.93,mac,707254bd1029
4640.0,47896,com.apple.WebKit.WebContent,129872,321.75,mac,707254bd1029
4640.0,47898,asr-worker,683552,58.03,mac,707254bd1029
4640.0,47903,llama-server,2067184,1394.20,mac,707254bd1029
4650.0,47879,meeting-translator,103376,447.56,mac,707254bd1029
4650.0,47892,com.apple.WebKit.GPU,38448,126.67,mac,707254bd1029
4650.0,47893,com.apple.WebKit.Networking,12512,85.35,mac,707254bd1029
4650.0,47894,com.apple.WebKit.WebContent,44944,166.30,mac,707254bd1029
4650.0,47896,com.apple.WebKit.WebContent,101328,322.81,mac,707254bd1029
4650.0,47898,asr-worker,680848,58.21,mac,707254bd1029
4650.0,47903,llama-server,2070448,1398.33,mac,707254bd1029
4660.0,47879,meeting-translator,104576,448.54,mac,707254bd1029
4660.0,47892,com.apple.WebKit.GPU,38640,126.91,mac,707254bd1029
4660.0,47893,com.apple.WebKit.Networking,12688,85.54,mac,707254bd1029
4660.0,47894,com.apple.WebKit.WebContent,44992,166.65,mac,707254bd1029
4660.0,47896,com.apple.WebKit.WebContent,133824,323.72,mac,707254bd1029
4660.0,47898,asr-worker,680480,58.28,mac,707254bd1029
4660.0,47903,llama-server,2067056,1400.71,mac,707254bd1029
4670.0,47879,meeting-translator,105952,449.51,mac,707254bd1029
4670.0,47892,com.apple.WebKit.GPU,40848,127.24,mac,707254bd1029
4670.0,47893,com.apple.WebKit.Networking,12512,85.78,mac,707254bd1029
4670.0,47894,com.apple.WebKit.WebContent,38720,167.03,mac,707254bd1029
4670.0,47896,com.apple.WebKit.WebContent,196816,324.79,mac,707254bd1029
4670.0,47898,asr-worker,677552,58.42,mac,707254bd1029
4670.0,47903,llama-server,2086704,1406.06,mac,707254bd1029
4680.0,47879,meeting-translator,107232,450.47,mac,707254bd1029
4680.0,47892,com.apple.WebKit.GPU,36304,127.52,mac,707254bd1029
4680.0,47893,com.apple.WebKit.Networking,12736,85.97,mac,707254bd1029
4680.0,47894,com.apple.WebKit.WebContent,48928,167.41,mac,707254bd1029
4680.0,47896,com.apple.WebKit.WebContent,120000,325.78,mac,707254bd1029
4680.0,47898,asr-worker,677488,58.56,mac,707254bd1029
4680.0,47903,llama-server,2051024,1409.22,mac,707254bd1029
4690.0,47879,meeting-translator,108096,451.43,mac,707254bd1029
4690.0,47892,com.apple.WebKit.GPU,36336,127.82,mac,707254bd1029
4690.0,47893,com.apple.WebKit.Networking,12576,86.17,mac,707254bd1029
4690.0,47894,com.apple.WebKit.WebContent,48912,167.77,mac,707254bd1029
4690.0,47896,com.apple.WebKit.WebContent,125920,326.80,mac,707254bd1029
4690.0,47898,asr-worker,679728,58.71,mac,707254bd1029
4690.0,47903,llama-server,2057632,1412.96,mac,707254bd1029
4700.0,47879,meeting-translator,108160,452.41,mac,707254bd1029
4700.0,47892,com.apple.WebKit.GPU,36336,128.06,mac,707254bd1029
4700.0,47893,com.apple.WebKit.Networking,12672,86.34,mac,707254bd1029
4700.0,47894,com.apple.WebKit.WebContent,46304,168.13,mac,707254bd1029
4700.0,47896,com.apple.WebKit.WebContent,144320,327.60,mac,707254bd1029
4700.0,47898,asr-worker,675664,58.80,mac,707254bd1029
4700.0,47903,llama-server,2063712,1414.78,mac,707254bd1029
4710.0,47879,meeting-translator,105280,453.39,mac,707254bd1029
4710.0,47892,com.apple.WebKit.GPU,37632,128.40,mac,707254bd1029
4710.0,47893,com.apple.WebKit.Networking,12736,86.57,mac,707254bd1029
4710.0,47894,com.apple.WebKit.WebContent,45824,168.51,mac,707254bd1029
4710.0,47896,com.apple.WebKit.WebContent,120768,328.80,mac,707254bd1029
4710.0,47898,asr-worker,682624,58.98,mac,707254bd1029
4710.0,47903,llama-server,2067264,1419.93,mac,707254bd1029
4720.0,47879,meeting-translator,105024,454.36,mac,707254bd1029
4720.0,47892,com.apple.WebKit.GPU,39200,128.66,mac,707254bd1029
4720.0,47893,com.apple.WebKit.Networking,12160,86.75,mac,707254bd1029
4720.0,47894,com.apple.WebKit.WebContent,45568,168.88,mac,707254bd1029
4720.0,47896,com.apple.WebKit.WebContent,101504,329.77,mac,707254bd1029
4720.0,47898,asr-worker,682256,59.07,mac,707254bd1029
4720.0,47903,llama-server,2052192,1422.43,mac,707254bd1029
4730.0,47879,meeting-translator,105216,455.31,mac,707254bd1029
4730.0,47892,com.apple.WebKit.GPU,39584,128.96,mac,707254bd1029
4730.0,47893,com.apple.WebKit.Networking,12592,86.98,mac,707254bd1029
4730.0,47894,com.apple.WebKit.WebContent,37744,169.26,mac,707254bd1029
4730.0,47896,com.apple.WebKit.WebContent,138096,330.93,mac,707254bd1029
4730.0,47898,asr-worker,679600,59.23,mac,707254bd1029
4730.0,47903,llama-server,2029696,1428.25,mac,707254bd1029
4740.0,47879,meeting-translator,106480,456.29,mac,707254bd1029
4740.0,47892,com.apple.WebKit.GPU,39552,129.21,mac,707254bd1029
4740.0,47893,com.apple.WebKit.Networking,12608,87.16,mac,707254bd1029
4740.0,47894,com.apple.WebKit.WebContent,36496,169.61,mac,707254bd1029
4740.0,47896,com.apple.WebKit.WebContent,153808,331.74,mac,707254bd1029
4740.0,47898,asr-worker,679632,59.30,mac,707254bd1029
4740.0,47903,llama-server,2041584,1429.81,mac,707254bd1029
4750.0,47879,meeting-translator,106848,457.24,mac,707254bd1029
4750.0,47892,com.apple.WebKit.GPU,40912,129.51,mac,707254bd1029
4750.0,47893,com.apple.WebKit.Networking,12640,87.37,mac,707254bd1029
4750.0,47894,com.apple.WebKit.WebContent,38496,169.97,mac,707254bd1029
4750.0,47896,com.apple.WebKit.WebContent,146336,332.74,mac,707254bd1029
4750.0,47898,asr-worker,678112,59.48,mac,707254bd1029
4750.0,47903,llama-server,2045104,1434.39,mac,707254bd1029
4760.0,47879,meeting-translator,102624,458.22,mac,707254bd1029
4760.0,47892,com.apple.WebKit.GPU,41216,129.83,mac,707254bd1029
4760.0,47893,com.apple.WebKit.Networking,12416,87.58,mac,707254bd1029
4760.0,47894,com.apple.WebKit.WebContent,41184,170.35,mac,707254bd1029
4760.0,47896,com.apple.WebKit.WebContent,89824,333.88,mac,707254bd1029
4760.0,47898,asr-worker,678160,59.66,mac,707254bd1029
4760.0,47903,llama-server,2055664,1438.93,mac,707254bd1029
4770.0,47879,meeting-translator,102656,459.16,mac,707254bd1029
4770.0,47892,com.apple.WebKit.GPU,40864,130.10,mac,707254bd1029
4770.0,47893,com.apple.WebKit.Networking,12624,87.79,mac,707254bd1029
4770.0,47894,com.apple.WebKit.WebContent,45280,170.72,mac,707254bd1029
4770.0,47896,com.apple.WebKit.WebContent,185280,334.85,mac,707254bd1029
4770.0,47898,asr-worker,678208,59.79,mac,707254bd1029
4770.0,47903,llama-server,2057024,1443.84,mac,707254bd1029
4780.0,47879,meeting-translator,103808,460.13,mac,707254bd1029
4780.0,47892,com.apple.WebKit.GPU,39136,130.39,mac,707254bd1029
4780.0,47893,com.apple.WebKit.Networking,12640,87.97,mac,707254bd1029
4780.0,47894,com.apple.WebKit.WebContent,44368,171.08,mac,707254bd1029
4780.0,47896,com.apple.WebKit.WebContent,174128,335.80,mac,707254bd1029
4780.0,47898,asr-worker,678352,59.93,mac,707254bd1029
4780.0,47903,llama-server,2062336,1446.70,mac,707254bd1029
4790.0,47879,meeting-translator,105408,461.08,mac,707254bd1029
4790.0,47892,com.apple.WebKit.GPU,38240,130.65,mac,707254bd1029
4790.0,47893,com.apple.WebKit.Networking,12736,88.16,mac,707254bd1029
4790.0,47894,com.apple.WebKit.WebContent,42768,171.43,mac,707254bd1029
4790.0,47896,com.apple.WebKit.WebContent,101616,336.59,mac,707254bd1029
4790.0,47898,asr-worker,678112,60.04,mac,707254bd1029
4790.0,47903,llama-server,2043280,1449.02,mac,707254bd1029
4800.0,47879,meeting-translator,106432,462.05,mac,707254bd1029
4800.0,47892,com.apple.WebKit.GPU,34256,130.92,mac,707254bd1029
4800.0,47893,com.apple.WebKit.Networking,12736,88.33,mac,707254bd1029
4800.0,47894,com.apple.WebKit.WebContent,39216,171.79,mac,707254bd1029
4800.0,47896,com.apple.WebKit.WebContent,100192,337.42,mac,707254bd1029
4800.0,47898,asr-worker,675664,60.15,mac,707254bd1029
4800.0,47903,llama-server,2035152,1451.24,mac,707254bd1029
4810.0,47879,meeting-translator,107488,463.00,mac,707254bd1029
4810.0,47892,com.apple.WebKit.GPU,39024,131.19,mac,707254bd1029
4810.0,47893,com.apple.WebKit.Networking,12768,88.52,mac,707254bd1029
4810.0,47894,com.apple.WebKit.WebContent,42512,172.15,mac,707254bd1029
4810.0,47896,com.apple.WebKit.WebContent,104960,338.39,mac,707254bd1029
4810.0,47898,asr-worker,679728,60.26,mac,707254bd1029
4810.0,47903,llama-server,2040720,1453.98,mac,707254bd1029
4820.0,47879,meeting-translator,106432,463.96,mac,707254bd1029
4820.0,47892,com.apple.WebKit.GPU,40576,131.45,mac,707254bd1029
4820.0,47893,com.apple.WebKit.Networking,12240,88.70,mac,707254bd1029
4820.0,47894,com.apple.WebKit.WebContent,44112,172.51,mac,707254bd1029
4820.0,47896,com.apple.WebKit.WebContent,99680,339.34,mac,707254bd1029
4820.0,47898,asr-worker,680176,60.39,mac,707254bd1029
4820.0,47903,llama-server,2046784,1456.80,mac,707254bd1029
4830.0,47879,meeting-translator,101776,464.92,mac,707254bd1029
4830.0,47892,com.apple.WebKit.GPU,38864,131.71,mac,707254bd1029
4830.0,47893,com.apple.WebKit.Networking,12528,88.89,mac,707254bd1029
4830.0,47894,com.apple.WebKit.WebContent,43568,172.87,mac,707254bd1029
4830.0,47896,com.apple.WebKit.WebContent,98848,340.29,mac,707254bd1029
4830.0,47898,asr-worker,679888,60.50,mac,707254bd1029
4830.0,47903,llama-server,2047824,1459.32,mac,707254bd1029
4840.0,47879,meeting-translator,105008,465.86,mac,707254bd1029
4840.0,47892,com.apple.WebKit.GPU,39952,132.00,mac,707254bd1029
4840.0,47893,com.apple.WebKit.Networking,12576,89.09,mac,707254bd1029
4840.0,47894,com.apple.WebKit.WebContent,43440,173.23,mac,707254bd1029
4840.0,47896,com.apple.WebKit.WebContent,101728,341.30,mac,707254bd1029
4840.0,47898,asr-worker,680272,60.64,mac,707254bd1029
4840.0,47903,llama-server,2062960,1463.07,mac,707254bd1029
4850.0,47879,meeting-translator,105024,466.83,mac,707254bd1029
4850.0,47892,com.apple.WebKit.GPU,38208,132.30,mac,707254bd1029
4850.0,47893,com.apple.WebKit.Networking,12400,89.29,mac,707254bd1029
4850.0,47894,com.apple.WebKit.WebContent,43120,173.59,mac,707254bd1029
4850.0,47896,com.apple.WebKit.WebContent,161584,342.28,mac,707254bd1029
4850.0,47898,asr-worker,678016,60.79,mac,707254bd1029
4850.0,47903,llama-server,2059840,1466.93,mac,707254bd1029
4860.0,47879,meeting-translator,106480,467.82,mac,707254bd1029
4860.0,47892,com.apple.WebKit.GPU,36352,132.57,mac,707254bd1029
4860.0,47893,com.apple.WebKit.Networking,12384,89.48,mac,707254bd1029
4860.0,47894,com.apple.WebKit.WebContent,41632,173.97,mac,707254bd1029
4860.0,47896,com.apple.WebKit.WebContent,100016,343.25,mac,707254bd1029
4860.0,47898,asr-worker,677600,60.88,mac,707254bd1029
4860.0,47903,llama-server,2050848,1469.54,mac,707254bd1029
4870.0,47879,meeting-translator,106352,468.78,mac,707254bd1029
4870.0,47892,com.apple.WebKit.GPU,40080,132.89,mac,707254bd1029
4870.0,47893,com.apple.WebKit.Networking,12448,89.68,mac,707254bd1029
4870.0,47894,com.apple.WebKit.WebContent,41984,174.33,mac,707254bd1029
4870.0,47896,com.apple.WebKit.WebContent,99568,344.39,mac,707254bd1029
4870.0,47898,asr-worker,678064,61.12,mac,707254bd1029
4870.0,47903,llama-server,2069248,1474.27,mac,707254bd1029
4880.0,47879,meeting-translator,105456,469.75,mac,707254bd1029
4880.0,47892,com.apple.WebKit.GPU,38704,133.18,mac,707254bd1029
4880.0,47893,com.apple.WebKit.Networking,12640,89.88,mac,707254bd1029
4880.0,47894,com.apple.WebKit.WebContent,44784,174.70,mac,707254bd1029
4880.0,47896,com.apple.WebKit.WebContent,117888,345.32,mac,707254bd1029
4880.0,47898,asr-worker,675648,61.25,mac,707254bd1029
4880.0,47903,llama-server,2045840,1477.38,mac,707254bd1029
4890.0,47879,meeting-translator,102416,470.69,mac,707254bd1029
4890.0,47892,com.apple.WebKit.GPU,40464,133.44,mac,707254bd1029
4890.0,47893,com.apple.WebKit.Networking,12624,90.06,mac,707254bd1029
4890.0,47894,com.apple.WebKit.WebContent,44416,175.05,mac,707254bd1029
4890.0,47896,com.apple.WebKit.WebContent,126864,346.22,mac,707254bd1029
4890.0,47898,asr-worker,677840,61.45,mac,707254bd1029
4890.0,47903,llama-server,2036336,1480.66,mac,707254bd1029
4900.0,47879,meeting-translator,101184,471.64,mac,707254bd1029
4900.0,47892,com.apple.WebKit.GPU,39152,133.70,mac,707254bd1029
4900.0,47893,com.apple.WebKit.Networking,12320,90.24,mac,707254bd1029
4900.0,47894,com.apple.WebKit.WebContent,41920,175.40,mac,707254bd1029
4900.0,47896,com.apple.WebKit.WebContent,100400,347.19,mac,707254bd1029
4900.0,47898,asr-worker,677568,61.60,mac,707254bd1029
4900.0,47903,llama-server,2035952,1483.37,mac,707254bd1029
4910.0,47879,meeting-translator,103328,472.59,mac,707254bd1029
4910.0,47892,com.apple.WebKit.GPU,38496,133.96,mac,707254bd1029
4910.0,47893,com.apple.WebKit.Networking,12496,90.42,mac,707254bd1029
4910.0,47894,com.apple.WebKit.WebContent,38192,175.75,mac,707254bd1029
4910.0,47896,com.apple.WebKit.WebContent,105072,348.06,mac,707254bd1029
4910.0,47898,asr-worker,674784,61.73,mac,707254bd1029
4910.0,47903,llama-server,2021648,1485.87,mac,707254bd1029
4920.0,47879,meeting-translator,105712,473.56,mac,707254bd1029
4920.0,47892,com.apple.WebKit.GPU,36448,134.25,mac,707254bd1029
4920.0,47893,com.apple.WebKit.Networking,12128,90.64,mac,707254bd1029
4920.0,47894,com.apple.WebKit.WebContent,42960,176.12,mac,707254bd1029
4920.0,47896,com.apple.WebKit.WebContent,115568,349.11,mac,707254bd1029
4920.0,47898,asr-worker,677184,61.91,mac,707254bd1029
4920.0,47903,llama-server,2034784,1490.40,mac,707254bd1029
4930.0,47879,meeting-translator,105648,474.54,mac,707254bd1029
4930.0,47892,com.apple.WebKit.GPU,36480,134.53,mac,707254bd1029
4930.0,47893,com.apple.WebKit.Networking,12432,90.82,mac,707254bd1029
4930.0,47894,com.apple.WebKit.WebContent,43264,176.48,mac,707254bd1029
4930.0,47896,com.apple.WebKit.WebContent,108416,350.07,mac,707254bd1029
4930.0,47898,asr-worker,675296,62.04,mac,707254bd1029
4930.0,47903,llama-server,2046320,1493.01,mac,707254bd1029
4940.0,47879,meeting-translator,106816,475.50,mac,707254bd1029
4940.0,47892,com.apple.WebKit.GPU,37280,134.79,mac,707254bd1029
4940.0,47893,com.apple.WebKit.Networking,12336,91.00,mac,707254bd1029
4940.0,47894,com.apple.WebKit.WebContent,45104,176.85,mac,707254bd1029
4940.0,47896,com.apple.WebKit.WebContent,99040,350.94,mac,707254bd1029
4940.0,47898,asr-worker,677616,62.17,mac,707254bd1029
4940.0,47903,llama-server,2055168,1495.62,mac,707254bd1029
4950.0,47879,meeting-translator,105824,476.45,mac,707254bd1029
4950.0,47892,com.apple.WebKit.GPU,37952,135.04,mac,707254bd1029
4950.0,47893,com.apple.WebKit.Networking,12496,91.17,mac,707254bd1029
4950.0,47894,com.apple.WebKit.WebContent,44656,177.20,mac,707254bd1029
4950.0,47896,com.apple.WebKit.WebContent,109360,351.76,mac,707254bd1029
4950.0,47898,asr-worker,677648,62.30,mac,707254bd1029
4950.0,47903,llama-server,2041712,1496.93,mac,707254bd1029
4960.0,47879,meeting-translator,102800,477.43,mac,707254bd1029
4960.0,47892,com.apple.WebKit.GPU,39136,135.33,mac,707254bd1029
4960.0,47893,com.apple.WebKit.Networking,12576,91.40,mac,707254bd1029
4960.0,47894,com.apple.WebKit.WebContent,44368,177.58,mac,707254bd1029
4960.0,47896,com.apple.WebKit.WebContent,127744,352.92,mac,707254bd1029
4960.0,47898,asr-worker,679264,62.44,mac,707254bd1029
4960.0,47903,llama-server,2036592,1502.00,mac,707254bd1029
4970.0,47879,meeting-translator,106240,478.38,mac,707254bd1029
4970.0,47892,com.apple.WebKit.GPU,40416,135.63,mac,707254bd1029
4970.0,47893,com.apple.WebKit.Networking,12560,91.58,mac,707254bd1029
4970.0,47894,com.apple.WebKit.WebContent,43840,177.94,mac,707254bd1029
4970.0,47896,com.apple.WebKit.WebContent,102832,353.96,mac,707254bd1029
4970.0,47898,asr-worker,681888,62.61,mac,707254bd1029
4970.0,47903,llama-server,2052592,1505.48,mac,707254bd1029
4980.0,47879,meeting-translator,105744,479.33,mac,707254bd1029
4980.0,47892,com.apple.WebKit.GPU,39344,135.91,mac,707254bd1029
4980.0,47893,com.apple.WebKit.Networking,12736,91.76,mac,707254bd1029
4980.0,47894,com.apple.WebKit.WebContent,36304,178.30,mac,707254bd1029
4980.0,47896,com.apple.WebKit.WebContent,118128,354.83,mac,707254bd1029
4980.0,47898,asr-worker,681184,62.71,mac,707254bd1029
4980.0,47903,llama-server,2022752,1508.21,mac,707254bd1029
4990.0,47879,meeting-translator,106752,480.32,mac,707254bd1029
4990.0,47892,com.apple.WebKit.GPU,35424,136.21,mac,707254bd1029
4990.0,47893,com.apple.WebKit.Networking,12720,91.94,mac,707254bd1029
4990.0,47894,com.apple.WebKit.WebContent,35760,178.67,mac,707254bd1029
4990.0,47896,com.apple.WebKit.WebContent,104192,355.80,mac,707254bd1029
4990.0,47898,asr-worker,681856,62.87,mac,707254bd1029
4990.0,47903,llama-server,2032464,1511.25,mac,707254bd1029
5000.0,47879,meeting-translator,111088,481.30,mac,707254bd1029
5000.0,47892,com.apple.WebKit.GPU,33328,136.49,mac,707254bd1029
5000.0,47893,com.apple.WebKit.Networking,12688,92.12,mac,707254bd1029
5000.0,47894,com.apple.WebKit.WebContent,40592,179.04,mac,707254bd1029
5000.0,47896,com.apple.WebKit.WebContent,111488,356.70,mac,707254bd1029
5000.0,47898,asr-worker,679792,63.02,mac,707254bd1029
5000.0,47903,llama-server,2027504,1513.88,mac,707254bd1029
5010.0,47879,meeting-translator,103616,482.26,mac,707254bd1029
5010.0,47892,com.apple.WebKit.GPU,34976,136.78,mac,707254bd1029
5010.0,47893,com.apple.WebKit.Networking,12432,92.31,mac,707254bd1029
5010.0,47894,com.apple.WebKit.WebContent,41424,179.41,mac,707254bd1029
5010.0,47896,com.apple.WebKit.WebContent,89264,357.73,mac,707254bd1029
5010.0,47898,asr-worker,679312,63.13,mac,707254bd1029
5010.0,47903,llama-server,2029648,1516.78,mac,707254bd1029
5020.0,47879,meeting-translator,99840,483.23,mac,707254bd1029
5020.0,47892,com.apple.WebKit.GPU,35632,137.04,mac,707254bd1029
5020.0,47893,com.apple.WebKit.Networking,12320,92.50,mac,707254bd1029
5020.0,47894,com.apple.WebKit.WebContent,44192,179.78,mac,707254bd1029
5020.0,47896,com.apple.WebKit.WebContent,85520,358.64,mac,707254bd1029
5020.0,47898,asr-worker,678880,63.24,mac,707254bd1029
5020.0,47903,llama-server,2028848,1519.39,mac,707254bd1029
5030.0,47879,meeting-translator,100544,484.19,mac,707254bd1029
5030.0,47892,com.apple.WebKit.GPU,33968,137.28,mac,707254bd1029
5030.0,47893,com.apple.WebKit.Networking,12544,92.67,mac,707254bd1029
5030.0,47894,com.apple.WebKit.WebContent,40464,180.12,mac,707254bd1029
5030.0,47896,com.apple.WebKit.WebContent,112976,359.44,mac,707254bd1029
5030.0,47898,asr-worker,682208,63.33,mac,707254bd1029
5030.0,47903,llama-server,2027296,1520.61,mac,707254bd1029
5040.0,47879,meeting-translator,103168,485.16,mac,707254bd1029
5040.0,47892,com.apple.WebKit.GPU,34160,137.58,mac,707254bd1029
5040.0,47893,com.apple.WebKit.Networking,12672,92.88,mac,707254bd1029
5040.0,47894,com.apple.WebKit.WebContent,39360,180.49,mac,707254bd1029
5040.0,47896,com.apple.WebKit.WebContent,85280,360.57,mac,707254bd1029
5040.0,47898,asr-worker,679536,63.44,mac,707254bd1029
5040.0,47903,llama-server,2045776,1524.88,mac,707254bd1029
5050.0,47879,meeting-translator,105824,486.12,mac,707254bd1029
5050.0,47892,com.apple.WebKit.GPU,35856,137.86,mac,707254bd1029
5050.0,47893,com.apple.WebKit.Networking,12784,93.07,mac,707254bd1029
5050.0,47894,com.apple.WebKit.WebContent,39584,180.85,mac,707254bd1029
5050.0,47896,com.apple.WebKit.WebContent,104160,361.54,mac,707254bd1029
5050.0,47898,asr-worker,679600,63.56,mac,707254bd1029
5050.0,47903,llama-server,2043696,1528.34,mac,707254bd1029
5060.0,47879,meeting-translator,106048,487.08,mac,707254bd1029
5060.0,47892,com.apple.WebKit.GPU,34992,138.14,mac,707254bd1029
5060.0,47893,com.apple.WebKit.Networking,12784,93.25,mac,707254bd1029
5060.0,47894,com.apple.WebKit.WebContent,44144,181.22,mac,707254bd1029
5060.0,47896,com.apple.WebKit.WebContent,104480,362.54,mac,707254bd1029
5060.0,47898,asr-worker,679744,63.71,mac,707254bd1029
5060.0,47903,llama-server,2054816,1531.32,mac,707254bd1029
5070.0,47879,meeting-translator,106464,488.03,mac,707254bd1029
5070.0,47892,com.apple.WebKit.GPU,36848,138.44,mac,707254bd1029
5070.0,47893,com.apple.WebKit.Networking,12720,93.46,mac,707254bd1029
5070.0,47894,com.apple.WebKit.WebContent,44256,181.59,mac,707254bd1029
5070.0,47896,com.apple.WebKit.WebContent,140480,363.54,mac,707254bd1029
5070.0,47898,asr-worker,677696,63.86,mac,707254bd1029
5070.0,47903,llama-server,2045904,1535.55,mac,707254bd1029
5080.0,47879,meeting-translator,103648,489.00,mac,707254bd1029
5080.0,47892,com.apple.WebKit.GPU,37552,138.71,mac,707254bd1029
5080.0,47893,com.apple.WebKit.Networking,12608,93.64,mac,707254bd1029
5080.0,47894,com.apple.WebKit.WebContent,44416,181.94,mac,707254bd1029
5080.0,47896,com.apple.WebKit.WebContent,107328,364.50,mac,707254bd1029
5080.0,47898,asr-worker,680032,64.01,mac,707254bd1029
5080.0,47903,llama-server,2047808,1538.44,mac,707254bd1029
5090.0,47879,meeting-translator,106608,489.96,mac,707254bd1029
5090.0,47892,com.apple.WebKit.GPU,37024,139.00,mac,707254bd1029
5090.0,47893,com.apple.WebKit.Networking,12624,93.85,mac,707254bd1029
5090.0,47894,com.apple.WebKit.WebContent,44656,182.31,mac,707254bd1029
5090.0,47896,com.apple.WebKit.WebContent,147280,365.49,mac,707254bd1029
5090.0,47898,asr-worker,680096,64.20,mac,707254bd1029
5090.0,47903,llama-server,2050192,1543.36,mac,707254bd1029
5100.0,47879,meeting-translator,103616,490.93,mac,707254bd1029
5100.0,47892,com.apple.WebKit.GPU,35168,139.27,mac,707254bd1029
5100.0,47893,com.apple.WebKit.Networking,12384,94.04,mac,707254bd1029
5100.0,47894,com.apple.WebKit.WebContent,41024,182.68,mac,707254bd1029
5100.0,47896,com.apple.WebKit.WebContent,89552,366.53,mac,707254bd1029
5100.0,47898,asr-worker,677424,64.34,mac,707254bd1029
5100.0,47903,llama-server,2043680,1546.43,mac,707254bd1029
5110.0,47879,meeting-translator,106384,491.90,mac,707254bd1029
5110.0,47892,com.apple.WebKit.GPU,35664,139.57,mac,707254bd1029
5110.0,47893,com.apple.WebKit.Networking,12608,94.24,mac,707254bd1029
5110.0,47894,com.apple.WebKit.WebContent,37744,183.04,mac,707254bd1029
5110.0,47896,com.apple.WebKit.WebContent,114128,367.51,mac,707254bd1029
5110.0,47898,asr-worker,677472,64.47,mac,707254bd1029
5110.0,47903,llama-server,2058736,1550.13,mac,707254bd1029
5120.0,47879,meeting-translator,106304,492.87,mac,707254bd1029
5120.0,47892,com.apple.WebKit.GPU,37024,139.85,mac,707254bd1029
5120.0,47893,com.apple.WebKit.Networking,12592,94.44,mac,707254bd1029
5120.0,47894,com.apple.WebKit.WebContent,44144,183.43,mac,707254bd1029
5120.0,47896,com.apple.WebKit.WebContent,131600,368.47,mac,707254bd1029
5120.0,47898,asr-worker,679872,64.61,mac,707254bd1029
5120.0,47903,llama-server,2061184,1553.99,mac,707254bd1029
5130.0,47879,meeting-translator,101392,493.82,mac,707254bd1029
5130.0,47892,com.apple.WebKit.GPU,32080,140.11,mac,707254bd1029
5130.0,47893,com.apple.WebKit.Networking,12544,94.64,mac,707254bd1029
5130.0,47894,com.apple.WebKit.WebContent,41312,183.79,mac,707254bd1029
5130.0,47896,com.apple.WebKit.WebContent,131664,369.41,mac,707254bd1029
5130.0,47898,asr-worker,676880,64.76,mac,707254bd1029
5130.0,47903,llama-server,2038256,1557.20,mac,707254bd1029
5140.0,47879,meeting-translator,102336,494.76,mac,707254bd1029
5140.0,47892,com.apple.WebKit.GPU,38368,140.40,mac,707254bd1029
5140.0,47893,com.apple.WebKit.Networking,12512,94.84,mac,707254bd1029
5140.0,47894,com.apple.WebKit.WebContent,39424,184.14,mac,707254bd1029
5140.0,47896,com.apple.WebKit.WebContent,134880,370.46,mac,707254bd1029
5140.0,47898,asr-worker,677504,64.95,mac,707254bd1029
5140.0,47903,llama-server,2039088,1561.17,mac,707254bd1029
5150.0,47879,meeting-translator,106064,495.72,mac,707254bd1029
5150.0,47892,com.apple.WebKit.GPU,34240,140.67,mac,707254bd1029
5150.0,47893,com.apple.WebKit.Networking,12736,95.04,mac,707254bd1029
5150.0,47894,com.apple.WebKit.WebContent,35456,184.50,mac,707254bd1029
5150.0,47896,com.apple.WebKit.WebContent,133104,371.47,mac,707254bd1029
5150.0,47898,asr-worker,679536,65.03,mac,707254bd1029
5150.0,47903,llama-server,2053824,1564.95,mac,707254bd1029
5160.0,47879,meeting-translator,106656,496.68,mac,707254bd1029
5160.0,47892,com.apple.WebKit.GPU,32672,140.94,mac,707254bd1029
5160.0,47893,com.apple.WebKit.Networking,12432,95.22,mac,707254bd1029
5160.0,47894,com.apple.WebKit.WebContent,35312,184.85,mac,707254bd1029
5160.0,47896,com.apple.WebKit.WebContent,119840,372.34,mac,707254bd1029
5160.0,47898,asr-worker,682000,65.16,mac,707254bd1029
5160.0,47903,llama-server,2058896,1567.00,mac,707254bd1029
5170.0,47879,meeting-translator,106208,497.65,mac,707254bd1029
5170.0,47892,com.apple.WebKit.GPU,35120,141.22,mac,707254bd1029
5170.0,47893,com.apple.WebKit.Networking,12432,95.41,mac,707254bd1029
5170.0,47894,com.apple.WebKit.WebContent,37072,185.22,mac,707254bd1029
5170.0,47896,com.apple.WebKit.WebContent,116352,373.35,mac,707254bd1029
5170.0,47898,asr-worker,682320,65.35,mac,707254bd1029
5170.0,47903,llama-server,2060912,1570.00,mac,707254bd1029
5180.0,47879,meeting-translator,103536,498.63,mac,707254bd1029
5180.0,47892,com.apple.WebKit.GPU,35744,141.49,mac,707254bd1029
5180.0,47893,com.apple.WebKit.Networking,12432,95.59,mac,707254bd1029
5180.0,47894,com.apple.WebKit.WebContent,39696,185.58,mac,707254bd1029
5180.0,47896,com.apple.WebKit.WebContent,99152,374.33,mac,707254bd1029
5180.0,47898,asr-worker,682176,65.50,mac,707254bd1029
5180.0,47903,llama-server,2055536,1573.11,mac,707254bd1029
5190.0,47879,meeting-translator,101312,499.61,mac,707254bd1029
5190.0,47892,com.apple.WebKit.GPU,34000,141.77,mac,707254bd1029
5190.0,47893,com.apple.WebKit.Networking,12416,95.79,mac,707254bd1029
5190.0,47894,com.apple.WebKit.WebContent,43744,185.97,mac,707254bd1029
5190.0,47896,com.apple.WebKit.WebContent,110928,375.34,mac,707254bd1029
5190.0,47898,asr-worker,681952,65.66,mac,707254bd1029
5190.0,47903,llama-server,2037536,1576.78,mac,707254bd1029
5200.0,47879,meeting-translator,102048,500.58,mac,707254bd1029
5200.0,47892,com.apple.WebKit.GPU,30624,142.03,mac,707254bd1029
5200.0,47893,com.apple.WebKit.Networking,12384,95.97,mac,707254bd1029
5200.0,47894,com.apple.WebKit.WebContent,43808,186.32,mac,707254bd1029
5200.0,47896,com.apple.WebKit.WebContent,116032,376.25,mac,707254bd1029
5200.0,47898,asr-worker,679856,65.86,mac,707254bd1029
5200.0,47903,llama-server,2035504,1580.00,mac,707254bd1029
5210.0,47879,meeting-translator,105088,501.53,mac,707254bd1029
5210.0,47892,com.apple.WebKit.GPU,32160,142.30,mac,707254bd1029
5210.0,47893,com.apple.WebKit.Networking,12496,96.18,mac,707254bd1029
5210.0,47894,com.apple.WebKit.WebContent,39776,186.68,mac,707254bd1029
5210.0,47896,com.apple.WebKit.WebContent,134368,377.29,mac,707254bd1029
5210.0,47898,asr-worker,679344,66.04,mac,707254bd1029
5210.0,47903,llama-server,2022656,1584.26,mac,707254bd1029
5220.0,47879,meeting-translator,105280,502.47,mac,707254bd1029
5220.0,47892,com.apple.WebKit.GPU,28608,142.56,mac,707254bd1029
5220.0,47893,com.apple.WebKit.Networking,12576,96.36,mac,707254bd1029
5220.0,47894,com.apple.WebKit.WebContent,34144,187.04,mac,707254bd1029
5220.0,47896,com.apple.WebKit.WebContent,99072,378.27,mac,707254bd1029
5220.0,47898,asr-worker,677248,66.19,mac,707254bd1029
5220.0,47903,llama-server,2030288,1587.43,mac,707254bd1029
5230.0,47879,meeting-translator,105248,503.44,mac,707254bd1029
5230.0,47892,com.apple.WebKit.GPU,34224,142.86,mac,707254bd1029
5230.0,47893,com.apple.WebKit.Networking,12592,96.59,mac,707254bd1029
5230.0,47894,com.apple.WebKit.WebContent,35568,187.43,mac,707254bd1029
5230.0,47896,com.apple.WebKit.WebContent,174432,379.39,mac,707254bd1029
5230.0,47898,asr-worker,677360,66.32,mac,707254bd1029
5230.0,47903,llama-server,2030912,1593.25,mac,707254bd1029
5240.0,47879,meeting-translator,106080,504.39,mac,707254bd1029
5240.0,47892,com.apple.WebKit.GPU,34832,143.13,mac,707254bd1029
5240.0,47893,com.apple.WebKit.Networking,12608,96.79,mac,707254bd1029
5240.0,47894,com.apple.WebKit.WebContent,44480,187.79,mac,707254bd1029
5240.0,47896,com.apple.WebKit.WebContent,173792,380.35,mac,707254bd1029
5240.0,47898,asr-worker,679952,66.45,mac,707254bd1029
5240.0,47903,llama-server,2049648,1596.94,mac,707254bd1029
5250.0,47879,meeting-translator,105104,505.34,mac,707254bd1029
5250.0,47892,com.apple.WebKit.GPU,31440,143.40,mac,707254bd1029
5250.0,47893,com.apple.WebKit.Networking,12544,96.97,mac,707254bd1029
5250.0,47894,com.apple.WebKit.WebContent,43568,188.14,mac,707254bd1029
5250.0,47896,com.apple.WebKit.WebContent,81056,381.30,mac,707254bd1029
5250.0,47898,asr-worker,679792,66.63,mac,707254bd1029
5250.0,47903,llama-server,2046400,1599.77,mac,707254bd1029
5260.0,47879,meeting-translator,105104,506.31,mac,707254bd1029
5260.0,47892,com.apple.WebKit.GPU,33536,143.69,mac,707254bd1029
5260.0,47893,com.apple.WebKit.Networking,12544,97.17,mac,707254bd1029
5260.0,47894,com.apple.WebKit.WebContent,43696,188.51,mac,707254bd1029
5260.0,47896,com.apple.WebKit.WebContent,123936,382.25,mac,707254bd1029
5260.0,47898,asr-worker,679904,66.81,mac,707254bd1029
5260.0,47903,llama-server,2048640,1603.13,mac,707254bd1029
5270.0,47879,meeting-translator,102032,507.28,mac,707254bd1029
5270.0,47892,com.apple.WebKit.GPU,34384,143.98,mac,707254bd1029
5270.0,47893,com.apple.WebKit.Networking,12592,97.36,mac,707254bd1029
5270.0,47894,com.apple.WebKit.WebContent,43440,188.87,mac,707254bd1029
5270.0,47896,com.apple.WebKit.WebContent,121136,383.25,mac,707254bd1029
5270.0,47898,asr-worker,681984,66.92,mac,707254bd1029
5270.0,47903,llama-server,2057040,1606.74,mac,707254bd1029
5280.0,47879,meeting-translator,101776,508.24,mac,707254bd1029
5280.0,47892,com.apple.WebKit.GPU,37520,144.26,mac,707254bd1029
5280.0,47893,com.apple.WebKit.Networking,12336,97.54,mac,707254bd1029
5280.0,47894,com.apple.WebKit.WebContent,35680,189.22,mac,707254bd1029
5280.0,47896,com.apple.WebKit.WebContent,125136,384.18,mac,707254bd1029
5280.0,47898,asr-worker,677712,67.08,mac,707254bd1029
5280.0,47903,llama-server,2038512,1609.85,mac,707254bd1029
5290.0,47879,meeting-translator,104672,509.20,mac,707254bd1029
5290.0,47892,com.apple.WebKit.GPU,44160,144.62,mac,707254bd1029
5290.0,47893,com.apple.WebKit.Networking,12384,97.74,mac,707254bd1029
5290.0,47894,com.apple.WebKit.WebContent,45776,189.63,mac,707254bd1029
5290.0,47896,com.apple.WebKit.WebContent,111776,385.14,mac,707254bd1029
5290.0,47898,asr-worker,677760,67.19,mac,707254bd1029
5290.0,47903,llama-server,2050896,1613.27,mac,707254bd1029
5300.0,47879,meeting-translator,107904,510.19,mac,707254bd1029
5300.0,47892,com.apple.WebKit.GPU,40512,144.92,mac,707254bd1029
5300.0,47893,com.apple.WebKit.Networking,12352,97.94,mac,707254bd1029
5300.0,47894,com.apple.WebKit.WebContent,45728,190.01,mac,707254bd1029
5300.0,47896,com.apple.WebKit.WebContent,114096,386.12,mac,707254bd1029
5300.0,47898,asr-worker,677552,67.36,mac,707254bd1029
5300.0,47903,llama-server,2050416,1616.86,mac,707254bd1029
5310.0,47879,meeting-translator,106288,511.16,mac,707254bd1029
5310.0,47892,com.apple.WebKit.GPU,40384,145.18,mac,707254bd1029
5310.0,47893,com.apple.WebKit.Networking,12560,98.12,mac,707254bd1029
5310.0,47894,com.apple.WebKit.WebContent,45696,190.37,mac,707254bd1029
5310.0,47896,com.apple.WebKit.WebContent,123104,387.05,mac,707254bd1029
5310.0,47898,asr-worker,679536,67.46,mac,707254bd1029
5310.0,47903,llama-server,2049616,1619.85,mac,707254bd1029
5320.0,47879,meeting-translator,103504,512.12,mac,707254bd1029
5320.0,47892,com.apple.WebKit.GPU,43008,145.45,mac,707254bd1029
5320.0,47893,com.apple.WebKit.Networking,12368,98.31,mac,707254bd1029
5320.0,47894,com.apple.WebKit.WebContent,44928,190.73,mac,707254bd1029
5320.0,47896,com.apple.WebKit.WebContent,95232,388.00,mac,707254bd1029
5320.0,47898,asr-worker,676960,67.60,mac,707254bd1029
5320.0,47903,llama-server,2042912,1622.65,mac,707254bd1029
5330.0,47879,meeting-translator,101520,513.08,mac,707254bd1029
5330.0,47892,com.apple.WebKit.GPU,39776,145.72,mac,707254bd1029
5330.0,47893,com.apple.WebKit.Networking,12560,98.50,mac,707254bd1029
5330.0,47894,com.apple.WebKit.WebContent,36400,191.09,mac,707254bd1029
5330.0,47896,com.apple.WebKit.WebContent,114400,388.88,mac,707254bd1029
5330.0,47898,asr-worker,677216,67.71,mac,707254bd1029
5330.0,47903,llama-server,2039696,1625.85,mac,707254bd1029
5340.0,47879,meeting-translator,103392,514.05,mac,707254bd1029
5340.0,47892,com.apple.WebKit.GPU,39248,145.99,mac,707254bd1029
5340.0,47893,com.apple.WebKit.Networking,12560,98.68,mac,707254bd1029
5340.0,47894,com.apple.WebKit.WebContent,36816,191.45,mac,707254bd1029
5340.0,47896,com.apple.WebKit.WebContent,108592,389.78,mac,707254bd1029
5340.0,47898,asr-worker,677248,67.82,mac,707254bd1029
5340.0,47903,llama-server,2039456,1628.40,mac,707254bd1029
5350.0,47879,meeting-translator,105680,514.98,mac,707254bd1029
5350.0,47892,com.apple.WebKit.GPU,37984,146.26,mac,707254bd1029
5350.0,47893,com.apple.WebKit.Networking,12560,98.87,mac,707254bd1029
5350.0,47894,com.apple.WebKit.WebContent,37984,191.80,mac,707254bd1029
5350.0,47896,com.apple.WebKit.WebContent,146448,390.66,mac,707254bd1029
5350.0,47898,asr-worker,677424,67.97,mac,707254bd1029
5350.0,47903,llama-server,2046624,1632.00,mac,707254bd1029
5360.0,47879,meeting-translator,107040,515.96,mac,707254bd1029
5360.0,47892,com.apple.WebKit.GPU,38832,146.52,mac,707254bd1029
5360.0,47893,com.apple.WebKit.Networking,12544,99.05,mac,707254bd1029
5360.0,47894,com.apple.WebKit.WebContent,45664,192.18,mac,707254bd1029
5360.0,47896,com.apple.WebKit.WebContent,146400,391.53,mac,707254bd1029
5360.0,47898,asr-worker,677488,68.07,mac,707254bd1029
5360.0,47903,llama-server,2055152,1634.51,mac,707254bd1029
5370.0,47879,meeting-translator,106944,516.93,mac,707254bd1029
5370.0,47892,com.apple.WebKit.GPU,39408,146.80,mac,707254bd1029
5370.0,47893,com.apple.WebKit.Networking,12512,99.25,mac,707254bd1029
5370.0,47894,com.apple.WebKit.WebContent,44656,192.55,mac,707254bd1029
5370.0,47896,com.apple.WebKit.WebContent,85984,392.67,mac,707254bd1029
5370.0,47898,asr-worker,682160,68.23,mac,707254bd1029
5370.0,47903,llama-server,2047552,1638.83,mac,707254bd1029
5380.0,47879,meeting-translator,107808,517.89,mac,707254bd1029
5380.0,47892,com.apple.WebKit.GPU,38912,147.07,mac,707254bd1029
5380.0,47893,com.apple.WebKit.Networking,12560,99.45,mac,707254bd1029
5380.0,47894,com.apple.WebKit.WebContent,44608,192.90,mac,707254bd1029
5380.0,47896,com.apple.WebKit.WebContent,138416,393.60,mac,707254bd1029
5380.0,47898,asr-worker,682688,68.35,mac,707254bd1029
5380.0,47903,llama-server,2056368,1641.97,mac,707254bd1029
5390.0,47879,meeting-translator,107392,518.83,mac,707254bd1029
5390.0,47892,com.apple.WebKit.GPU,35728,147.34,mac,707254bd1029
5390.0,47893,com.apple.WebKit.Networking,12544,99.63,mac,707254bd1029
5390.0,47894,com.apple.WebKit.WebContent,43856,193.26,mac,707254bd1029
5390.0,47896,com.apple.WebKit.WebContent,105632,394.57,mac,707254bd1029
5390.0,47898,asr-worker,682384,68.48,mac,707254bd1029
5390.0,47903,llama-server,2058656,1644.81,mac,707254bd1029
5400.0,47879,meeting-translator,103616,519.81,mac,707254bd1029
5400.0,47892,com.apple.WebKit.GPU,40208,147.62,mac,707254bd1029
5400.0,47893,com.apple.WebKit.Networking,12416,99.83,mac,707254bd1029
5400.0,47894,com.apple.WebKit.WebContent,43376,193.62,mac,707254bd1029
5400.0,47896,com.apple.WebKit.WebContent,81664,395.59,mac,707254bd1029
5400.0,47898,asr-worker,682128,68.61,mac,707254bd1029
5400.0,47903,llama-server,2053440,1648.10,mac,707254bd1029
5410.0,47879,meeting-translator,105728,520.79,mac,707254bd1029
5410.0,47892,com.apple.WebKit.GPU,38256,147.90,mac,707254bd1029
5410.0,47893,com.apple.WebKit.Networking,12352,100.00,mac,707254bd1029
5410.0,47894,com.apple.WebKit.WebContent,40928,193.98,mac,707254bd1029
5410.0,47896,com.apple.WebKit.WebContent,79408,396.51,mac,707254bd1029
5410.0,47898,asr-worker,682336,68.73,mac,707254bd1029
5410.0,47903,llama-server,2056416,1650.33,mac,707254bd1029
5420.0,47879,meeting-translator,107264,521.78,mac,707254bd1029
5420.0,47892,com.apple.WebKit.GPU,40416,148.20,mac,707254bd1029
5420.0,47893,com.apple.WebKit.Networking,12560,100.20,mac,707254bd1029
5420.0,47894,com.apple.WebKit.WebContent,40736,194.35,mac,707254bd1029
5420.0,47896,com.apple.WebKit.WebContent,78288,397.58,mac,707254bd1029
5420.0,47898,asr-worker,680480,68.88,mac,707254bd1029
5420.0,47903,llama-server,2056480,1653.79,mac,707254bd1029
5430.0,47879,meeting-translator,106672,522.72,mac,707254bd1029
5430.0,47892,com.apple.WebKit.GPU,36112,148.47,mac,707254bd1029
5430.0,47893,com.apple.WebKit.Networking,12320,100.40,mac,707254bd1029
5430.0,47894,com.apple.WebKit.WebContent,45120,194.72,mac,707254bd1029
5430.0,47896,com.apple.WebKit.WebContent,84768,398.64,mac,707254bd1029
5430.0,47898,asr-worker,679968,69.06,mac,707254bd1029
5430.0,47903,llama-server,2053968,1657.89,mac,707254bd1029
5440.0,47879,meeting-translator,104416,523.69,mac,707254bd1029
5440.0,47892,com.apple.WebKit.GPU,36608,148.74,mac,707254bd1029
5440.0,47893,com.apple.WebKit.Networking,12528,100.59,mac,707254bd1029
5440.0,47894,com.apple.WebKit.WebContent,44272,195.08,mac,707254bd1029
5440.0,47896,com.apple.WebKit.WebContent,120400,399.52,mac,707254bd1029
5440.0,47898,asr-worker,679936,69.16,mac,707254bd1029
5440.0,47903,llama-server,2049744,1660.79,mac,707254bd1029
5450.0,47879,meeting-translator,100592,524.62,mac,707254bd1029
5450.0,47892,com.apple.WebKit.GPU,39824,149.05,mac,707254bd1029
5450.0,47893,com.apple.WebKit.Networking,12368,100.80,mac,707254bd1029
5450.0,47894,com.apple.WebKit.WebContent,40080,195.44,mac,707254bd1029
5450.0,47896,com.apple.WebKit.WebContent,83360,400.74,mac,707254bd1029
5450.0,47898,asr-worker,682032,69.34,mac,707254bd1029
5450.0,47903,llama-server,2056176,1666.25,mac,707254bd1029
5460.0,47879,meeting-translator,102832,525.59,mac,707254bd1029
5460.0,47892,com.apple.WebKit.GPU,39712,149.33,mac,707254bd1029
5460.0,47893,com.apple.WebKit.Networking,12528,101.01,mac,707254bd1029
5460.0,47894,com.apple.WebKit.WebContent,42048,195.82,mac,707254bd1029
5460.0,47896,com.apple.WebKit.WebContent,161136,401.71,mac,707254bd1029
5460.0,47898,asr-worker,679808,69.53,mac,707254bd1029
5460.0,47903,llama-server,2064192,1670.86,mac,707254bd1029
5470.0,47879,meeting-translator,105584,526.56,mac,707254bd1029
5470.0,47892,com.apple.WebKit.GPU,40016,149.62,mac,707254bd1029
5470.0,47893,com.apple.WebKit.Networking,12288,101.21,mac,707254bd1029
5470.0,47894,com.apple.WebKit.WebContent,38224,196.18,mac,707254bd1029
5470.0,47896,com.apple.WebKit.WebContent,112656,402.70,mac,707254bd1029
5470.0,47898,asr-worker,681840,69.69,mac,707254bd1029
5470.0,47903,llama-server,2060768,1674.42,mac,707254bd1029
5480.0,47879,meeting-translator,105664,527.53,mac,707254bd1029
5480.0,47892,com.apple.WebKit.GPU,39520,149.90,mac,707254bd1029
5480.0,47893,com.apple.WebKit.Networking,12400,101.40,mac,707254bd1029
5480.0,47894,com.apple.WebKit.WebContent,40976,196.54,mac,707254bd1029
5480.0,47896,com.apple.WebKit.WebContent,82288,403.58,mac,707254bd1029
5480.0,47898,asr-worker,684320,69.82,mac,707254bd1029
5480.0,47903,llama-server,2054736,1676.77,mac,707254bd1029
5490.0,47879,meeting-translator,101584,528.47,mac,707254bd1029
5490.0,47892,com.apple.WebKit.GPU,35568,150.16,mac,707254bd1029
5490.0,47893,com.apple.WebKit.Networking,12000,101.56,mac,707254bd1029
5490.0,47894,com.apple.WebKit.WebContent,37536,196.89,mac,707254bd1029
5490.0,47896,com.apple.WebKit.WebContent,117888,404.39,mac,707254bd1029
5490.0,47898,asr-worker,679760,69.96,mac,707254bd1029
5490.0,47903,llama-server,2037328,1678.37,mac,707254bd1029
5500.0,47879,meeting-translator,101568,529.41,mac,707254bd1029
5500.0,47892,com.apple.WebKit.GPU,40192,150.43,mac,707254bd1029
5500.0,47893,com.apple.WebKit.Networking,12336,101.76,mac,707254bd1029
5500.0,47894,com.apple.WebKit.WebContent,38816,197.24,mac,707254bd1029
5500.0,47896,com.apple.WebKit.WebContent,81616,405.46,mac,707254bd1029
5500.0,47898,asr-worker,679680,70.06,mac,707254bd1029
5500.0,47903,llama-server,2041616,1682.28,mac,707254bd1029
5510.0,47879,meeting-translator,105312,530.31,mac,707254bd1029
5510.0,47892,com.apple.WebKit.GPU,39584,150.66,mac,707254bd1029
5510.0,47893,com.apple.WebKit.Networking,12544,101.94,mac,707254bd1029
5510.0,47894,com.apple.WebKit.WebContent,37440,197.58,mac,707254bd1029
5510.0,47896,com.apple.WebKit.WebContent,117712,406.26,mac,707254bd1029
5510.0,47898,asr-worker,679360,70.16,mac,707254bd1029
5510.0,47903,llama-server,2051904,1684.86,mac,707254bd1029
5520.0,47879,meeting-translator,106064,531.25,mac,707254bd1029
5520.0,47892,com.apple.WebKit.GPU,38976,150.96,mac,707254bd1029
5520.0,47893,com.apple.WebKit.Networking,12448,102.15,mac,707254bd1029
5520.0,47894,com.apple.WebKit.WebContent,35648,197.94,mac,707254bd1029
5520.0,47896,com.apple.WebKit.WebContent,140416,407.26,mac,707254bd1029
5520.0,47898,asr-worker,681456,70.32,mac,707254bd1029
5520.0,47903,llama-server,2062512,1689.57,mac,707254bd1029
5530.0,47879,meeting-translator,106496,532.24,mac,707254bd1029
5530.0,47892,com.apple.WebKit.GPU,39632,151.26,mac,707254bd1029
5530.0,47893,com.apple.WebKit.Networking,12496,102.35,mac,707254bd1029
5530.0,47894,com.apple.WebKit.WebContent,43792,198.33,mac,707254bd1029
5530.0,47896,com.apple.WebKit.WebContent,145088,408.21,mac,707254bd1029
5530.0,47898,asr-worker,681920,70.47,mac,707254bd1029
5530.0,47903,llama-server,2071360,1693.03,mac,707254bd1029
5540.0,47879,meeting-translator,106160,533.20,mac,707254bd1029
5540.0,47892,com.apple.WebKit.GPU,40688,151.54,mac,707254bd1029
5540.0,47893,com.apple.WebKit.Networking,12704,102.55,mac,707254bd1029
5540.0,47894,com.apple.WebKit.WebContent,45328,198.70,mac,707254bd1029
5540.0,47896,com.apple.WebKit.WebContent,113744,409.21,mac,707254bd1029
5540.0,47898,asr-worker,684160,70.64,mac,707254bd1029
5540.0,47903,llama-server,2076960,1697.22,mac,707254bd1029
5550.0,47879,meeting-translator,100144,534.13,mac,707254bd1029
5550.0,47892,com.apple.WebKit.GPU,39888,151.82,mac,707254bd1029
5550.0,47893,com.apple.WebKit.Networking,12672,102.75,mac,707254bd1029
5550.0,47894,com.apple.WebKit.WebContent,43888,199.06,mac,707254bd1029
5550.0,47896,com.apple.WebKit.WebContent,109984,410.22,mac,707254bd1029
5550.0,47898,asr-worker,680096,70.82,mac,707254bd1029
5550.0,47903,llama-server,2062912,1700.97,mac,707254bd1029
5560.0,47879,meeting-translator,101824,535.09,mac,707254bd1029
5560.0,47892,com.apple.WebKit.GPU,36288,152.08,mac,707254bd1029
5560.0,47893,com.apple.WebKit.Networking,12720,102.94,mac,707254bd1029
5560.0,47894,com.apple.WebKit.WebContent,43232,199.41,mac,707254bd1029
5560.0,47896,com.apple.WebKit.WebContent,114288,411.12,mac,707254bd1029
5560.0,47898,asr-worker,679760,70.93,mac,707254bd1029
5560.0,47903,llama-server,2048640,1703.46,mac,707254bd1029
5570.0,47879,meeting-translator,97520,536.01,mac,707254bd1029
5570.0,47892,com.apple.WebKit.GPU,31840,152.35,mac,707254bd1029
5570.0,47893,com.apple.WebKit.Networking,12320,103.15,mac,707254bd1029
5570.0,47894,com.apple.WebKit.WebContent,31152,199.76,mac,707254bd1029
5570.0,47896,com.apple.WebKit.WebContent,90208,412.02,mac,707254bd1029
5570.0,47898,asr-worker,672784,71.09,mac,707254bd1029
5570.0,47903,llama-server,2018768,1707.64,mac,707254bd1029
5580.0,47879,meeting-translator,101760,536.96,mac,707254bd1029
5580.0,47892,com.apple.WebKit.GPU,38752,152.64,mac,707254bd1029
5580.0,47893,com.apple.WebKit.Networking,12576,103.36,mac,707254bd1029
5580.0,47894,com.apple.WebKit.WebContent,42192,200.13,mac,707254bd1029
5580.0,47896,com.apple.WebKit.WebContent,170800,413.00,mac,707254bd1029
5580.0,47898,asr-worker,677344,71.26,mac,707254bd1029
5580.0,47903,llama-server,2030688,1712.19,mac,707254bd1029
5590.0,47879,meeting-translator,105984,537.96,mac,707254bd1029
5590.0,47892,com.apple.WebKit.GPU,39840,152.91,mac,707254bd1029
5590.0,47893,com.apple.WebKit.Networking,12640,103.54,mac,707254bd1029
5590.0,47894,com.apple.WebKit.WebContent,42592,200.50,mac,707254bd1029
5590.0,47896,com.apple.WebKit.WebContent,171568,413.95,mac,707254bd1029
5590.0,47898,asr-worker,682144,71.37,mac,707254bd1029
5590.0,47903,llama-server,2033968,1715.33,mac,707254bd1029
5600.0,47879,meeting-translator,108480,538.94,mac,707254bd1029
5600.0,47892,com.apple.WebKit.GPU,38384,153.17,mac,707254bd1029
5600.0,47893,com.apple.WebKit.Networking,12640,103.73,mac,707254bd1029
5600.0,47894,com.apple.WebKit.WebContent,44656,200.87,mac,707254bd1029
5600.0,47896,com.apple.WebKit.WebContent,169792,414.89,mac,707254bd1029
5600.0,47898,asr-worker,684336,71.52,mac,707254bd1029
5600.0,47903,llama-server,2051152,1718.07,mac,707254bd1029
5610.0,47879,meeting-translator,107552,539.88,mac,707254bd1029
5610.0,47892,com.apple.WebKit.GPU,39872,153.46,mac,707254bd1029
5610.0,47893,com.apple.WebKit.Networking,12592,103.93,mac,707254bd1029
5610.0,47894,com.apple.WebKit.WebContent,44512,201.22,mac,707254bd1029
5610.0,47896,com.apple.WebKit.WebContent,87808,415.91,mac,707254bd1029
5610.0,47898,asr-worker,686624,71.65,mac,707254bd1029
5610.0,47903,llama-server,2050016,1721.22,mac,707254bd1029
5620.0,47879,meeting-translator,108336,540.85,mac,707254bd1029
5620.0,47892,com.apple.WebKit.GPU,38176,153.75,mac,707254bd1029
5620.0,47893,com.apple.WebKit.Networking,12720,104.12,mac,707254bd1029
5620.0,47894,com.apple.WebKit.WebContent,44768,201.58,mac,707254bd1029
5620.0,47896,com.apple.WebKit.WebContent,89568,416.93,mac,707254bd1029
5620.0,47898,asr-worker,686896,71.81,mac,707254bd1029
5620.0,47903,llama-server,2068224,1724.46,mac,707254bd1029
5630.0,47879,meeting-translator,106608,541.80,mac,707254bd1029
5630.0,47892,com.apple.WebKit.GPU,38880,154.04,mac,707254bd1029
5630.0,47893,com.apple.WebKit.Networking,12848,104.31,mac,707254bd1029
5630.0,47894,com.apple.WebKit.WebContent,44624,201.94,mac,707254bd1029
5630.0,47896,com.apple.WebKit.WebContent,122880,417.83,mac,707254bd1029
5630.0,47898,asr-worker,686864,71.99,mac,707254bd1029
5630.0,47903,llama-server,2067520,1728.27,mac,707254bd1029
5640.0,47879,meeting-translator,106112,542.76,mac,707254bd1029
5640.0,47892,com.apple.WebKit.GPU,37616,154.33,mac,707254bd1029
5640.0,47893,com.apple.WebKit.Networking,12800,104.51,mac,707254bd1029
5640.0,47894,com.apple.WebKit.WebContent,37136,202.30,mac,707254bd1029
5640.0,47896,com.apple.WebKit.WebContent,142608,418.82,mac,707254bd1029
5640.0,47898,asr-worker,686640,72.19,mac,707254bd1029
5640.0,47903,llama-server,2056720,1732.12,mac,707254bd1029
5650.0,47879,meeting-translator,104144,543.73,mac,707254bd1029
5650.0,47892,com.apple.WebKit.GPU,36672,154.60,mac,707254bd1029
5650.0,47893,com.apple.WebKit.Networking,12720,104.71,mac,707254bd1029
5650.0,47894,com.apple.WebKit.WebContent,37072,202.66,mac,707254bd1029
5650.0,47896,com.apple.WebKit.WebContent,146656,419.74,mac,707254bd1029
5650.0,47898,asr-worker,679552,72.31,mac,707254bd1029
5650.0,47903,llama-server,2048320,1735.35,mac,707254bd1029
5660.0,47879,meeting-translator,107088,544.72,mac,707254bd1029
5660.0,47892,com.apple.WebKit.GPU,37936,154.86,mac,707254bd1029
5660.0,47893,com.apple.WebKit.Networking,12736,104.89,mac,707254bd1029
5660.0,47894,com.apple.WebKit.WebContent,44720,203.04,mac,707254bd1029
5660.0,47896,com.apple.WebKit.WebContent,146800,420.62,mac,707254bd1029
5660.0,47898,asr-worker,681808,72.43,mac,707254bd1029
5660.0,47903,llama-server,2052624,1737.71,mac,707254bd1029
5670.0,47879,meeting-translator,106720,545.67,mac,707254bd1029
5670.0,47892,com.apple.WebKit.GPU,38272,155.13,mac,707254bd1029
5670.0,47893,com.apple.WebKit.Networking,12496,105.09,mac,707254bd1029
5670.0,47894,com.apple.WebKit.WebContent,43600,203.40,mac,707254bd1029
5670.0,47896,com.apple.WebKit.WebContent,127296,421.58,mac,707254bd1029
5670.0,47898,asr-worker,682176,72.56,mac,707254bd1029
5670.0,47903,llama-server,2059872,1740.94,mac,707254bd1029
5680.0,47879,meeting-translator,106624,546.62,mac,707254bd1029
5680.0,47892,com.apple.WebKit.GPU,36416,155.40,mac,707254bd1029
5680.0,47893,com.apple.WebKit.Networking,12128,105.28,mac,707254bd1029
5680.0,47894,com.apple.WebKit.WebContent,43360,203.76,mac,707254bd1029
5680.0,47896,com.apple.WebKit.WebContent,96592,422.59,mac,707254bd1029
5680.0,47898,asr-worker,681824,72.69,mac,707254bd1029
5680.0,47903,llama-server,2042288,1744.42,mac,707254bd1029
5690.0,47879,meeting-translator,106736,547.57,mac,707254bd1029
5690.0,47892,com.apple.WebKit.GPU,40784,155.69,mac,707254bd1029
5690.0,47893,com.apple.WebKit.Networking,12416,105.49,mac,707254bd1029
5690.0,47894,com.apple.WebKit.WebContent,43936,204.12,mac,707254bd1029
5690.0,47896,com.apple.WebKit.WebContent,95520,423.75,mac,707254bd1029
5690.0,47898,asr-worker,684272,72.88,mac,707254bd1029
5690.0,47903,llama-server,2055824,1749.21,mac,707254bd1029
5700.0,47879,meeting-translator,106704,548.53,mac,707254bd1029
5700.0,47892,com.apple.WebKit.GPU,36352,155.95,mac,707254bd1029
5700.0,47893,com.apple.WebKit.Networking,12400,105.68,mac,707254bd1029
5700.0,47894,com.apple.WebKit.WebContent,43392,204.48,mac,707254bd1029
5700.0,47896,com.apple.WebKit.WebContent,90160,424.74,mac,707254bd1029
5700.0,47898,asr-worker,683952,73.00,mac,707254bd1029
5700.0,47903,llama-server,2053344,1752.46,mac,707254bd1029
5710.0,47879,meeting-translator,108384,549.51,mac,707254bd1029
5710.0,47892,com.apple.WebKit.GPU,37728,156.20,mac,707254bd1029
5710.0,47893,com.apple.WebKit.Networking,12400,105.85,mac,707254bd1029
5710.0,47894,com.apple.WebKit.WebContent,45472,204.84,mac,707254bd1029
5710.0,47896,com.apple.WebKit.WebContent,114448,425.59,mac,707254bd1029
5710.0,47898,asr-worker,688848,73.09,mac,707254bd1029
5710.0,47903,llama-server,2060224,1754.18,mac,707254bd1029
5720.0,47879,meeting-translator,108624,550.49,mac,707254bd1029
5720.0,47892,com.apple.WebKit.GPU,41072,156.52,mac,707254bd1029
5720.0,47893,com.apple.WebKit.Networking,12688,106.06,mac,707254bd1029
5720.0,47894,com.apple.WebKit.WebContent,41904,205.22,mac,707254bd1029
5720.0,47896,com.apple.WebKit.WebContent,148816,426.56,mac,707254bd1029
5720.0,47898,asr-worker,689216,73.20,mac,707254bd1029
5720.0,47903,llama-server,2065568,1757.79,mac,707254bd1029
5730.0,47879,meeting-translator,106992,551.43,mac,707254bd1029
5730.0,47892,com.apple.WebKit.GPU,40368,156.79,mac,707254bd1029
5730.0,47893,com.apple.WebKit.Networking,13424,106.25,mac,707254bd1029
5730.0,47894,com.apple.WebKit.WebContent,40672,205.58,mac,707254bd1029
5730.0,47896,com.apple.WebKit.WebContent,148368,427.50,mac,707254bd1029
5730.0,47898,asr-worker,685488,73.31,mac,707254bd1029
5730.0,47903,llama-server,2065520,1761.19,mac,707254bd1029
5740.0,47879,meeting-translator,107104,552.39,mac,707254bd1029
5740.0,47892,com.apple.WebKit.GPU,41616,157.08,mac,707254bd1029
5740.0,47893,com.apple.WebKit.Networking,13488,106.45,mac,707254bd1029
5740.0,47894,com.apple.WebKit.WebContent,41152,205.95,mac,707254bd1029
5740.0,47896,com.apple.WebKit.WebContent,149072,428.49,mac,707254bd1029
5740.0,47898,asr-worker,687552,73.42,mac,707254bd1029
5740.0,47903,llama-server,2071760,1764.68,mac,707254bd1029
5750.0,47879,meeting-translator,108208,553.36,mac,707254bd1029
5750.0,47892,com.apple.WebKit.GPU,38800,157.37,mac,707254bd1029
5750.0,47893,com.apple.WebKit.Networking,13296,106.65,mac,707254bd1029
5750.0,47894,com.apple.WebKit.WebContent,51408,206.34,mac,707254bd1029
5750.0,47896,com.apple.WebKit.WebContent,165104,429.39,mac,707254bd1029
5750.0,47898,asr-worker,689696,73.53,mac,707254bd1029
5750.0,47903,llama-server,2084944,1768.48,mac,707254bd1029
5760.0,47879,meeting-translator,107008,554.32,mac,707254bd1029
5760.0,47892,com.apple.WebKit.GPU,37088,157.63,mac,707254bd1029
5760.0,47893,com.apple.WebKit.Networking,13088,106.83,mac,707254bd1029
5760.0,47894,com.apple.WebKit.WebContent,45696,206.70,mac,707254bd1029
5760.0,47896,com.apple.WebKit.WebContent,129056,430.26,mac,707254bd1029
5760.0,47898,asr-worker,685280,73.64,mac,707254bd1029
5760.0,47903,llama-server,2070352,1770.69,mac,707254bd1029
5770.0,47879,meeting-translator,107088,555.27,mac,707254bd1029
5770.0,47892,com.apple.WebKit.GPU,41760,157.93,mac,707254bd1029
5770.0,47893,com.apple.WebKit.Networking,13392,107.04,mac,707254bd1029
5770.0,47894,com.apple.WebKit.WebContent,46368,207.07,mac,707254bd1029
5770.0,47896,com.apple.WebKit.WebContent,131024,431.38,mac,707254bd1029
5770.0,47898,asr-worker,687536,73.82,mac,707254bd1029
5770.0,47903,llama-server,2072192,1775.69,mac,707254bd1029
5780.0,47879,meeting-translator,102464,556.24,mac,707254bd1029
5780.0,47892,com.apple.WebKit.GPU,40784,158.19,mac,707254bd1029
5780.0,47893,com.apple.WebKit.Networking,13072,107.24,mac,707254bd1029
5780.0,47894,com.apple.WebKit.WebContent,46528,207.44,mac,707254bd1029
5780.0,47896,com.apple.WebKit.WebContent,128192,432.31,mac,707254bd1029
5780.0,47898,asr-worker,683424,73.95,mac,707254bd1029
5780.0,47903,llama-server,2064736,1778.88,mac,707254bd1029
5790.0,47879,meeting-translator,103152,557.19,mac,707254bd1029
5790.0,47892,com.apple.WebKit.GPU,41040,158.46,mac,707254bd1029
5790.0,47893,com.apple.WebKit.Networking,13072,107.42,mac,707254bd1029
5790.0,47894,com.apple.WebKit.WebContent,50304,207.80,mac,707254bd1029
5790.0,47896,com.apple.WebKit.WebContent,131248,433.24,mac,707254bd1029
5790.0,47898,asr-worker,685184,74.12,mac,707254bd1029
5790.0,47903,llama-server,2075440,1781.56,mac,707254bd1029
5800.0,47879,meeting-translator,104448,558.14,mac,707254bd1029
5800.0,47892,com.apple.WebKit.GPU,36736,158.73,mac,707254bd1029
5800.0,47893,com.apple.WebKit.Networking,12384,107.63,mac,707254bd1029
5800.0,47894,com.apple.WebKit.WebContent,43968,208.17,mac,707254bd1029
5800.0,47896,com.apple.WebKit.WebContent,130976,434.23,mac,707254bd1029
5800.0,47898,asr-worker,678864,74.24,mac,707254bd1029
5800.0,47903,llama-server,2051808,1785.58,mac,707254bd1029
5810.0,47879,meeting-translator,106288,559.11,mac,707254bd1029
5810.0,47892,com.apple.WebKit.GPU,36288,159.01,mac,707254bd1029
5810.0,47893,com.apple.WebKit.Networking,12592,107.83,mac,707254bd1029
5810.0,47894,com.apple.WebKit.WebContent,43952,208.53,mac,707254bd1029
5810.0,47896,com.apple.WebKit.WebContent,133472,435.19,mac,707254bd1029
5810.0,47898,asr-worker,679888,74.42,mac,707254bd1029
5810.0,47903,llama-server,2039248,1789.08,mac,707254bd1029
5820.0,47879,meeting-translator,106016,560.06,mac,707254bd1029
5820.0,47892,com.apple.WebKit.GPU,40224,159.28,mac,707254bd1029
5820.0,47893,com.apple.WebKit.Networking,12240,108.03,mac,707254bd1029
5820.0,47894,com.apple.WebKit.WebContent,43264,208.89,mac,707254bd1029
5820.0,47896,com.apple.WebKit.WebContent,125584,436.30,mac,707254bd1029
5820.0,47898,asr-worker,680448,74.51,mac,707254bd1029
5820.0,47903,llama-server,2050624,1793.70,mac,707254bd1029
5830.0,47879,meeting-translator,104256,561.03,mac,707254bd1029
5830.0,47892,com.apple.WebKit.GPU,38000,159.55,mac,707254bd1029
5830.0,47893,com.apple.WebKit.Networking,12608,108.22,mac,707254bd1029
5830.0,47894,com.apple.WebKit.WebContent,42544,209.26,mac,707254bd1029
5830.0,47896,com.apple.WebKit.WebContent,125888,437.20,mac,707254bd1029
5830.0,47898,asr-worker,682448,74.62,mac,707254bd1029
5830.0,47903,llama-server,2058160,1796.28,mac,707254bd1029
5840.0,47879,meeting-translator,106160,561.99,mac,707254bd1029
5840.0,47892,com.apple.WebKit.GPU,37904,159.82,mac,707254bd1029
5840.0,47893,com.apple.WebKit.Networking,12880,108.41,mac,707254bd1029
5840.0,47894,com.apple.WebKit.WebContent,45344,209.62,mac,707254bd1029
5840.0,47896,com.apple.WebKit.WebContent,126384,438.09,mac,707254bd1029
5840.0,47898,asr-worker,676224,74.74,mac,707254bd1029
5840.0,47903,llama-server,2055360,1798.90,mac,707254bd1029
5850.0,47879,meeting-translator,107824,562.95,mac,707254bd1029
5850.0,47892,com.apple.WebKit.GPU,40992,160.09,mac,707254bd1029
5850.0,47893,com.apple.WebKit.Networking,12832,108.59,mac,707254bd1029
5850.0,47894,com.apple.WebKit.WebContent,44848,209.98,mac,707254bd1029
5850.0,47896,com.apple.WebKit.WebContent,100512,439.00,mac,707254bd1029
5850.0,47898,asr-worker,678624,74.79,mac,707254bd1029
5850.0,47903,llama-server,2041264,1801.03,mac,707254bd1029
5860.0,47879,meeting-translator,107504,563.92,mac,707254bd1029
5860.0,47892,com.apple.WebKit.GPU,41600,160.40,mac,707254bd1029
5860.0,47893,com.apple.WebKit.Networking,12640,108.79,mac,707254bd1029
5860.0,47894,com.apple.WebKit.WebContent,45184,210.36,mac,707254bd1029
5860.0,47896,com.apple.WebKit.WebContent,109344,439.98,mac,707254bd1029
5860.0,47898,asr-worker,687552,74.99,mac,707254bd1029
5860.0,47903,llama-server,2058608,1805.39,mac,707254bd1029
5870.0,47879,meeting-translator,106544,564.88,mac,707254bd1029
5870.0,47892,com.apple.WebKit.GPU,38368,160.69,mac,707254bd1029
5870.0,47893,com.apple.WebKit.Networking,12608,108.99,mac,707254bd1029
5870.0,47894,com.apple.WebKit.WebContent,43744,210.72,mac,707254bd1029
5870.0,47896,com.apple.WebKit.WebContent,117728,440.89,mac,707254bd1029
5870.0,47898,asr-worker,688000,75.11,mac,707254bd1029
5870.0,47903,llama-server,2056352,1808.83,mac,707254bd1029
5880.0,47879,meeting-translator,106880,565.85,mac,707254bd1029
5880.0,47892,com.apple.WebKit.GPU,40640,160.96,mac,707254bd1029
5880.0,47893,com.apple.WebKit.Networking,12576,109.19,mac,707254bd1029
5880.0,47894,com.apple.WebKit.WebContent,44240,211.08,mac,707254bd1029
5880.0,47896,com.apple.WebKit.WebContent,78768,441.91,mac,707254bd1029
5880.0,47898,asr-worker,685776,75.22,mac,707254bd1029
5880.0,47903,llama-server,2047040,1812.10,mac,707254bd1029
5890.0,47879,meeting-translator,106288,566.81,mac,707254bd1029
5890.0,47892,com.apple.WebKit.GPU,40112,161.23,mac,707254bd1029
5890.0,47893,com.apple.WebKit.Networking,12560,109.36,mac,707254bd1029
5890.0,47894,com.apple.WebKit.WebContent,42048,211.44,mac,707254bd1029
5890.0,47896,com.apple.WebKit.WebContent,80608,442.88,mac,707254bd1029
5890.0,47898,asr-worker,685408,75.32,mac,707254bd1029
5890.0,47903,llama-server,2046512,1814.71,mac,707254bd1029
5900.0,47879,meeting-translator,107104,567.78,mac,707254bd1029
5900.0,47892,com.apple.WebKit.GPU,39904,161.50,mac,707254bd1029
5900.0,47893,com.apple.WebKit.Networking,12736,109.54,mac,707254bd1029
5900.0,47894,com.apple.WebKit.WebContent,43552,211.81,mac,707254bd1029
5900.0,47896,com.apple.WebKit.WebContent,79808,443.77,mac,707254bd1029
5900.0,47898,asr-worker,681648,75.39,mac,707254bd1029
5900.0,47903,llama-server,2044096,1816.53,mac,707254bd1029
5910.0,47879,meeting-translator,106752,568.74,mac,707254bd1029
5910.0,47892,com.apple.WebKit.GPU,41520,161.81,mac,707254bd1029
5910.0,47893,com.apple.WebKit.Networking,12752,109.76,mac,707254bd1029
5910.0,47894,com.apple.WebKit.WebContent,41616,212.18,mac,707254bd1029
5910.0,47896,com.apple.WebKit.WebContent,142112,444.85,mac,707254bd1029
5910.0,47898,asr-worker,681280,75.52,mac,707254bd1029
5910.0,47903,llama-server,2045104,1821.68,mac,707254bd1029
5920.0,47879,meeting-translator,104432,569.68,mac,707254bd1029
5920.0,47892,com.apple.WebKit.GPU,40896,162.13,mac,707254bd1029
5920.0,47893,com.apple.WebKit.Networking,12448,109.97,mac,707254bd1029
5920.0,47894,com.apple.WebKit.WebContent,41648,212.55,mac,707254bd1029
5920.0,47896,com.apple.WebKit.WebContent,138592,445.92,mac,707254bd1029
5920.0,47898,asr-worker,681200,75.71,mac,707254bd1029
5920.0,47903,llama-server,2059936,1826.76,mac,707254bd1029
5930.0,47879,meeting-translator,107072,570.64,mac,707254bd1029
5930.0,47892,com.apple.WebKit.GPU,40848,162.41,mac,707254bd1029
5930.0,47893,com.apple.WebKit.Networking,12448,110.17,mac,707254bd1029
5930.0,47894,com.apple.WebKit.WebContent,40800,212.91,mac,707254bd1029
5930.0,47896,com.apple.WebKit.WebContent,135232,446.92,mac,707254bd1029
5930.0,47898,asr-worker,678896,75.86,mac,707254bd1029
5930.0,47903,llama-server,2048240,1830.13,mac,707254bd1029
5940.0,47879,meeting-translator,103616,571.61,mac,707254bd1029
5940.0,47892,com.apple.WebKit.GPU,39856,162.68,mac,707254bd1029
5940.0,47893,com.apple.WebKit.Networking,12592,110.36,mac,707254bd1029
5940.0,47894,com.apple.WebKit.WebContent,43056,213.28,mac,707254bd1029
5940.0,47896,com.apple.WebKit.WebContent,136928,447.78,mac,707254bd1029
5940.0,47898,asr-worker,680896,76.00,mac,707254bd1029
5940.0,47903,llama-server,2053424,1832.91,mac,707254bd1029
5950.0,47879,meeting-translator,106192,572.59,mac,707254bd1029
5950.0,47892,com.apple.WebKit.GPU,36464,162.96,mac,707254bd1029
5950.0,47893,com.apple.WebKit.Networking,12464,110.56,mac,707254bd1029
5950.0,47894,com.apple.WebKit.WebContent,43104,213.65,mac,707254bd1029
5950.0,47896,com.apple.WebKit.WebContent,135488,448.86,mac,707254bd1029
5950.0,47898,asr-worker,682992,76.14,mac,707254bd1029
5950.0,47903,llama-server,2061664,1836.83,mac,707254bd1029
5960.0,47879,meeting-translator,107776,573.58,mac,707254bd1029
5960.0,47892,com.apple.WebKit.GPU,36512,163.22,mac,707254bd1029
5960.0,47893,com.apple.WebKit.Networking,12608,110.74,mac,707254bd1029
5960.0,47894,com.apple.WebKit.WebContent,44960,214.02,mac,707254bd1029
5960.0,47896,com.apple.WebKit.WebContent,134944,449.76,mac,707254bd1029
5960.0,47898,asr-worker,678992,76.26,mac,707254bd1029
5960.0,47903,llama-server,2065760,1839.19,mac,707254bd1029
5970.0,47879,meeting-translator,106912,574.56,mac,707254bd1029
5970.0,47892,com.apple.WebKit.GPU,36144,163.52,mac,707254bd1029
5970.0,47893,com.apple.WebKit.Networking,12480,110.94,mac,707254bd1029
5970.0,47894,com.apple.WebKit.WebContent,45216,214.39,mac,707254bd1029
5970.0,47896,com.apple.WebKit.WebContent,133984,450.84,mac,707254bd1029
5970.0,47898,asr-worker,682848,76.42,mac,707254bd1029
5970.0,47903,llama-server,2065104,1843.29,mac,707254bd1029
5980.0,47879,meeting-translator,105568,575.52,mac,707254bd1029
5980.0,47892,com.apple.WebKit.GPU,36832,163.78,mac,707254bd1029
5980.0,47893,com.apple.WebKit.Networking,12544,111.13,mac,707254bd1029
5980.0,47894,com.apple.WebKit.WebContent,44000,214.75,mac,707254bd1029
5980.0,47896,com.apple.WebKit.WebContent,105888,451.74,mac,707254bd1029
5980.0,47898,asr-worker,678384,76.49,mac,707254bd1029
5980.0,47903,llama-server,2055824,1845.57,mac,707254bd1029
5990.0,47879,meeting-translator,107104,576.45,mac,707254bd1029
5990.0,47892,com.apple.WebKit.GPU,36352,164.04,mac,707254bd1029
5990.0,47893,com.apple.WebKit.Networking,12656,111.31,mac,707254bd1029
5990.0,47894,com.apple.WebKit.WebContent,44032,215.09,mac,707254bd1029
5990.0,47896,com.apple.WebKit.WebContent,136240,452.62,mac,707254bd1029
5990.0,47898,asr-worker,685424,76.59,mac,707254bd1029
5990.0,47903,llama-server,2057280,1848.20,mac,707254bd1029
6000.0,47879,meeting-translator,102224,577.42,mac,707254bd1029
6000.0,47892,com.apple.WebKit.GPU,32784,164.31,mac,707254bd1029
6000.0,47893,com.apple.WebKit.Networking,12560,111.49,mac,707254bd1029
6000.0,47894,com.apple.WebKit.WebContent,42048,215.47,mac,707254bd1029
6000.0,47896,com.apple.WebKit.WebContent,90800,453.59,mac,707254bd1029
6000.0,47898,asr-worker,682752,76.72,mac,707254bd1029
6000.0,47903,llama-server,2026368,1850.72,mac,707254bd1029
6010.0,47879,meeting-translator,105984,578.39,mac,707254bd1029
6010.0,47892,com.apple.WebKit.GPU,37024,164.60,mac,707254bd1029
6010.0,47893,com.apple.WebKit.Networking,12656,111.70,mac,707254bd1029
6010.0,47894,com.apple.WebKit.WebContent,43792,215.84,mac,707254bd1029
6010.0,47896,com.apple.WebKit.WebContent,108672,454.67,mac,707254bd1029
6010.0,47898,asr-worker,681968,76.90,mac,707254bd1029
6010.0,47903,llama-server,2051136,1855.50,mac,707254bd1029
6020.0,47879,meeting-translator,105264,579.32,mac,707254bd1029
6020.0,47892,com.apple.WebKit.GPU,36672,164.88,mac,707254bd1029
6020.0,47893,com.apple.WebKit.Networking,12288,111.89,mac,707254bd1029
6020.0,47894,com.apple.WebKit.WebContent,45312,216.20,mac,707254bd1029
6020.0,47896,com.apple.WebKit.WebContent,98064,455.67,mac,707254bd1029
6020.0,47898,asr-worker,681920,77.01,mac,707254bd1029
6020.0,47903,llama-server,2050768,1858.93,mac,707254bd1029
6030.0,47879,meeting-translator,104400,580.26,mac,707254bd1029
6030.0,47892,com.apple.WebKit.GPU,36112,165.18,mac,707254bd1029
6030.0,47893,com.apple.WebKit.Networking,12592,112.07,mac,707254bd1029
6030.0,47894,com.apple.WebKit.WebContent,43760,216.56,mac,707254bd1029
6030.0,47896,com.apple.WebKit.WebContent,87952,456.69,mac,707254bd1029
6030.0,47898,asr-worker,681600,77.21,mac,707254bd1029
6030.0,47903,llama-server,2033952,1862.38,mac,707254bd1029
6040.0,47879,meeting-translator,103728,581.26,mac,707254bd1029
6040.0,47892,com.apple.WebKit.GPU,35440,165.42,mac,707254bd1029
6040.0,47893,com.apple.WebKit.Networking,12624,112.25,mac,707254bd1029
6040.0,47894,com.apple.WebKit.WebContent,44432,216.93,mac,707254bd1029
6040.0,47896,com.apple.WebKit.WebContent,82256,457.61,mac,707254bd1029
6040.0,47898,asr-worker,679168,77.32,mac,707254bd1029
6040.0,47903,llama-server,2037744,1864.78,mac,707254bd1029
6050.0,47879,meeting-translator,104160,582.22,mac,707254bd1029
6050.0,47892,com.apple.WebKit.GPU,39600,165.70,mac,707254bd1029
6050.0,47893,com.apple.WebKit.Networking,12704,112.42,mac,707254bd1029
6050.0,47894,com.apple.WebKit.WebContent,40928,217.29,mac,707254bd1029
6050.0,47896,com.apple.WebKit.WebContent,85536,458.55,mac,707254bd1029
6050.0,47898,asr-worker,679408,77.41,mac,707254bd1029
6050.0,47903,llama-server,2037632,1867.39,mac,707254bd1029
6060.0,47879,meeting-translator,105088,583.20,mac,707254bd1029
6060.0,47892,com.apple.WebKit.GPU,35632,165.98,mac,707254bd1029
6060.0,47893,com.apple.WebKit.Networking,12512,112.61,mac,707254bd1029
6060.0,47894,com.apple.WebKit.WebContent,43856,217.67,mac,707254bd1029
6060.0,47896,com.apple.WebKit.WebContent,115824,459.51,mac,707254bd1029
6060.0,47898,asr-worker,680784,77.56,mac,707254bd1029
6060.0,47903,llama-server,2044000,1870.66,mac,707254bd1029
6070.0,47879,meeting-translator,107248,584.17,mac,707254bd1029
6070.0,47892,com.apple.WebKit.GPU,35728,166.24,mac,707254bd1029
6070.0,47893,com.apple.WebKit.Networking,12256,112.79,mac,707254bd1029
6070.0,47894,com.apple.WebKit.WebContent,43840,218.03,mac,707254bd1029
6070.0,47896,com.apple.WebKit.WebContent,93104,460.46,mac,707254bd1029
6070.0,47898,asr-worker,681424,77.67,mac,707254bd1029
6070.0,47903,llama-server,2043328,1873.23,mac,707254bd1029
6080.0,47879,meeting-translator,106928,585.14,mac,707254bd1029
6080.0,47892,com.apple.WebKit.GPU,36896,166.53,mac,707254bd1029
6080.0,47893,com.apple.WebKit.Networking,12688,113.00,mac,707254bd1029
6080.0,47894,com.apple.WebKit.WebContent,45344,218.41,mac,707254bd1029
6080.0,47896,com.apple.WebKit.WebContent,85312,461.61,mac,707254bd1029
6080.0,47898,asr-worker,683552,77.85,mac,707254bd1029
6080.0,47903,llama-server,2050592,1878.00,mac,707254bd1029
6090.0,47879,meeting-translator,102160,586.08,mac,707254bd1029
6090.0,47892,com.apple.WebKit.GPU,34672,166.80,mac,707254bd1029
6090.0,47893,com.apple.WebKit.Networking,12688,113.19,mac,707254bd1029
6090.0,47894,com.apple.WebKit.WebContent,42816,218.77,mac,707254bd1029
6090.0,47896,com.apple.WebKit.WebContent,129856,462.48,mac,707254bd1029
6090.0,47898,asr-worker,681136,78.00,mac,707254bd1029
6090.0,47903,llama-server,2044320,1880.88,mac,707254bd1029
6100.0,47879,meeting-translator,102848,587.04,mac,707254bd1029
6100.0,47892,com.apple.WebKit.GPU,35232,167.09,mac,707254bd1029
6100.0,47893,com.apple.WebKit.Networking,12752,113.38,mac,707254bd1029
6100.0,47894,com.apple.WebKit.WebContent,44368,219.15,mac,707254bd1029
6100.0,47896,com.apple.WebKit.WebContent,132128,463.41,mac,707254bd1029
6100.0,47898,asr-worker,681296,78.17,mac,707254bd1029
6100.0,47903,llama-server,2050720,1884.47,mac,707254bd1029
6110.0,47879,meeting-translator,106688,588.01,mac,707254bd1029
6110.0,47892,com.apple.WebKit.GPU,36304,167.34,mac,707254bd1029
6110.0,47893,com.apple.WebKit.Networking,12640,113.56,mac,707254bd1029
6110.0,47894,com.apple.WebKit.WebContent,44528,219.51,mac,707254bd1029
6110.0,47896,com.apple.WebKit.WebContent,116736,464.33,mac,707254bd1029
6110.0,47898,asr-worker,683648,78.27,mac,707254bd1029
6110.0,47903,llama-server,2054480,1886.61,mac,707254bd1029
6120.0,47879,meeting-translator,106912,588.99,mac,707254bd1029
6120.0,47892,com.apple.WebKit.GPU,40928,167.62,mac,707254bd1029
6120.0,47893,com.apple.WebKit.Networking,12528,113.80,mac,707254bd1029
6120.0,47894,com.apple.WebKit.WebContent,44112,219.90,mac,707254bd1029
6120.0,47896,com.apple.WebKit.WebContent,154128,465.49,mac,707254bd1029
6120.0,47898,asr-worker,681152,78.36,mac,707254bd1029
6120.0,47903,llama-server,2055616,1892.33,mac,707254bd1029
6130.0,47879,meeting-translator,106928,589.95,mac,707254bd1029
6130.0,47892,com.apple.WebKit.GPU,40128,167.89,mac,707254bd1029
6130.0,47893,com.apple.WebKit.Networking,12736,113.99,mac,707254bd1029
6130.0,47894,com.apple.WebKit.WebContent,42896,220.26,mac,707254bd1029
6130.0,47896,com.apple.WebKit.WebContent,135792,466.47,mac,707254bd1029
6130.0,47898,asr-worker,683760,78.45,mac,707254bd1029
6130.0,47903,llama-server,2073328,1894.92,mac,707254bd1029
6140.0,47879,meeting-translator,108528,590.94,mac,707254bd1029
6140.0,47892,com.apple.WebKit.GPU,40976,168.18,mac,707254bd1029
6140.0,47893,com.apple.WebKit.Networking,12752,114.19,mac,707254bd1029
6140.0,47894,com.apple.WebKit.WebContent,45184,220.64,mac,707254bd1029
6140.0,47896,com.apple.WebKit.WebContent,136512,467.56,mac,707254bd1029
6140.0,47898,asr-worker,683904,78.57,mac,707254bd1029
6140.0,47903,llama-server,2077872,1898.78,mac,707254bd1029
6150.0,47879,meeting-translator,107248,591.92,mac,707254bd1029
6150.0,47892,com.apple.WebKit.GPU,37296,168.46,mac,707254bd1029
6150.0,47893,com.apple.WebKit.Networking,12672,114.37,mac,707254bd1029
6150.0,47894,com.apple.WebKit.WebContent,44080,221.00,mac,707254bd1029
6150.0,47896,com.apple.WebKit.WebContent,118784,468.57,mac,707254bd1029
6150.0,47898,asr-worker,683920,78.71,mac,707254bd1029
6150.0,47903,llama-server,2053632,1901.71,mac,707254bd1029
6160.0,47879,meeting-translator,107408,592.88,mac,707254bd1029
6160.0,47892,com.apple.WebKit.GPU,37184,168.75,mac,707254bd1029
6160.0,47893,com.apple.WebKit.Networking,12688,114.57,mac,707254bd1029
6160.0,47894,com.apple.WebKit.WebContent,45312,221.37,mac,707254bd1029
6160.0,47896,com.apple.WebKit.WebContent,118704,469.62,mac,707254bd1029
6160.0,47898,asr-worker,686224,78.83,mac,707254bd1029
6160.0,47903,llama-server,2065840,1905.33,mac,707254bd1029
6170.0,47879,meeting-translator,105712,593.85,mac,707254bd1029
6170.0,47892,com.apple.WebKit.GPU,41232,169.06,mac,707254bd1029
6170.0,47893,com.apple.WebKit.Networking,12640,114.78,mac,707254bd1029
6170.0,47894,com.apple.WebKit.WebContent,44400,221.73,mac,707254bd1029
6170.0,47896,com.apple.WebKit.WebContent,137952,470.70,mac,707254bd1029
6170.0,47898,asr-worker,688208,78.99,mac,707254bd1029
6170.0,47903,llama-server,2056528,1910.11,mac,707254bd1029
6180.0,47879,meeting-translator,104480,594.80,mac,707254bd1029
6180.0,47892,com.apple.WebKit.GPU,39024,169.33,mac,707254bd1029
6180.0,47893,com.apple.WebKit.Networking,12448,114.97,mac,707254bd1029
6180.0,47894,com.apple.WebKit.WebContent,43760,222.09,mac,707254bd1029
6180.0,47896,com.apple.WebKit.WebContent,81552,471.67,mac,707254bd1029
6180.0,47898,asr-worker,683040,79.10,mac,707254bd1029
6180.0,47903,llama-server,2051728,1912.79,mac,707254bd1029
6190.0,47879,meeting-translator,106816,595.77,mac,707254bd1029
6190.0,47892,com.apple.WebKit.GPU,38384,169.61,mac,707254bd1029
6190.0,47893,com.apple.WebKit.Networking,12432,115.15,mac,707254bd1029
6190.0,47894,com.apple.WebKit.WebContent,44144,222.45,mac,707254bd1029
6190.0,47896,com.apple.WebKit.WebContent,82768,472.57,mac,707254bd1029
6190.0,47898,asr-worker,683024,79.25,mac,707254bd1029
6190.0,47903,llama-server,2056928,1915.02,mac,707254bd1029
6200.0,47879,meeting-translator,109168,596.77,mac,707254bd1029
6200.0,47892,com.apple.WebKit.GPU,41328,169.90,mac,707254bd1029
6200.0,47893,com.apple.WebKit.Networking,12704,115.35,mac,707254bd1029
6200.0,47894,com.apple.WebKit.WebContent,45072,222.83,mac,707254bd1029
6200.0,47896,com.apple.WebKit.WebContent,109120,473.66,mac,707254bd1029
6200.0,47898,asr-worker,685632,79.34,mac,707254bd1029
6200.0,47903,llama-server,2053696,1919.12,mac,707254bd1029
6210.0,47879,meeting-translator,107920,597.71,mac,707254bd1029
6210.0,47892,com.apple.WebKit.GPU,41248,170.16,mac,707254bd1029
6210.0,47893,com.apple.WebKit.Networking,12944,115.53,mac,707254bd1029
6210.0,47894,com.apple.WebKit.WebContent,45296,223.17,mac,707254bd1029
6210.0,47896,com.apple.WebKit.WebContent,133088,474.48,mac,707254bd1029
6210.0,47898,asr-worker,685936,79.44,mac,707254bd1029
6210.0,47903,llama-server,2058016,1921.59,mac,707254bd1029
6220.0,47879,meeting-translator,108352,598.69,mac,707254bd1029
6220.0,47892,com.apple.WebKit.GPU,41600,170.46,mac,707254bd1029
6220.0,47893,com.apple.WebKit.Networking,12960,115.73,mac,707254bd1029
6220.0,47894,com.apple.WebKit.WebContent,45376,223.54,mac,707254bd1029
6220.0,47896,com.apple.WebKit.WebContent,133120,475.47,mac,707254bd1029
6220.0,47898,asr-worker,686112,79.58,mac,707254bd1029
6220.0,47903,llama-server,2056736,1924.87,mac,707254bd1029
6230.0,47879,meeting-translator,108336,599.66,mac,707254bd1029
6230.0,47892,com.apple.WebKit.GPU,40560,170.75,mac,707254bd1029
6230.0,47893,com.apple.WebKit.Networking,12960,115.94,mac,707254bd1029
6230.0,47894,com.apple.WebKit.WebContent,39984,223.91,mac,707254bd1029
6230.0,47896,com.apple.WebKit.WebContent,162864,476.43,mac,707254bd1029
6230.0,47898,asr-worker,686144,79.75,mac,707254bd1029
6230.0,47903,llama-server,2069808,1929.73,mac,707254bd1029
6240.0,47879,meeting-translator,106992,600.61,mac,707254bd1029
6240.0,47892,com.apple.WebKit.GPU,36656,171.05,mac,707254bd1029
6240.0,47893,com.apple.WebKit.Networking,12848,116.15,mac,707254bd1029
6240.0,47894,com.apple.WebKit.WebContent,39904,224.28,mac,707254bd1029
6240.0,47896,com.apple.WebKit.WebContent,113632,477.47,mac,707254bd1029
6240.0,47898,asr-worker,686128,79.91,mac,707254bd1029
6240.0,47903,llama-server,2068240,1934.51,mac,707254bd1029
6250.0,47879,meeting-translator,107248,601.57,mac,707254bd1029
6250.0,47892,com.apple.WebKit.GPU,36480,171.31,mac,707254bd1029
6250.0,47893,com.apple.WebKit.Networking,12944,116.34,mac,707254bd1029
6250.0,47894,com.apple.WebKit.WebContent,51040,224.67,mac,707254bd1029
6250.0,47896,com.apple.WebKit.WebContent,114432,478.44,mac,707254bd1029
6250.0,47898,asr-worker,686224,80.06,mac,707254bd1029
6250.0,47903,llama-server,2066896,1937.50,mac,707254bd1029
6260.0,47879,meeting-translator,108128,602.57,mac,707254bd1029
6260.0,47892,com.apple.WebKit.GPU,36816,171.57,mac,707254bd1029
6260.0,47893,com.apple.WebKit.Networking,12800,116.52,mac,707254bd1029
6260.0,47894,com.apple.WebKit.WebContent,51200,225.03,mac,707254bd1029
6260.0,47896,com.apple.WebKit.WebContent,114320,479.36,mac,707254bd1029
6260.0,47898,asr-worker,683552,80.17,mac,707254bd1029
6260.0,47903,llama-server,2065216,1939.83,mac,707254bd1029
6270.0,47879,meeting-translator,107088,603.53,mac,707254bd1029
6270.0,47892,com.apple.WebKit.GPU,40656,171.87,mac,707254bd1029
6270.0,47893,com.apple.WebKit.Networking,12576,116.72,mac,707254bd1029
6270.0,47894,com.apple.WebKit.WebContent,46000,225.40,mac,707254bd1029
6270.0,47896,com.apple.WebKit.WebContent,103008,480.40,mac,707254bd1029
6270.0,47898,asr-worker,685872,80.34,mac,707254bd1029
6270.0,47903,llama-server,2056288,1943.54,mac,707254bd1029
6280.0,47879,meeting-translator,106336,604.50,mac,707254bd1029
6280.0,47892,com.apple.WebKit.GPU,38992,172.17,mac,707254bd1029
6280.0,47893,com.apple.WebKit.Networking,12368,116.90,mac,707254bd1029
6280.0,47894,com.apple.WebKit.WebContent,44912,225.76,mac,707254bd1029
6280.0,47896,com.apple.WebKit.WebContent,151072,481.34,mac,707254bd1029
6280.0,47898,asr-worker,683280,80.49,mac,707254bd1029
6280.0,47903,llama-server,2051488,1946.65,mac,707254bd1029
6290.0,47879,meeting-translator,105216,605.45,mac,707254bd1029
6290.0,47892,com.apple.WebKit.GPU,40304,172.43,mac,707254bd1029
6290.0,47893,com.apple.WebKit.Networking,12608,117.08,mac,707254bd1029
6290.0,47894,com.apple.WebKit.WebContent,49888,226.13,mac,707254bd1029
6290.0,47896,com.apple.WebKit.WebContent,89408,482.27,mac,707254bd1029
6290.0,47898,asr-worker,681344,80.64,mac,707254bd1029
6290.0,47903,llama-server,2044544,1949.03,mac,707254bd1029
6300.0,47879,meeting-translator,105040,606.42,mac,707254bd1029
6300.0,47892,com.apple.WebKit.GPU,39424,172.72,mac,707254bd1029
6300.0,47893,com.apple.WebKit.Networking,12576,117.27,mac,707254bd1029
6300.0,47894,com.apple.WebKit.WebContent,38128,226.49,mac,707254bd1029
6300.0,47896,com.apple.WebKit.WebContent,143120,483.24,mac,707254bd1029
6300.0,47898,asr-worker,679008,80.80,mac,707254bd1029
6300.0,47903,llama-server,2024336,1952.33,mac,707254bd1029
6310.0,47879,meeting-translator,107616,607.38,mac,707254bd1029
6310.0,47892,com.apple.WebKit.GPU,39600,173.00,mac,707254bd1029
6310.0,47893,com.apple.WebKit.Networking,12384,117.46,mac,707254bd1029
6310.0,47894,com.apple.WebKit.WebContent,38624,226.85,mac,707254bd1029
6310.0,47896,com.apple.WebKit.WebContent,138032,484.23,mac,707254bd1029
6310.0,47898,asr-worker,681120,80.98,mac,707254bd1029
6310.0,47903,llama-server,2033600,1955.71,mac,707254bd1029
6320.0,47879,meeting-translator,108368,608.35,mac,707254bd1029
6320.0,47892,com.apple.WebKit.GPU,40000,173.27,mac,707254bd1029
6320.0,47893,com.apple.WebKit.Networking,12080,117.64,mac,707254bd1029
6320.0,47894,com.apple.WebKit.WebContent,42032,227.22,mac,707254bd1029
6320.0,47896,com.apple.WebKit.WebContent,130864,485.03,mac,707254bd1029
6320.0,47898,asr-worker,680880,81.08,mac,707254bd1029
6320.0,47903,llama-server,2037584,1958.12,mac,707254bd1029
6330.0,47879,meeting-translator,106656,609.32,mac,707254bd1029
6330.0,47892,com.apple.WebKit.GPU,36432,173.55,mac,707254bd1029
6330.0,47893,com.apple.WebKit.Networking,12576,117.84,mac,707254bd1029
6330.0,47894,com.apple.WebKit.WebContent,41920,227.57,mac,707254bd1029
6330.0,47896,com.apple.WebKit.WebContent,114240,485.97,mac,707254bd1029
6330.0,47898,asr-worker,682880,81.21,mac,707254bd1029
6330.0,47903,llama-server,2038144,1961.15,mac,707254bd1029
6340.0,47879,meeting-translator,106672,610.28,mac,707254bd1029
6340.0,47892,com.apple.WebKit.GPU,38864,173.83,mac,707254bd1029
6340.0,47893,com.apple.WebKit.Networking,12576,118.01,mac,707254bd1029
6340.0,47894,com.apple.WebKit.WebContent,42048,227.93,mac,707254bd1029
6340.0,47896,com.apple.WebKit.WebContent,116016,486.93,mac,707254bd1029
6340.0,47898,asr-worker,683104,81.36,mac,707254bd1029
6340.0,47903,llama-server,2034784,1963.77,mac,707254bd1029
6350.0,47879,meeting-translator,105840,611.25,mac,707254bd1029
6350.0,47892,com.apple.WebKit.GPU,37888,174.09,mac,707254bd1029
6350.0,47893,com.apple.WebKit.Networking,12432,118.19,mac,707254bd1029
6350.0,47894,com.apple.WebKit.WebContent,40352,228.28,mac,707254bd1029
6350.0,47896,com.apple.WebKit.WebContent,100240,487.78,mac,707254bd1029
6350.0,47898,asr-worker,684864,81.45,mac,707254bd1029
6350.0,47903,llama-server,2022944,1964.97,mac,707254bd1029
6360.0,47879,meeting-translator,103856,612.21,mac,707254bd1029
6360.0,47892,com.apple.WebKit.GPU,37904,174.38,mac,707254bd1029
6360.0,47893,com.apple.WebKit.Networking,12640,118.38,mac,707254bd1029
6360.0,47894,com.apple.WebKit.WebContent,35840,228.64,mac,707254bd1029
6360.0,47896,com.apple.WebKit.WebContent,112176,488.73,mac,707254bd1029
6360.0,47898,asr-worker,678704,81.60,mac,707254bd1029
6360.0,47903,llama-server,2032352,1968.50,mac,707254bd1029
6370.0,47879,meeting-translator,107152,613.14,mac,707254bd1029
6370.0,47892,com.apple.WebKit.GPU,39040,174.64,mac,707254bd1029
6370.0,47893,com.apple.WebKit.Networking,12784,118.56,mac,707254bd1029
6370.0,47894,com.apple.WebKit.WebContent,46592,229.01,mac,707254bd1029
6370.0,47896,com.apple.WebKit.WebContent,125184,489.63,mac,707254bd1029
6370.0,47898,asr-worker,676480,81.75,mac,707254bd1029
6370.0,47903,llama-server,2031536,1971.61,mac,707254bd1029
6380.0,47879,meeting-translator,108416,614.11,mac,707254bd1029
6380.0,47892,com.apple.WebKit.GPU,39584,174.92,mac,707254bd1029
6380.0,47893,com.apple.WebKit.Networking,12736,118.73,mac,707254bd1029
6380.0,47894,com.apple.WebKit.WebContent,46608,229.35,mac,707254bd1029
6380.0,47896,com.apple.WebKit.WebContent,125536,490.47,mac,707254bd1029
6380.0,47898,asr-worker,678496,81.89,mac,707254bd1029
6380.0,47903,llama-server,2029392,1973.88,mac,707254bd1029
6390.0,47879,meeting-translator,106944,615.10,mac,707254bd1029
6390.0,47892,com.apple.WebKit.GPU,39376,175.22,mac,707254bd1029
6390.0,47893,com.apple.WebKit.Networking,12544,118.93,mac,707254bd1029
6390.0,47894,com.apple.WebKit.WebContent,43520,229.72,mac,707254bd1029
6390.0,47896,com.apple.WebKit.WebContent,90944,491.45,mac,707254bd1029
6390.0,47898,asr-worker,678240,82.02,mac,707254bd1029
6390.0,47903,llama-server,2031024,1977.50,mac,707254bd1029
6400.0,47879,meeting-translator,111824,616.07,mac,707254bd1029
6400.0,47892,com.apple.WebKit.GPU,39216,175.48,mac,707254bd1029
6400.0,47893,com.apple.WebKit.Networking,12560,119.12,mac,707254bd1029
6400.0,47894,com.apple.WebKit.WebContent,38672,230.08,mac,707254bd1029
6400.0,47896,com.apple.WebKit.WebContent,93184,492.35,mac,707254bd1029
6400.0,47898,asr-worker,680320,82.12,mac,707254bd1029
6400.0,47903,llama-server,2031856,1979.91,mac,707254bd1029
6410.0,47879,meeting-translator,111504,617.02,mac,707254bd1029
6410.0,47892,com.apple.WebKit.GPU,38832,175.75,mac,707254bd1029
6410.0,47893,com.apple.WebKit.Networking,12528,119.30,mac,707254bd1029
6410.0,47894,com.apple.WebKit.WebContent,37200,230.42,mac,707254bd1029
6410.0,47896,com.apple.WebKit.WebContent,97760,493.26,mac,707254bd1029
6410.0,47898,asr-worker,678608,82.26,mac,707254bd1029
6410.0,47903,llama-server,2045904,1982.65,mac,707254bd1029
6420.0,47879,meeting-translator,110384,617.98,mac,707254bd1029
6420.0,47892,com.apple.WebKit.GPU,37760,176.01,mac,707254bd1029
6420.0,47893,com.apple.WebKit.Networking,12656,119.49,mac,707254bd1029
6420.0,47894,com.apple.WebKit.WebContent,37280,230.78,mac,707254bd1029
6420.0,47896,com.apple.WebKit.WebContent,84608,494.24,mac,707254bd1029
6420.0,47898,asr-worker,680800,82.44,mac,707254bd1029
6420.0,47903,llama-server,2048768,1985.66,mac,707254bd1029
6430.0,47879,meeting-translator,107632,618.96,mac,707254bd1029
6430.0,47892,com.apple.WebKit.GPU,38144,176.30,mac,707254bd1029
6430.0,47893,com.apple.WebKit.Networking,12640,119.67,mac,707254bd1029
6430.0,47894,com.apple.WebKit.WebContent,43904,231.17,mac,707254bd1029
6430.0,47896,com.apple.WebKit.WebContent,148368,495.20,mac,707254bd1029
6430.0,47898,asr-worker,682800,82.58,mac,707254bd1029
6430.0,47903,llama-server,2051040,1988.92,mac,707254bd1029
6440.0,47879,meeting-translator,107312,619.96,mac,707254bd1029
6440.0,47892,com.apple.WebKit.GPU,39152,176.57,mac,707254bd1029
6440.0,47893,com.apple.WebKit.Networking,12592,119.86,mac,707254bd1029
6440.0,47894,com.apple.WebKit.WebContent,45488,231.54,mac,707254bd1029
6440.0,47896,com.apple.WebKit.WebContent,141808,496.11,mac,707254bd1029
6440.0,47898,asr-worker,682768,82.70,mac,707254bd1029
6440.0,47903,llama-server,2055632,1991.74,mac,707254bd1029
6450.0,47879,meeting-translator,103280,620.89,mac,707254bd1029
6450.0,47892,com.apple.WebKit.GPU,36784,176.85,mac,707254bd1029
6450.0,47893,com.apple.WebKit.Networking,12576,120.05,mac,707254bd1029
6450.0,47894,com.apple.WebKit.WebContent,44208,231.89,mac,707254bd1029
6450.0,47896,com.apple.WebKit.WebContent,118016,497.02,mac,707254bd1029
6450.0,47898,asr-worker,680528,82.84,mac,707254bd1029
6450.0,47903,llama-server,2048864,1994.63,mac,707254bd1029
6460.0,47879,meeting-translator,107312,621.85,mac,707254bd1029
6460.0,47892,com.apple.WebKit.GPU,36272,177.13,mac,707254bd1029
6460.0,47893,com.apple.WebKit.Networking,12544,120.24,mac,707254bd1029
6460.0,47894,com.apple.WebKit.WebContent,43872,232.24,mac,707254bd1029
6460.0,47896,com.apple.WebKit.WebContent,108736,498.11,mac,707254bd1029
6460.0,47898,asr-worker,680160,82.98,mac,707254bd1029
6460.0,47903,llama-server,2039232,1998.35,mac,707254bd1029
6470.0,47879,meeting-translator,108944,622.82,mac,707254bd1029
6470.0,47892,com.apple.WebKit.GPU,35184,177.41,mac,707254bd1029
6470.0,47893,com.apple.WebKit.Networking,12560,120.43,mac,707254bd1029
6470.0,47894,com.apple.WebKit.WebContent,43760,232.60,mac,707254bd1029
6470.0,47896,com.apple.WebKit.WebContent,113392,499.05,mac,707254bd1029
6470.0,47898,asr-worker,676288,83.12,mac,707254bd1029
6470.0,47903,llama-server,2037408,2001.67,mac,707254bd1029
6480.0,47879,meeting-translator,108896,623.76,mac,707254bd1029
6480.0,47892,com.apple.WebKit.GPU,34320,177.69,mac,707254bd1029
6480.0,47893,com.apple.WebKit.Networking,11952,120.62,mac,707254bd1029
6480.0,47894,com.apple.WebKit.WebContent,36512,232.96,mac,707254bd1029
6480.0,47896,com.apple.WebKit.WebContent,114528,499.93,mac,707254bd1029
6480.0,47898,asr-worker,678480,83.24,mac,707254bd1029
6480.0,47903,llama-server,2043280,2004.59,mac,707254bd1029
6490.0,47879,meeting-translator,109056,624.74,mac,707254bd1029
6490.0,47892,com.apple.WebKit.GPU,37568,177.97,mac,707254bd1029
6490.0,47893,com.apple.WebKit.Networking,12768,120.82,mac,707254bd1029
6490.0,47894,com.apple.WebKit.WebContent,37312,233.33,mac,707254bd1029
6490.0,47896,com.apple.WebKit.WebContent,131536,500.91,mac,707254bd1029
6490.0,47898,asr-worker,681168,83.38,mac,707254bd1029
6490.0,47903,llama-server,2058352,2008.36,mac,707254bd1029
6500.0,47879,meeting-translator,109920,625.72,mac,707254bd1029
6500.0,47892,com.apple.WebKit.GPU,38416,178.24,mac,707254bd1029
6500.0,47893,com.apple.WebKit.Networking,12640,121.01,mac,707254bd1029
6500.0,47894,com.apple.WebKit.WebContent,45856,233.72,mac,707254bd1029
6500.0,47896,com.apple.WebKit.WebContent,132096,501.85,mac,707254bd1029
6500.0,47898,asr-worker,683296,83.52,mac,707254bd1029
6500.0,47903,llama-server,2067232,2011.30,mac,707254bd1029
6510.0,47879,meeting-translator,106320,626.68,mac,707254bd1029
6510.0,47892,com.apple.WebKit.GPU,36160,178.50,mac,707254bd1029
6510.0,47893,com.apple.WebKit.Networking,12624,121.18,mac,707254bd1029
6510.0,47894,com.apple.WebKit.WebContent,44688,234.07,mac,707254bd1029
6510.0,47896,com.apple.WebKit.WebContent,112160,502.66,mac,707254bd1029
6510.0,47898,asr-worker,683024,83.60,mac,707254bd1029
6510.0,47903,llama-server,2057504,2012.82,mac,707254bd1029
6520.0,47879,meeting-translator,102336,627.64,mac,707254bd1029
6520.0,47892,com.apple.WebKit.GPU,40096,178.79,mac,707254bd1029
6520.0,47893,com.apple.WebKit.Networking,12544,121.38,mac,707254bd1029
6520.0,47894,com.apple.WebKit.WebContent,43456,234.42,mac,707254bd1029
6520.0,47896,com.apple.WebKit.WebContent,87600,503.68,mac,707254bd1029
6520.0,47898,asr-worker,685344,83.73,mac,707254bd1029
6520.0,47903,llama-server,2047392,2016.00,mac,707254bd1029
6530.0,47879,meeting-translator,105008,628.61,mac,707254bd1029
6530.0,47892,com.apple.WebKit.GPU,36544,179.05,mac,707254bd1029
6530.0,47893,com.apple.WebKit.Networking,12704,121.56,mac,707254bd1029
6530.0,47894,com.apple.WebKit.WebContent,43280,234.77,mac,707254bd1029
6530.0,47896,com.apple.WebKit.WebContent,111872,504.50,mac,707254bd1029
6530.0,47898,asr-worker,685552,83.85,mac,707254bd1029
6530.0,47903,llama-server,2037120,2018.42,mac,707254bd1029
6540.0,47879,meeting-translator,105856,629.56,mac,707254bd1029
6540.0,47892,com.apple.WebKit.GPU,34816,179.31,mac,707254bd1029
6540.0,47893,com.apple.WebKit.Networking,12624,121.75,mac,707254bd1029
6540.0,47894,com.apple.WebKit.WebContent,35824,235.13,mac,707254bd1029
6540.0,47896,com.apple.WebKit.WebContent,108256,505.46,mac,707254bd1029
6540.0,47898,asr-worker,683216,84.01,mac,707254bd1029
6540.0,47903,llama-server,2032064,2021.94,mac,707254bd1029
6550.0,47879,meeting-translator,106416,630.55,mac,707254bd1029
6550.0,47892,com.apple.WebKit.GPU,35488,179.57,mac,707254bd1029
6550.0,47893,com.apple.WebKit.Networking,12656,121.93,mac,707254bd1029
6550.0,47894,com.apple.WebKit.WebContent,42736,235.51,mac,707254bd1029
6550.0,47896,com.apple.WebKit.WebContent,107840,506.38,mac,707254bd1029
6550.0,47898,asr-worker,683328,84.11,mac,707254bd1029
6550.0,47903,llama-server,2034544,2023.97,mac,707254bd1029
6560.0,47879,meeting-translator,106096,631.52,mac,707254bd1029
6560.0,47892,com.apple.WebKit.GPU,39712,179.87,mac,707254bd1029
6560.0,47893,com.apple.WebKit.Networking,12832,122.14,mac,707254bd1029
6560.0,47894,com.apple.WebKit.WebContent,43136,235.89,mac,707254bd1029
6560.0,47896,com.apple.WebKit.WebContent,160384,507.44,mac,707254bd1029
6560.0,47898,asr-worker,685904,84.28,mac,707254bd1029
6560.0,47903,llama-server,2043712,2028.58,mac,707254bd1029
6570.0,47879,meeting-translator,104592,632.49,mac,707254bd1029
6570.0,47892,com.apple.WebKit.GPU,35424,180.12,mac,707254bd1029
6570.0,47893,com.apple.WebKit.Networking,12736,122.32,mac,707254bd1029
6570.0,47894,com.apple.WebKit.WebContent,42656,236.25,mac,707254bd1029
6570.0,47896,com.apple.WebKit.WebContent,108816,508.31,mac,707254bd1029
6570.0,47898,asr-worker,683728,84.35,mac,707254bd1029
6570.0,47903,llama-server,2047888,2030.84,mac,707254bd1029
6580.0,47879,meeting-translator,106496,633.44,mac,707254bd1029
6580.0,47892,com.apple.WebKit.GPU,35760,180.38,mac,707254bd1029
6580.0,47893,com.apple.WebKit.Networking,12752,122.50,mac,707254bd1029
6580.0,47894,com.apple.WebKit.WebContent,42848,236.60,mac,707254bd1029
6580.0,47896,com.apple.WebKit.WebContent,112544,509.21,mac,707254bd1029
6580.0,47898,asr-worker,683200,84.47,mac,707254bd1029
6580.0,47903,llama-server,2051344,2033.78,mac,707254bd1029
6590.0,47879,meeting-translator,105904,634.40,mac,707254bd1029
6590.0,47892,com.apple.WebKit.GPU,35968,180.65,mac,707254bd1029
6590.0,47893,com.apple.WebKit.Networking,12704,122.69,mac,707254bd1029
6590.0,47894,com.apple.WebKit.WebContent,42576,236.95,mac,707254bd1029
6590.0,47896,com.apple.WebKit.WebContent,110128,510.13,mac,707254bd1029
6590.0,47898,asr-worker,683648,84.60,mac,707254bd1029
6590.0,47903,llama-server,2054896,2036.45,mac,707254bd1029
6600.0,47879,meeting-translator,104944,635.35,mac,707254bd1029
6600.0,47892,com.apple.WebKit.GPU,35328,180.92,mac,707254bd1029
6600.0,47893,com.apple.WebKit.Networking,12400,122.87,mac,707254bd1029
6600.0,47894,com.apple.WebKit.WebContent,42352,237.32,mac,707254bd1029
6600.0,47896,com.apple.WebKit.WebContent,97296,511.10,mac,707254bd1029
6600.0,47898,asr-worker,677232,84.70,mac,707254bd1029
6600.0,47903,llama-server,2044624,2039.19,mac,707254bd1029
6610.0,47879,meeting-translator,106656,636.32,mac,707254bd1029
6610.0,47892,com.apple.WebKit.GPU,35776,181.20,mac,707254bd1029
6610.0,47893,com.apple.WebKit.Networking,12464,123.07,mac,707254bd1029
6610.0,47894,com.apple.WebKit.WebContent,42784,237.68,mac,707254bd1029
6610.0,47896,com.apple.WebKit.WebContent,81936,512.16,mac,707254bd1029
6610.0,47898,asr-worker,683568,84.88,mac,707254bd1029
6610.0,47903,llama-server,2056960,2042.69,mac,707254bd1029
6620.0,47879,meeting-translator,106368,637.28,mac,707254bd1029
6620.0,47892,com.apple.WebKit.GPU,36848,181.46,mac,707254bd1029
6620.0,47893,com.apple.WebKit.Networking,12448,123.25,mac,707254bd1029
6620.0,47894,com.apple.WebKit.WebContent,44416,238.04,mac,707254bd1029
6620.0,47896,com.apple.WebKit.WebContent,80272,513.09,mac,707254bd1029
6620.0,47898,asr-worker,683328,84.98,mac,707254bd1029
6620.0,47903,llama-server,2062224,2045.24,mac,707254bd1029
6630.0,47879,meeting-translator,100192,638.23,mac,707254bd1029
6630.0,47892,com.apple.WebKit.GPU,40288,181.77,mac,707254bd1029
6630.0,47893,com.apple.WebKit.Networking,12496,123.45,mac,707254bd1029
6630.0,47894,com.apple.WebKit.WebContent,45024,238.41,mac,707254bd1029
6630.0,47896,com.apple.WebKit.WebContent,109408,514.13,mac,707254bd1029
6630.0,47898,asr-worker,683184,85.14,mac,707254bd1029
6630.0,47903,llama-server,2032944,2049.27,mac,707254bd1029
6640.0,47879,meeting-translator,101808,639.19,mac,707254bd1029
6640.0,47892,com.apple.WebKit.GPU,40112,182.06,mac,707254bd1029
6640.0,47893,com.apple.WebKit.Networking,12496,123.64,mac,707254bd1029
6640.0,47894,com.apple.WebKit.WebContent,39072,238.77,mac,707254bd1029
6640.0,47896,com.apple.WebKit.WebContent,140992,515.13,mac,707254bd1029
6640.0,47898,asr-worker,683184,85.25,mac,707254bd1029
6640.0,47903,llama-server,2053840,2052.33,mac,707254bd1029
6650.0,47879,meeting-translator,105328,640.15,mac,707254bd1029
6650.0,47892,com.apple.WebKit.GPU,39280,182.31,mac,707254bd1029
6650.0,47893,com.apple.WebKit.Networking,12640,123.81,mac,707254bd1029
6650.0,47894,com.apple.WebKit.WebContent,44944,239.14,mac,707254bd1029
6650.0,47896,com.apple.WebKit.WebContent,139872,515.98,mac,707254bd1029
6650.0,47898,asr-worker,680064,85.33,mac,707254bd1029
6650.0,47903,llama-server,2054080,2053.63,mac,707254bd1029
6660.0,47879,meeting-translator,105392,641.10,mac,707254bd1029
6660.0,47892,com.apple.WebKit.GPU,34080,182.58,mac,707254bd1029
6660.0,47893,com.apple.WebKit.Networking,12800,123.99,mac,707254bd1029
6660.0,47894,com.apple.WebKit.WebContent,41536,239.49,mac,707254bd1029
6660.0,47896,com.apple.WebKit.WebContent,84432,516.86,mac,707254bd1029
6660.0,47898,asr-worker,682848,85.44,mac,707254bd1029
6660.0,47903,llama-server,2029440,2056.31,mac,707254bd1029
6670.0,47879,meeting-translator,106720,642.07,mac,707254bd1029
6670.0,47892,com.apple.WebKit.GPU,34464,182.87,mac,707254bd1029
6670.0,47893,com.apple.WebKit.Networking,12592,124.19,mac,707254bd1029
6670.0,47894,com.apple.WebKit.WebContent,42208,239.85,mac,707254bd1029
6670.0,47896,com.apple.WebKit.WebContent,114224,517.83,mac,707254bd1029
6670.0,47898,asr-worker,685648,85.60,mac,707254bd1029
6670.0,47903,llama-server,2038400,2059.85,mac,707254bd1029
6680.0,47879,meeting-translator,106768,643.07,mac,707254bd1029
6680.0,47892,com.apple.WebKit.GPU,36080,183.12,mac,707254bd1029
6680.0,47893,com.apple.WebKit.Networking,12640,124.37,mac,707254bd1029
6680.0,47894,com.apple.WebKit.WebContent,44512,240.22,mac,707254bd1029
6680.0,47896,com.apple.WebKit.WebContent,89488,518.69,mac,707254bd1029
6680.0,47898,asr-worker,685408,85.67,mac,707254bd1029
6680.0,47903,llama-server,2038896,2061.27,mac,707254bd1029
6690.0,47879,meeting-translator,101088,644.04,mac,707254bd1029
6690.0,47892,com.apple.WebKit.GPU,35584,183.39,mac,707254bd1029
6690.0,47893,com.apple.WebKit.Networking,12672,124.57,mac,707254bd1029
6690.0,47894,com.apple.WebKit.WebContent,38000,240.58,mac,707254bd1029
6690.0,47896,com.apple.WebKit.WebContent,136288,519.67,mac,707254bd1029
6690.0,47898,asr-worker,687184,85.83,mac,707254bd1029
6690.0,47903,llama-server,2034640,2065.19,mac,707254bd1029
6700.0,47879,meeting-translator,104736,645.01,mac,707254bd1029
6700.0,47892,com.apple.WebKit.GPU,36064,183.67,mac,707254bd1029
6700.0,47893,com.apple.WebKit.Networking,12400,124.75,mac,707254bd1029
6700.0,47894,com.apple.WebKit.WebContent,38544,240.94,mac,707254bd1029
6700.0,47896,com.apple.WebKit.WebContent,89232,520.59,mac,707254bd1029
6700.0,47898,asr-worker,685696,85.98,mac,707254bd1029
6700.0,47903,llama-server,2042544,2068.19,mac,707254bd1029
6710.0,47879,meeting-translator,104944,645.99,mac,707254bd1029
6710.0,47892,com.apple.WebKit.GPU,35248,183.92,mac,707254bd1029
6710.0,47893,com.apple.WebKit.Networking,12320,124.93,mac,707254bd1029
6710.0,47894,com.apple.WebKit.WebContent,39696,241.28,mac,707254bd1029
6710.0,47896,com.apple.WebKit.WebContent,82096,521.58,mac,707254bd1029
6710.0,47898,asr-worker,683248,86.11,mac,707254bd1029
6710.0,47903,llama-server,2041920,2071.03,mac,707254bd1029
6720.0,47879,meeting-translator,106832,646.97,mac,707254bd1029
6720.0,47892,com.apple.WebKit.GPU,33552,184.17,mac,707254bd1029
6720.0,47893,com.apple.WebKit.Networking,12128,125.11,mac,707254bd1029
6720.0,47894,com.apple.WebKit.WebContent,42368,241.65,mac,707254bd1029
6720.0,47896,com.apple.WebKit.WebContent,127248,522.37,mac,707254bd1029
6720.0,47898,asr-worker,676592,86.21,mac,707254bd1029
6720.0,47903,llama-server,2034160,2073.30,mac,707254bd1029
6730.0,47879,meeting-translator,107296,647.93,mac,707254bd1029
6730.0,47892,com.apple.WebKit.GPU,33728,184.46,mac,707254bd1029
6730.0,47893,com.apple.WebKit.Networking,12352,125.30,mac,707254bd1029
6730.0,47894,com.apple.WebKit.WebContent,41760,242.02,mac,707254bd1029
6730.0,47896,com.apple.WebKit.WebContent,119712,523.36,mac,707254bd1029
6730.0,47898,asr-worker,678928,86.37,mac,707254bd1029
6730.0,47903,llama-server,2047760,2076.73,mac,707254bd1029
6740.0,47879,meeting-translator,107904,648.92,mac,707254bd1029
6740.0,47892,com.apple.WebKit.GPU,38752,184.73,mac,707254bd1029
6740.0,47893,com.apple.WebKit.Networking,12272,125.49,mac,707254bd1029
6740.0,47894,com.apple.WebKit.WebContent,43904,242.39,mac,707254bd1029
6740.0,47896,com.apple.WebKit.WebContent,122928,524.26,mac,707254bd1029
6740.0,47898,asr-worker,680480,86.48,mac,707254bd1029
6740.0,47903,llama-server,2054144,2079.28,mac,707254bd1029
6750.0,47879,meeting-translator,105584,649.88,mac,707254bd1029
6750.0,47892,com.apple.WebKit.GPU,38000,184.98,mac,707254bd1029
6750.0,47893,com.apple.WebKit.Networking,12528,125.67,mac,707254bd1029
6750.0,47894,com.apple.WebKit.WebContent,43376,242.75,mac,707254bd1029
6750.0,47896,com.apple.WebKit.WebContent,125776,525.08,mac,707254bd1029
6750.0,47898,asr-worker,683424,86.57,mac,707254bd1029
6750.0,47903,llama-server,2051520,2081.85,mac,707254bd1029
6760.0,47879,meeting-translator,105424,650.85,mac,707254bd1029
6760.0,47892,com.apple.WebKit.GPU,35440,185.25,mac,707254bd1029
6760.0,47893,com.apple.WebKit.Networking,12224,125.86,mac,707254bd1029
6760.0,47894,com.apple.WebKit.WebContent,43568,243.11,mac,707254bd1029
6760.0,47896,com.apple.WebKit.WebContent,110896,525.98,mac,707254bd1029
6760.0,47898,asr-worker,679472,86.68,mac,707254bd1029
6760.0,47903,llama-server,2052496,2084.35,mac,707254bd1029
6770.0,47879,meeting-translator,104080,651.79,mac,707254bd1029
6770.0,47892,com.apple.WebKit.GPU,39040,185.55,mac,707254bd1029
6770.0,47893,com.apple.WebKit.Networking,12624,126.06,mac,707254bd1029
6770.0,47894,com.apple.WebKit.WebContent,38144,243.48,mac,707254bd1029
6770.0,47896,com.apple.WebKit.WebContent,129120,527.01,mac,707254bd1029
6770.0,47898,asr-worker,683392,86.85,mac,707254bd1029
6770.0,47903,llama-server,2061232,2088.90,mac,707254bd1029
6780.0,47879,meeting-translator,104992,652.76,mac,707254bd1029
6780.0,47892,com.apple.WebKit.GPU,34592,185.83,mac,707254bd1029
6780.0,47893,com.apple.WebKit.Networking,12624,126.26,mac,707254bd1029
6780.0,47894,com.apple.WebKit.WebContent,42192,243.86,mac,707254bd1029
6780.0,47896,com.apple.WebKit.WebContent,95840,527.98,mac,707254bd1029
6780.0,47898,asr-worker,681232,86.99,mac,707254bd1029
6780.0,47903,llama-server,2047776,2092.50,mac,707254bd1029
6790.0,47879,meeting-translator,104384,653.74,mac,707254bd1029
6790.0,47892,com.apple.WebKit.GPU,33920,186.09,mac,707254bd1029
6790.0,47893,com.apple.WebKit.Networking,12016,126.45,mac,707254bd1029
6790.0,47894,com.apple.WebKit.WebContent,41904,244.23,mac,707254bd1029
6790.0,47896,com.apple.WebKit.WebContent,109888,528.90,mac,707254bd1029
6790.0,47898,asr-worker,676928,87.10,mac,707254bd1029
6790.0,47903,llama-server,2032272,2095.29,mac,707254bd1029
6800.0,47879,meeting-translator,106352,654.71,mac,707254bd1029
6800.0,47892,com.apple.WebKit.GPU,36416,186.38,mac,707254bd1029
6800.0,47893,com.apple.WebKit.Networking,12544,126.64,mac,707254bd1029
6800.0,47894,com.apple.WebKit.WebContent,44272,244.60,mac,707254bd1029
6800.0,47896,com.apple.WebKit.WebContent,83952,529.92,mac,707254bd1029
6800.0,47898,asr-worker,682768,87.25,mac,707254bd1029
6800.0,47903,llama-server,2049712,2098.39,mac,707254bd1029
6810.0,47879,meeting-translator,107056,655.67,mac,707254bd1029
6810.0,47892,com.apple.WebKit.GPU,36640,186.64,mac,707254bd1029
6810.0,47893,com.apple.WebKit.Networking,12432,126.82,mac,707254bd1029
6810.0,47894,com.apple.WebKit.WebContent,43952,244.95,mac,707254bd1029
6810.0,47896,com.apple.WebKit.WebContent,83264,530.91,mac,707254bd1029
6810.0,47898,asr-worker,683200,87.41,mac,707254bd1029
6810.0,47903,llama-server,2066432,2101.48,mac,707254bd1029
6820.0,47879,meeting-translator,106512,656.62,mac,707254bd1029
6820.0,47892,com.apple.WebKit.GPU,36624,186.89,mac,707254bd1029
6820.0,47893,com.apple.WebKit.Networking,12304,127.00,mac,707254bd1029
6820.0,47894,com.apple.WebKit.WebContent,44976,245.30,mac,707254bd1029
6820.0,47896,com.apple.WebKit.WebContent,82544,531.81,mac,707254bd1029
6820.0,47898,asr-worker,682960,87.49,mac,707254bd1029
6820.0,47903,llama-server,2062976,2103.67,mac,707254bd1029
6830.0,47879,meeting-translator,106464,657.58,mac,707254bd1029
6830.0,47892,com.apple.WebKit.GPU,36624,187.17,mac,707254bd1029
6830.0,47893,com.apple.WebKit.Networking,12592,127.19,mac,707254bd1029
6830.0,47894,com.apple.WebKit.WebContent,43856,245.67,mac,707254bd1029
6830.0,47896,com.apple.WebKit.WebContent,134976,532.74,mac,707254bd1029
6830.0,47898,asr-worker,685440,87.59,mac,707254bd1029
6830.0,47903,llama-server,2053248,2106.45,mac,707254bd1029
6840.0,47879,meeting-translator,103712,658.53,mac,707254bd1029
6840.0,47892,com.apple.WebKit.GPU,35968,187.43,mac,707254bd1029
6840.0,47893,com.apple.WebKit.Networking,12688,127.37,mac,707254bd1029
6840.0,47894,com.apple.WebKit.WebContent,36128,246.03,mac,707254bd1029
6840.0,47896,com.apple.WebKit.WebContent,109296,533.60,mac,707254bd1029
6840.0,47898,asr-worker,679664,87.65,mac,707254bd1029
6840.0,47903,llama-server,2041456,2109.01,mac,707254bd1029
6850.0,47879,meeting-translator,106752,659.50,mac,707254bd1029
6850.0,47892,com.apple.WebKit.GPU,36912,187.72,mac,707254bd1029
6850.0,47893,com.apple.WebKit.Networking,12672,127.57,mac,707254bd1029
6850.0,47894,com.apple.WebKit.WebContent,43088,246.41,mac,707254bd1029
6850.0,47896,com.apple.WebKit.WebContent,135712,534.57,mac,707254bd1029
6850.0,47898,asr-worker,683536,87.78,mac,707254bd1029
6850.0,47903,llama-server,2062864,2112.56,mac,707254bd1029
6860.0,47879,meeting-translator,106464,660.44,mac,707254bd1029
6860.0,47892,com.apple.WebKit.GPU,37728,188.00,mac,707254bd1029
6860.0,47893,com.apple.WebKit.Networking,12688,127.77,mac,707254bd1029
6860.0,47894,com.apple.WebKit.WebContent,44864,246.78,mac,707254bd1029
6860.0,47896,com.apple.WebKit.WebContent,135984,535.52,mac,707254bd1029
6860.0,47898,asr-worker,685712,87.96,mac,707254bd1029
6860.0,47903,llama-server,2068688,2116.33,mac,707254bd1029
6870.0,47879,meeting-translator,104912,661.37,mac,707254bd1029
6870.0,47892,com.apple.WebKit.GPU,35696,188.25,mac,707254bd1029
6870.0,47893,com.apple.WebKit.Networking,12592,127.94,mac,707254bd1029
6870.0,47894,com.apple.WebKit.WebContent,44704,247.12,mac,707254bd1029
6870.0,47896,com.apple.WebKit.WebContent,119808,536.32,mac,707254bd1029
6870.0,47898,asr-worker,681408,88.08,mac,707254bd1029
6870.0,47903,llama-server,2042800,2118.33,mac,707254bd1029
6880.0,47879,meeting-translator,105648,662.34,mac,707254bd1029
6880.0,47892,com.apple.WebKit.GPU,39200,188.52,mac,707254bd1029
6880.0,47893,com.apple.WebKit.Networking,12752,128.13,mac,707254bd1029
6880.0,47894,com.apple.WebKit.WebContent,44336,247.48,mac,707254bd1029
6880.0,47896,com.apple.WebKit.WebContent,117104,537.25,mac,707254bd1029
6880.0,47898,asr-worker,679216,88.20,mac,707254bd1029
6880.0,47903,llama-server,2052864,2120.77,mac,707254bd1029
6890.0,47879,meeting-translator,104688,663.32,mac,707254bd1029
6890.0,47892,com.apple.WebKit.GPU,39456,188.81,mac,707254bd1029
6890.0,47893,com.apple.WebKit.Networking,12640,128.33,mac,707254bd1029
6890.0,47894,com.apple.WebKit.WebContent,43232,247.84,mac,707254bd1029
6890.0,47896,com.apple.WebKit.WebContent,109552,538.22,mac,707254bd1029
6890.0,47898,asr-worker,685696,88.32,mac,707254bd1029
6890.0,47903,llama-server,2052976,2123.99,mac,707254bd1029
6900.0,47879,meeting-translator,103664,664.27,mac,707254bd1029
6900.0,47892,com.apple.WebKit.GPU,38368,189.08,mac,707254bd1029
6900.0,47893,com.apple.WebKit.Networking,12720,128.51,mac,707254bd1029
6900.0,47894,com.apple.WebKit.WebContent,44720,248.21,mac,707254bd1029
6900.0,47896,com.apple.WebKit.WebContent,109280,539.12,mac,707254bd1029
6900.0,47898,asr-worker,681792,88.44,mac,707254bd1029
6900.0,47903,llama-server,2033968,2126.58,mac,707254bd1029
6910.0,47879,meeting-translator,106688,665.24,mac,707254bd1029
6910.0,47892,com.apple.WebKit.GPU,36448,189.37,mac,707254bd1029
6910.0,47893,com.apple.WebKit.Networking,12816,128.71,mac,707254bd1029
6910.0,47894,com.apple.WebKit.WebContent,43680,248.59,mac,707254bd1029
6910.0,47896,com.apple.WebKit.WebContent,79856,540.24,mac,707254bd1029
6910.0,47898,asr-worker,683344,88.58,mac,707254bd1029
6910.0,47903,llama-server,2040976,2131.01,mac,707254bd1029
6920.0,47879,meeting-translator,107824,666.23,mac,707254bd1029
6920.0,47892,com.apple.WebKit.GPU,39936,189.65,mac,707254bd1029
6920.0,47893,com.apple.WebKit.Networking,12880,128.91,mac,707254bd1029
6920.0,47894,com.apple.WebKit.WebContent,45792,248.96,mac,707254bd1029
6920.0,47896,com.apple.WebKit.WebContent,154528,541.19,mac,707254bd1029
6920.0,47898,asr-worker,683136,88.69,mac,707254bd1029
6920.0,47903,llama-server,2050064,2134.39,mac,707254bd1029
6930.0,47879,meeting-translator,107504,667.18,mac,707254bd1029
6930.0,47892,com.apple.WebKit.GPU,38784,189.94,mac,707254bd1029
6930.0,47893,com.apple.WebKit.Networking,12752,129.10,mac,707254bd1029
6930.0,47894,com.apple.WebKit.WebContent,45408,249.33,mac,707254bd1029
6930.0,47896,com.apple.WebKit.WebContent,86208,542.18,mac,707254bd1029
6930.0,47898,asr-worker,683024,88.81,mac,707254bd1029
6930.0,47903,llama-server,2060192,2137.18,mac,707254bd1029
6940.0,47879,meeting-translator,106528,668.15,mac,707254bd1029
6940.0,47892,com.apple.WebKit.GPU,40640,190.24,mac,707254bd1029
6940.0,47893,com.apple.WebKit.Networking,12544,129.29,mac,707254bd1029
6940.0,47894,com.apple.WebKit.WebContent,44992,249.69,mac,707254bd1029
6940.0,47896,com.apple.WebKit.WebContent,126112,543.16,mac,707254bd1029
6940.0,47898,asr-worker,678048,88.95,mac,707254bd1029
6940.0,47903,llama-server,2058976,2140.27,mac,707254bd1029
6950.0,47879,meeting-translator,105872,669.12,mac,707254bd1029
6950.0,47892,com.apple.WebKit.GPU,39504,190.51,mac,707254bd1029
6950.0,47893,com.apple.WebKit.Networking,12544,129.48,mac,707254bd1029
6950.0,47894,com.apple.WebKit.WebContent,45296,250.05,mac,707254bd1029
6950.0,47896,com.apple.WebKit.WebContent,147008,544.09,mac,707254bd1029
6950.0,47898,asr-worker,683248,89.07,mac,707254bd1029
6950.0,47903,llama-server,2052352,2143.39,mac,707254bd1029
6960.0,47879,meeting-translator,102416,670.07,mac,707254bd1029
6960.0,47892,com.apple.WebKit.GPU,37216,190.82,mac,707254bd1029
6960.0,47893,com.apple.WebKit.Networking,12656,129.69,mac,707254bd1029
6960.0,47894,com.apple.WebKit.WebContent,36448,250.41,mac,707254bd1029
6960.0,47896,com.apple.WebKit.WebContent,129648,545.17,mac,707254bd1029
6960.0,47898,asr-worker,683248,89.25,mac,707254bd1029
6960.0,47903,llama-server,2041152,2148.05,mac,707254bd1029
6970.0,47879,meeting-translator,106160,671.03,mac,707254bd1029
6970.0,47892,com.apple.WebKit.GPU,37136,191.10,mac,707254bd1029
6970.0,47893,com.apple.WebKit.Networking,12304,129.88,mac,707254bd1029
6970.0,47894,com.apple.WebKit.WebContent,44160,250.79,mac,707254bd1029
6970.0,47896,com.apple.WebKit.WebContent,108832,546.09,mac,707254bd1029
6970.0,47898,asr-worker,683280,89.38,mac,707254bd1029
6970.0,47903,llama-server,2045840,2151.29,mac,707254bd1029
6980.0,47879,meeting-translator,107312,672.00,mac,707254bd1029
6980.0,47892,com.apple.WebKit.GPU,38096,191.36,mac,707254bd1029
6980.0,47893,com.apple.WebKit.Networking,12448,130.06,mac,707254bd1029
6980.0,47894,com.apple.WebKit.WebContent,46144,251.15,mac,707254bd1029
6980.0,47896,com.apple.WebKit.WebContent,126176,546.96,mac,707254bd1029
6980.0,47898,asr-worker,682832,89.49,mac,707254bd1029
6980.0,47903,llama-server,2051344,2153.58,mac,707254bd1029
6990.0,47879,meeting-translator,107856,672.96,mac,707254bd1029
6990.0,47892,com.apple.WebKit.GPU,39136,191.67,mac,707254bd1029
6990.0,47893,com.apple.WebKit.Networking,12608,130.30,mac,707254bd1029
6990.0,47894,com.apple.WebKit.WebContent,46400,251.54,mac,707254bd1029
6990.0,47896,com.apple.WebKit.WebContent,116416,548.22,mac,707254bd1029
6990.0,47898,asr-worker,679584,89.58,mac,707254bd1029
6990.0,47903,llama-server,2053840,2159.34,mac,707254bd1029
7000.0,47879,meeting-translator,104480,673.92,mac,707254bd1029
7000.0,47892,com.apple.WebKit.GPU,39824,191.94,mac,707254bd1029
7000.0,47893,com.apple.WebKit.Networking,12640,130.49,mac,707254bd1029
7000.0,47894,com.apple.WebKit.WebContent,44224,251.90,mac,707254bd1029
7000.0,47896,com.apple.WebKit.WebContent,88656,549.17,mac,707254bd1029
7000.0,47898,asr-worker,677728,89.69,mac,707254bd1029
7000.0,47903,llama-server,2056800,2161.90,mac,707254bd1029
7010.0,47879,meeting-translator,103296,674.88,mac,707254bd1029
7010.0,47892,com.apple.WebKit.GPU,38176,192.24,mac,707254bd1029
7010.0,47893,com.apple.WebKit.Networking,12192,130.69,mac,707254bd1029
7010.0,47894,com.apple.WebKit.WebContent,45024,252.26,mac,707254bd1029
7010.0,47896,com.apple.WebKit.WebContent,85520,550.23,mac,707254bd1029
7010.0,47898,asr-worker,681568,89.81,mac,707254bd1029
7010.0,47903,llama-server,2047584,2165.74,mac,707254bd1029
7020.0,47879,meeting-translator,103520,675.83,mac,707254bd1029
7020.0,47892,com.apple.WebKit.GPU,34288,192.51,mac,707254bd1029
7020.0,47893,com.apple.WebKit.Networking,12848,130.87,mac,707254bd1029
7020.0,47894,com.apple.WebKit.WebContent,36512,252.62,mac,707254bd1029
7020.0,47896,com.apple.WebKit.WebContent,81616,551.22,mac,707254bd1029
7020.0,47898,asr-worker,683552,89.94,mac,707254bd1029
7020.0,47903,llama-server,2033408,2168.87,mac,707254bd1029
7030.0,47879,meeting-translator,106832,676.83,mac,707254bd1029
7030.0,47892,com.apple.WebKit.GPU,36720,192.76,mac,707254bd1029
7030.0,47893,com.apple.WebKit.Networking,12736,131.05,mac,707254bd1029
7030.0,47894,com.apple.WebKit.WebContent,43616,253.00,mac,707254bd1029
7030.0,47896,com.apple.WebKit.WebContent,117568,552.08,mac,707254bd1029
7030.0,47898,asr-worker,679312,90.04,mac,707254bd1029
7030.0,47903,llama-server,2036080,2170.90,mac,707254bd1029
7040.0,47879,meeting-translator,107920,677.83,mac,707254bd1029
7040.0,47892,com.apple.WebKit.GPU,38096,193.01,mac,707254bd1029
7040.0,47893,com.apple.WebKit.Networking,12640,131.22,mac,707254bd1029
7040.0,47894,com.apple.WebKit.WebContent,45536,253.37,mac,707254bd1029
7040.0,47896,com.apple.WebKit.WebContent,120256,552.91,mac,707254bd1029
7040.0,47898,asr-worker,685696,90.13,mac,707254bd1029
7040.0,47903,llama-server,2049040,2172.31,mac,707254bd1029
7050.0,47879,meeting-translator,106672,678.78,mac,707254bd1029
7050.0,47892,com.apple.WebKit.GPU,39632,193.30,mac,707254bd1029
7050.0,47893,com.apple.WebKit.Networking,12608,131.44,mac,707254bd1029
7050.0,47894,com.apple.WebKit.WebContent,45536,253.75,mac,707254bd1029
7050.0,47896,com.apple.WebKit.WebContent,116192,553.97,mac,707254bd1029
7050.0,47898,asr-worker,688256,90.26,mac,707254bd1029
7050.0,47903,llama-server,2063440,2176.86,mac,707254bd1029
7060.0,47879,meeting-translator,104240,679.75,mac,707254bd1029
7060.0,47892,com.apple.WebKit.GPU,39648,193.55,mac,707254bd1029
7060.0,47893,com.apple.WebKit.Networking,12480,131.62,mac,707254bd1029
7060.0,47894,com.apple.WebKit.WebContent,44256,254.10,mac,707254bd1029
7060.0,47896,com.apple.WebKit.WebContent,98448,554.87,mac,707254bd1029
7060.0,47898,asr-worker,685936,90.36,mac,707254bd1029
7060.0,47903,llama-server,2057088,2179.11,mac,707254bd1029
7070.0,47879,meeting-translator,107344,680.73,mac,707254bd1029
7070.0,47892,com.apple.WebKit.GPU,40000,193.81,mac,707254bd1029
7070.0,47893,com.apple.WebKit.Networking,12608,131.79,mac,707254bd1029
7070.0,47894,com.apple.WebKit.WebContent,44448,254.46,mac,707254bd1029
7070.0,47896,com.apple.WebKit.WebContent,86864,555.80,mac,707254bd1029
7070.0,47898,asr-worker,688336,90.48,mac,707254bd1029
7070.0,47903,llama-server,2061680,2181.18,mac,707254bd1029
7080.0,47879,meeting-translator,104400,681.72,mac,707254bd1029
7080.0,47892,com.apple.WebKit.GPU,36592,194.09,mac,707254bd1029
7080.0,47893,com.apple.WebKit.Networking,12736,131.97,mac,707254bd1029
7080.0,47894,com.apple.WebKit.WebContent,36192,254.81,mac,707254bd1029
7080.0,47896,com.apple.WebKit.WebContent,98080,556.69,mac,707254bd1029
7080.0,47898,asr-worker,683168,90.61,mac,707254bd1029
7080.0,47903,llama-server,2037904,2183.57,mac,707254bd1029
7090.0,47879,meeting-translator,109440,682.70,mac,707254bd1029
7090.0,47892,com.apple.WebKit.GPU,42256,194.42,mac,707254bd1029
7090.0,47893,com.apple.WebKit.Networking,12544,132.14,mac,707254bd1029
7090.0,47894,com.apple.WebKit.WebContent,40704,255.19,mac,707254bd1029
7090.0,47896,com.apple.WebKit.WebContent,100640,557.51,mac,707254bd1029
7090.0,47898,asr-worker,681152,90.69,mac,707254bd1029
7090.0,47903,llama-server,2039312,2185.13,mac,707254bd1029
7100.0,47879,meeting-translator,111488,683.70,mac,707254bd1029
7100.0,47892,com.apple.WebKit.GPU,42368,194.70,mac,707254bd1029
7100.0,47893,com.apple.WebKit.Networking,12640,132.33,mac,707254bd1029
7100.0,47894,com.apple.WebKit.WebContent,47008,255.58,mac,707254bd1029
7100.0,47896,com.apple.WebKit.WebContent,127952,558.39,mac,707254bd1029
7100.0,47898,asr-worker,683840,90.83,mac,707254bd1029
7100.0,47903,llama-server,2046272,2188.30,mac,707254bd1029
7110.0,47879,meeting-translator,110272,684.65,mac,707254bd1029
7110.0,47892,com.apple.WebKit.GPU,41952,194.98,mac,707254bd1029
7110.0,47893,com.apple.WebKit.Networking,12464,132.51,mac,707254bd1029
7110.0,47894,com.apple.WebKit.WebContent,45744,255.93,mac,707254bd1029
7110.0,47896,com.apple.WebKit.WebContent,141792,559.29,mac,707254bd1029
7110.0,47898,asr-worker,681408,90.98,mac,707254bd1029
7110.0,47903,llama-server,2028512,2191.35,mac,707254bd1029
7120.0,47879,meeting-translator,108832,685.62,mac,707254bd1029
7120.0,47892,com.apple.WebKit.GPU,43104,195.25,mac,707254bd1029
7120.0,47893,com.apple.WebKit.Networking,12400,132.69,mac,707254bd1029
7120.0,47894,com.apple.WebKit.WebContent,45760,256.28,mac,707254bd1029
7120.0,47896,com.apple.WebKit.WebContent,113088,560.21,mac,707254bd1029
7120.0,47898,asr-worker,683376,91.09,mac,707254bd1029
7120.0,47903,llama-server,2028336,2193.52,mac,707254bd1029
7130.0,47879,meeting-translator,106176,686.59,mac,707254bd1029
7130.0,47892,com.apple.WebKit.GPU,39440,195.54,mac,707254bd1029
7130.0,47893,com.apple.WebKit.Networking,12480,132.89,mac,707254bd1029
7130.0,47894,com.apple.WebKit.WebContent,45968,256.64,mac,707254bd1029
7130.0,47896,com.apple.WebKit.WebContent,129760,561.21,mac,707254bd1029
7130.0,47898,asr-worker,683584,91.27,mac,707254bd1029
7130.0,47903,llama-server,2042928,2197.45,mac,707254bd1029
7140.0,47879,meeting-translator,106832,687.56,mac,707254bd1029
7140.0,47892,com.apple.WebKit.GPU,36080,195.81,mac,707254bd1029
7140.0,47893,com.apple.WebKit.Networking,12496,133.08,mac,707254bd1029
7140.0,47894,com.apple.WebKit.WebContent,36272,256.99,mac,707254bd1029
7140.0,47896,com.apple.WebKit.WebContent,103408,562.15,mac,707254bd1029
7140.0,47898,asr-worker,681312,91.39,mac,707254bd1029
7140.0,47903,llama-server,2033488,2199.98,mac,707254bd1029
7150.0,47879,meeting-translator,107504,688.53,mac,707254bd1029
7150.0,47892,com.apple.WebKit.GPU,36512,196.08,mac,707254bd1029
7150.0,47893,com.apple.WebKit.Networking,12608,133.26,mac,707254bd1029
7150.0,47894,com.apple.WebKit.WebContent,37360,257.35,mac,707254bd1029
7150.0,47896,com.apple.WebKit.WebContent,113936,563.02,mac,707254bd1029
7150.0,47898,asr-worker,681456,91.52,mac,707254bd1029
7150.0,47903,llama-server,2044064,2202.62,mac,707254bd1029
7160.0,47879,meeting-translator,107760,689.51,mac,707254bd1029
7160.0,47892,com.apple.WebKit.GPU,36784,196.36,mac,707254bd1029
7160.0,47893,com.apple.WebKit.Networking,12832,133.44,mac,707254bd1029
7160.0,47894,com.apple.WebKit.WebContent,41152,257.72,mac,707254bd1029
7160.0,47896,com.apple.WebKit.WebContent,137024,563.92,mac,707254bd1029
7160.0,47898,asr-worker,683280,91.65,mac,707254bd1029
7160.0,47903,llama-server,2053248,2205.32,mac,707254bd1029
7170.0,47879,meeting-translator,108224,690.45,mac,707254bd1029
7170.0,47892,com.apple.WebKit.GPU,35616,196.63,mac,707254bd1029
7170.0,47893,com.apple.WebKit.Networking,12816,133.62,mac,707254bd1029
7170.0,47894,com.apple.WebKit.WebContent,42160,258.08,mac,707254bd1029
7170.0,47896,com.apple.WebKit.WebContent,116896,564.85,mac,707254bd1029
7170.0,47898,asr-worker,685808,91.76,mac,707254bd1029
7170.0,47903,llama-server,2043296,2207.74,mac,707254bd1029
7180.0,47879,meeting-translator,108000,691.43,mac,707254bd1029
7180.0,47892,com.apple.WebKit.GPU,36240,196.90,mac,707254bd1029
7180.0,47893,com.apple.WebKit.Networking,12752,133.80,mac,707254bd1029
7180.0,47894,com.apple.WebKit.WebContent,45488,258.46,mac,707254bd1029
7180.0,47896,com.apple.WebKit.WebContent,81328,565.83,mac,707254bd1029
7180.0,47898,asr-worker,684032,91.91,mac,707254bd1029
7180.0,47903,llama-server,2053968,2210.43,mac,707254bd1029
7190.0,47879,meeting-translator,108624,692.39,mac,707254bd1029
7190.0,47892,com.apple.WebKit.GPU,40480,197.15,mac,707254bd1029
7190.0,47893,com.apple.WebKit.Networking,12864,133.98,mac,707254bd1029
7190.0,47894,com.apple.WebKit.WebContent,45248,258.82,mac,707254bd1029
7190.0,47896,com.apple.WebKit.WebContent,135584,566.66,mac,707254bd1029
7190.0,47898,asr-worker,686304,91.96,mac,707254bd1029
7190.0,47903,llama-server,2054608,2212.43,mac,707254bd1029
7200.0,47879,meeting-translator,104432,693.36,mac,707254bd1029
7200.0,47892,com.apple.WebKit.GPU,36432,197.41,mac,707254bd1029
7200.0,47893,com.apple.WebKit.Networking,12640,134.17,mac,707254bd1029
7200.0,47894,com.apple.WebKit.WebContent,43872,259.18,mac,707254bd1029
7200.0,47896,com.apple.WebKit.WebContent,105984,567.56,mac,707254bd1029
7200.0,47898,asr-worker,684176,92.11,mac,707254bd1029
7200.0,47903,llama-server,2047984,2215.41,mac,707254bd1029
7210.0,47879,meeting-translator,107232,694.36,mac,707254bd1029
7210.0,47892,com.apple.WebKit.GPU,36560,197.68,mac,707254bd1029
7210.0,47893,com.apple.WebKit.Networking,12816,134.36,mac,707254bd1029
7210.0,47894,com.apple.WebKit.WebContent,44416,259.54,mac,707254bd1029
7210.0,47896,com.apple.WebKit.WebContent,107008,568.55,mac,707254bd1029
7210.0,47898,asr-worker,688496,92.23,mac,707254bd1029
7210.0,47903,llama-server,2056224,2218.59,mac,707254bd1029
7220.0,47879,meeting-translator,108064,695.33,mac,707254bd1029
7220.0,47892,com.apple.WebKit.GPU,37488,197.95,mac,707254bd1029
7220.0,47893,com.apple.WebKit.Networking,12816,134.55,mac,707254bd1029
7220.0,47894,com.apple.WebKit.WebContent,45104,259.90,mac,707254bd1029
7220.0,47896,com.apple.WebKit.WebContent,106912,569.51,mac,707254bd1029
7220.0,47898,asr-worker,688352,92.35,mac,707254bd1029
7220.0,47903,llama-server,2059024,2221.33,mac,707254bd1029
7230.0,47879,meeting-translator,108224,696.30,mac,707254bd1029
7230.0,47892,com.apple.WebKit.GPU,40480,198.23,mac,707254bd1029
7230.0,47893,com.apple.WebKit.Networking,12608,134.75,mac,707254bd1029
7230.0,47894,com.apple.WebKit.WebContent,45440,260.28,mac,707254bd1029
7230.0,47896,com.apple.WebKit.WebContent,136256,570.53,mac,707254bd1029
7230.0,47898,asr-worker,688400,92.48,mac,707254bd1029
7230.0,47903,llama-server,2065232,2225.05,mac,707254bd1029
7240.0,47879,meeting-translator,107056,697.27,mac,707254bd1029
7240.0,47892,com.apple.WebKit.GPU,41008,198.50,mac,707254bd1029
7240.0,47893,com.apple.WebKit.Networking,12704,134.93,mac,707254bd1029
7240.0,47894,com.apple.WebKit.WebContent,44320,260.65,mac,707254bd1029
7240.0,47896,com.apple.WebKit.WebContent,133600,571.51,mac,707254bd1029
7240.0,47898,asr-worker,688736,92.56,mac,707254bd1029
7240.0,47903,llama-server,2070736,2227.88,mac,707254bd1029
7250.0,47879,meeting-translator,107360,698.25,mac,707254bd1029
7250.0,47892,com.apple.WebKit.GPU,40864,198.78,mac,707254bd1029
7250.0,47893,com.apple.WebKit.Networking,12704,135.12,mac,707254bd1029
7250.0,47894,com.apple.WebKit.WebContent,41008,261.01,mac,707254bd1029
7250.0,47896,com.apple.WebKit.WebContent,133792,572.53,mac,707254bd1029
7250.0,47898,asr-worker,690912,92.69,mac,707254bd1029
7250.0,47903,llama-server,2077072,2230.85,mac,707254bd1029
7260.0,47879,meeting-translator,107312,699.19,mac,707254bd1029
7260.0,47892,com.apple.WebKit.GPU,35088,199.03,mac,707254bd1029
7260.0,47893,com.apple.WebKit.Networking,12432,135.29,mac,707254bd1029
7260.0,47894,com.apple.WebKit.WebContent,40368,261.36,mac,707254bd1029
7260.0,47896,com.apple.WebKit.WebContent,78032,573.42,mac,707254bd1029
7260.0,47898,asr-worker,690096,92.78,mac,707254bd1029
7260.0,47903,llama-server,2053648,2233.06,mac,707254bd1029
7270.0,47879,meeting-translator,106448,700.17,mac,707254bd1029
7270.0,47892,com.apple.WebKit.GPU,34768,199.31,mac,707254bd1029
7270.0,47893,com.apple.WebKit.Networking,12512,135.48,mac,707254bd1029
7270.0,47894,com.apple.WebKit.WebContent,40944,261.72,mac,707254bd1029
7270.0,47896,com.apple.WebKit.WebContent,79024,574.36,mac,707254bd1029
7270.0,47898,asr-worker,687952,92.90,mac,707254bd1029
7270.0,47903,llama-server,2054400,2235.52,mac,707254bd1029
7280.0,47879,meeting-translator,105456,701.15,mac,707254bd1029
7280.0,47892,com.apple.WebKit.GPU,39536,199.60,mac,707254bd1029
7280.0,47893,com.apple.WebKit.Networking,12576,135.68,mac,707254bd1029
7280.0,47894,com.apple.WebKit.WebContent,44880,262.11,mac,707254bd1029
7280.0,47896,com.apple.WebKit.WebContent,121888,575.36,mac,707254bd1029
7280.0,47898,asr-worker,687808,93.02,mac,707254bd1029
7280.0,47903,llama-server,2063184,2239.18,mac,707254bd1029
7290.0,47879,meeting-translator,107296,702.12,mac,707254bd1029
7290.0,47892,com.apple.WebKit.GPU,35616,199.89,mac,707254bd1029
7290.0,47893,com.apple.WebKit.Networking,12576,135.88,mac,707254bd1029
7290.0,47894,com.apple.WebKit.WebContent,44384,262.48,mac,707254bd1029
7290.0,47896,com.apple.WebKit.WebContent,82800,576.41,mac,707254bd1029
7290.0,47898,asr-worker,685728,93.15,mac,707254bd1029
7290.0,47903,llama-server,2062848,2242.64,mac,707254bd1029
7300.0,47879,meeting-translator,106464,703.08,mac,707254bd1029
7300.0,47892,com.apple.WebKit.GPU,36256,200.16,mac,707254bd1029
7300.0,47893,com.apple.WebKit.Networking,12528,136.06,mac,707254bd1029
7300.0,47894,com.apple.WebKit.WebContent,43568,262.85,mac,707254bd1029
7300.0,47896,com.apple.WebKit.WebContent,117120,577.31,mac,707254bd1029
7300.0,47898,asr-worker,683552,93.26,mac,707254bd1029
7300.0,47903,llama-server,2059920,2245.26,mac,707254bd1029
7310.0,47879,meeting-translator,106208,704.06,mac,707254bd1029
7310.0,47892,com.apple.WebKit.GPU,35328,200.42,mac,707254bd1029
7310.0,47893,com.apple.WebKit.Networking,12656,136.24,mac,707254bd1029
7310.0,47894,com.apple.WebKit.WebContent,44080,263.21,mac,707254bd1029
7310.0,47896,com.apple.WebKit.WebContent,116112,578.26,mac,707254bd1029
7310.0,47898,asr-worker,685744,93.43,mac,707254bd1029
7310.0,47903,llama-server,2051744,2247.47,mac,707254bd1029
7320.0,47879,meeting-translator,103296,705.03,mac,707254bd1029
7320.0,47892,com.apple.WebKit.GPU,39872,200.72,mac,707254bd1029
7320.0,47893,com.apple.WebKit.Networking,12656,136.45,mac,707254bd1029
7320.0,47894,com.apple.WebKit.WebContent,40304,263.58,mac,707254bd1029
7320.0,47896,com.apple.WebKit.WebContent,78656,579.37,mac,707254bd1029
7320.0,47898,asr-worker,685312,93.56,mac,707254bd1029
7320.0,47903,llama-server,2051280,2251.90,mac,707254bd1029
